source,line,split
train,127,fit
train,576,fit
train,709,validation
train,922,fit
train,981,validation
train,1327,fit
train,1472,fit
train,2089,fit
train,3003,validation
train,3137,validation
train,3292,fit
train,3403,fit
train,3521,fit
train,3642,fit
train,3672,fit
train,4185,fit
train,4392,validation
train,4425,fit
train,4489,validation
train,4605,validation
train,4660,fit
train,4711,validation
train,4978,fit
train,5085,fit
train,5133,fit
train,5154,fit
train,5517,fit
train,5723,fit
train,5777,fit
train,5779,validation
train,5801,fit
train,5843,fit
train,5954,fit
train,5982,fit
train,5987,fit
train,6331,validation
train,6400,fit
train,6570,fit
train,6588,fit
train,6633,fit
train,6680,fit
train,6861,fit
train,7103,fit
train,7108,fit
train,7359,fit
train,7664,fit
train,8071,fit
train,8324,fit
train,8569,fit
train,8589,fit
train,8735,fit
train,8762,fit
train,8772,fit
train,9297,fit
train,9570,fit
train,9712,fit
train,10090,fit
train,10284,fit
train,10671,fit
train,10829,fit
train,11037,validation
train,11132,fit
train,11568,fit
train,11600,validation
train,11892,fit
train,12231,validation
train,12565,fit
train,12849,fit
train,12861,fit
train,13035,fit
train,13093,fit
train,13469,fit
train,13538,fit
train,13699,fit
train,13773,fit
train,13920,fit
train,15154,fit
train,15284,fit
train,15431,fit
train,16038,fit
train,16087,validation
train,16169,fit
train,16194,fit
train,16199,validation
train,16597,fit
train,16602,fit
train,16690,fit
train,17066,fit
train,17128,fit
train,17135,validation
train,17234,fit
train,17285,fit
train,17313,fit
train,17416,fit
train,17449,fit
train,17584,fit
train,17698,validation
train,17850,fit
train,17929,fit
train,18043,validation
train,18237,validation
train,18376,validation
train,18585,fit
train,18598,fit
train,18707,fit
train,18881,fit
train,18933,fit
train,19284,fit
train,19801,fit
train,19821,validation
train,19834,fit
train,19930,fit
train,19996,fit
train,20263,validation
train,20488,fit
train,20513,fit
train,20514,validation
train,20674,fit
train,21673,fit
train,21703,fit
train,21887,fit
train,22061,fit
train,22105,fit
train,22176,fit
train,22201,fit
train,22531,fit
train,22850,fit
train,22986,fit
train,23394,fit
train,23841,fit
train,24090,fit
train,24149,fit
train,24281,validation
train,24330,fit
train,24363,fit
train,25118,fit
train,25194,fit
train,25264,fit
train,25757,fit
train,25920,validation
train,25957,validation
train,26002,validation
train,26074,fit
train,26261,fit
train,26479,validation
train,26485,fit
train,26487,fit
train,26644,validation
train,26740,fit
train,27060,fit
train,27506,validation
train,27619,fit
train,27636,fit
train,27911,validation
train,27921,fit
train,28174,fit
train,28288,fit
train,28294,validation
train,28643,fit
train,28768,validation
train,29014,fit
train,29110,fit
train,29386,fit
train,29491,fit
train,29599,fit
train,29614,fit
train,29870,validation
train,29872,validation
train,29969,fit
train,30271,fit
train,30398,fit
train,30450,fit
train,31128,fit
train,31234,fit
train,31482,validation
train,31549,fit
train,31719,fit
train,31881,fit
train,31928,fit
train,32092,fit
train,32113,fit
train,32176,fit
train,32185,fit
train,32197,fit
train,32234,fit
train,32650,fit
train,32749,validation
train,32757,validation
train,33007,fit
train,33251,fit
train,33354,fit
train,33685,validation
train,33718,fit
train,33828,validation
train,33891,fit
train,33908,validation
train,33984,fit
train,34041,fit
train,34179,fit
train,34237,fit
train,34436,fit
train,34470,fit
train,34530,validation
train,34615,fit
train,34640,fit
train,34960,fit
train,35024,fit
train,35069,fit
train,35489,fit
train,35983,fit
train,36023,fit
train,36183,validation
train,36693,fit
train,36791,fit
train,36812,fit
train,36893,fit
train,36944,fit
train,37417,fit
train,37657,validation
train,37783,fit
train,38069,fit
train,38340,validation
train,38380,fit
train,38444,fit
train,38638,fit
train,38772,validation
train,38831,fit
train,39043,fit
train,39090,fit
train,39317,fit
train,39710,fit
train,39740,fit
train,39819,fit
train,40074,fit
train,40355,fit
train,40709,validation
train,40886,validation
train,41048,fit
train,41077,validation
train,41080,fit
train,41385,fit
train,41388,fit
train,41512,fit
train,41594,validation
train,41631,fit
train,41679,fit
train,41708,fit
train,41817,fit
train,41929,fit
train,42129,fit
train,42272,fit
train,42336,fit
train,42521,fit
train,42936,fit
train,43286,fit
train,43304,fit
train,43336,fit
train,43773,fit
train,43858,validation
train,44020,fit
train,44080,validation
train,44424,fit
train,44715,fit
train,44893,fit
train,45189,fit
train,45286,validation
train,45339,fit
train,45376,fit
train,45602,fit
train,45803,fit
train,45815,fit
train,45989,fit
train,46198,validation
train,46292,fit
train,46326,fit
train,46453,fit
train,47283,fit
train,47474,fit
train,47540,validation
train,47723,fit
train,48131,fit
train,48213,fit
train,48479,validation
train,48522,fit
train,48617,fit
train,48860,validation
train,49154,fit
train,49344,fit
train,49376,fit
train,50198,fit
train,50382,fit
train,50511,fit
train,50518,fit
train,50608,fit
train,51015,fit
train,51404,fit
train,51548,fit
train,51571,validation
train,51986,fit
train,52062,validation
train,52090,fit
train,52272,validation
train,52279,validation
train,52405,fit
train,52901,fit
train,53095,fit
train,53125,fit
train,53448,validation
train,53567,fit
train,53610,fit
train,54048,fit
train,54173,fit
train,54276,fit
train,54567,fit
train,55143,fit
train,55518,fit
train,56128,fit
train,56191,fit
train,56283,validation
train,56387,fit
train,56413,validation
train,56535,fit
train,56853,fit
train,56900,fit
train,56976,fit
train,57031,validation
train,57192,fit
train,57299,fit
train,57436,fit
train,57469,fit
train,57478,fit
train,57741,fit
train,57884,validation
train,58151,fit
train,58450,fit
train,58478,fit
train,58598,fit
train,58757,validation
train,58771,fit
train,59060,fit
train,59066,fit
train,59129,fit
train,59151,fit
train,59527,fit
train,59642,fit
train,59703,fit
train,59829,fit
train,59877,fit
train,60137,fit
train,60208,fit
train,60323,fit
train,60415,fit
train,60449,validation
train,60592,fit
train,60800,validation
train,60886,fit
train,60928,fit
train,60993,fit
train,61116,fit
train,61177,fit
train,61501,fit
train,62131,fit
train,62184,fit
train,62996,fit
train,63094,fit
train,63124,fit
train,63220,fit
train,63332,fit
train,63342,fit
train,63791,fit
train,63835,fit
train,63920,fit
train,64126,fit
train,64467,fit
train,64794,fit
train,65450,fit
train,65587,fit
train,65603,fit
train,65606,fit
train,65946,fit
train,66090,fit
train,66526,fit
train,66529,fit
train,66536,fit
train,66537,fit
train,66653,fit
train,66789,fit
train,67016,fit
train,67022,fit
train,67285,fit
train,67985,fit
train,68005,fit
train,68012,fit
train,68080,validation
train,68123,fit
train,68141,fit
train,68245,validation
train,68260,fit
train,68262,fit
train,68409,fit
train,68534,fit
train,69192,fit
train,69315,fit
train,69957,validation
train,70167,validation
train,70350,fit
train,70480,fit
train,70682,fit
train,72036,fit
train,72095,fit
train,72235,fit
train,72313,fit
train,72534,fit
train,72639,fit
train,72772,fit
train,72839,fit
train,72941,fit
train,73106,fit
train,73196,fit
train,73426,validation
train,73615,fit
train,73882,fit
train,73915,fit
train,74088,fit
train,74225,fit
train,74341,fit
train,74350,fit
train,74446,validation
train,74471,fit
train,74643,fit
train,74933,fit
train,75130,fit
train,75189,fit
train,75422,validation
train,75488,fit
train,75694,validation
train,75706,fit
train,75724,fit
train,75753,fit
train,75818,validation
train,75846,validation
train,75989,fit
train,76527,validation
train,76655,validation
train,76662,fit
train,76757,fit
train,76804,fit
train,76817,fit
train,76905,fit
train,77452,fit
train,77624,fit
train,77787,validation
train,77845,fit
train,77909,fit
train,77962,fit
train,78233,fit
train,78245,fit
train,78530,fit
train,79071,fit
train,79187,fit
train,79431,fit
train,79619,fit
train,79952,fit
train,80106,fit
train,80372,fit
train,80416,fit
train,80512,validation
train,80720,fit
train,80778,validation
train,80912,validation
train,80945,fit
train,80971,validation
train,81247,validation
train,81320,fit
train,81423,fit
train,81533,fit
train,81859,fit
train,82161,fit
train,82183,fit
train,82267,fit
train,82369,validation
train,82475,fit
train,82541,fit
train,82622,validation
train,82626,validation
train,82964,fit
train,83117,validation
train,83488,fit
train,83733,fit
train,83768,fit
train,83800,fit
train,83918,validation
train,84060,fit
train,84099,fit
train,84196,fit
train,84394,fit
train,84445,fit
train,84675,fit
train,85268,fit
train,85284,validation
train,85534,validation
train,85736,validation
train,86158,fit
train,86397,fit
train,86767,validation
train,86776,validation
train,86802,fit
train,87061,fit
train,87184,fit
train,87243,fit
train,87519,validation
train,88155,fit
train,88852,fit
train,88918,fit
train,89197,fit
train,89220,fit
train,89221,fit
train,89473,fit
train,89621,fit
train,89742,validation
train,89795,fit
train,89820,fit
train,89854,fit
train,90096,fit
train,90116,fit
train,90167,fit
train,90472,validation
train,90499,fit
train,90505,validation
train,90538,fit
train,91616,fit
train,91705,fit
train,91731,fit
train,91744,fit
train,91755,fit
train,91773,validation
train,92651,fit
train,92663,fit
train,92853,fit
train,92893,validation
train,92963,fit
train,93055,fit
train,93106,fit
train,93276,fit
train,93481,fit
train,93674,fit
train,93813,validation
train,93818,validation
train,93869,validation
train,94281,fit
train,94322,fit
train,94509,fit
train,94575,validation
train,95011,fit
train,95276,fit
train,95668,fit
train,95779,fit
train,96245,fit
train,96771,fit
train,96798,fit
train,97433,fit
train,97552,validation
train,97642,fit
train,97720,fit
train,97863,validation
train,98053,fit
train,98089,fit
train,98103,validation
train,98405,fit
train,98461,validation
train,98597,fit
train,99018,fit
train,99180,fit
train,99296,fit
train,99493,fit
train,99631,fit
train,99672,fit
train,99755,validation
train,99841,fit
train,99865,fit
train,99959,fit
train,100347,fit
train,100878,fit
train,101047,fit
train,101151,fit
train,101290,validation
train,101911,fit
train,102155,fit
train,102282,fit
train,102561,fit
train,103167,fit
train,103592,validation
train,103660,fit
train,103968,fit
train,104069,fit
train,104085,fit
train,104340,fit
train,104833,fit
train,105027,fit
train,105275,fit
train,105297,fit
train,105638,fit
train,105850,validation
train,105987,fit
train,106258,fit
train,106444,fit
train,106657,fit
train,106841,fit
train,107084,fit
train,107197,fit
train,107222,fit
train,107371,fit
train,107469,validation
train,107490,validation
train,107661,fit
train,107713,fit
train,107716,fit
train,107947,fit
train,107991,validation
train,108098,fit
train,108306,fit
train,108340,fit
train,108717,fit
train,109034,fit
train,109279,fit
train,109300,fit
train,109411,validation
train,109427,fit
train,109466,validation
train,109675,fit
train,110436,fit
train,110441,fit
train,110467,fit
train,110777,fit
train,110961,fit
train,111698,validation
train,112111,fit
train,112286,fit
train,112355,fit
train,112369,fit
train,112502,fit
train,112516,fit
train,112619,fit
train,112783,fit
train,112843,fit
train,112847,fit
train,113505,validation
train,113821,validation
train,113897,validation
train,113917,fit
train,113961,validation
train,114152,fit
train,114195,fit
train,114223,fit
train,114703,fit
train,114729,fit
train,115255,fit
train,115262,fit
train,115278,fit
train,115343,fit
train,115558,fit
train,115607,fit
train,115671,fit
train,115719,fit
train,115806,validation
train,116250,fit
train,116316,fit
train,116376,fit
train,116573,fit
train,116671,fit
train,117326,fit
train,117930,fit
train,117980,fit
train,118029,validation
train,118217,fit
train,118298,fit
train,118855,fit
train,118959,fit
train,119454,validation
train,119722,fit
train,120119,fit
train,120179,fit
train,120595,fit
train,120662,fit
train,120838,validation
train,120941,fit
train,121425,fit
train,121704,fit
train,121731,validation
train,122139,fit
train,122143,fit
train,122177,fit
train,122484,validation
train,122515,validation
train,122561,validation
train,122648,fit
train,122715,fit
train,122744,fit
train,122769,fit
train,123015,fit
train,123241,fit
train,123245,validation
train,123417,fit
train,123748,fit
train,123980,fit
train,124113,fit
train,124323,validation
train,124398,fit
train,124498,fit
train,124851,fit
train,124876,fit
train,124988,fit
train,125030,validation
train,125052,fit
train,125103,fit
train,125216,fit
train,125223,fit
train,125426,fit
train,125520,fit
train,125761,fit
train,125870,fit
train,126055,fit
train,126338,fit
train,126401,fit
train,126543,fit
train,126591,fit
train,126690,fit
train,126698,fit
train,127054,validation
train,127095,fit
train,127435,fit
train,127497,fit
train,127798,validation
train,127872,fit
train,127953,fit
train,128174,fit
train,128304,fit
train,128374,fit
train,128719,fit
train,128744,validation
train,128976,fit
train,128979,fit
train,129279,validation
train,129551,fit
train,130020,fit
train,130117,fit
train,130440,validation
train,130442,fit
train,130778,fit
train,131026,validation
train,131182,fit
train,131470,fit
train,131924,fit
train,131958,fit
train,132388,fit
train,132556,fit
train,132739,fit
train,133791,validation
train,134073,fit
train,134094,fit
train,134134,fit
train,134207,fit
train,134316,fit
train,134401,validation
train,134471,fit
train,134597,fit
train,135037,fit
train,135256,validation
train,135576,fit
train,135712,fit
train,135837,fit
train,136480,fit
train,136582,fit
train,136962,fit
train,136994,fit
train,137013,fit
train,137034,fit
train,137053,fit
train,137072,fit
train,137424,fit
train,137478,fit
train,137639,fit
train,137770,fit
train,137858,fit
train,138044,fit
train,138107,validation
train,138525,fit
train,138550,fit
train,138651,fit
train,139169,validation
train,139278,fit
train,139456,fit
train,139536,fit
train,139976,fit
train,140259,fit
train,140262,fit
train,140317,fit
train,140546,fit
train,140548,fit
train,141009,fit
train,141283,fit
train,141401,fit
train,141438,fit
train,141574,fit
train,141608,validation
train,141641,validation
train,142139,validation
train,142167,validation
train,142324,fit
train,142362,fit
train,142380,fit
train,142564,validation
train,142944,validation
train,142945,fit
train,143596,validation
train,143649,fit
train,143710,fit
train,143851,validation
train,144030,fit
train,144385,validation
train,144402,fit
train,144811,fit
train,144969,fit
train,145501,fit
train,145962,fit
train,146003,validation
train,146200,validation
train,146203,fit
train,146260,validation
train,146560,fit
train,146667,fit
train,147173,fit
train,147190,fit
train,147313,fit
train,147409,fit
train,147584,fit
train,147617,fit
train,147697,fit
train,148074,validation
train,148250,fit
train,148510,validation
train,148755,fit
train,148836,fit
train,149351,fit
train,149486,fit
train,150024,fit
train,150097,validation
train,150416,fit
train,150426,validation
train,150552,fit
train,150561,fit
train,150574,fit
train,150986,validation
train,151381,fit
train,151592,fit
train,152320,validation
train,152347,fit
train,152435,fit
train,152692,validation
train,153197,fit
train,153265,fit
train,153729,fit
train,153748,fit
train,153795,fit
train,153981,fit
train,153997,fit
train,154277,validation
train,154383,fit
train,154470,fit
train,154538,validation
train,154896,fit
train,154923,fit
train,155346,fit
train,156193,fit
train,156201,fit
train,156336,fit
train,156449,fit
train,156723,fit
train,156806,fit
train,157303,fit
train,157423,fit
train,157505,fit
train,158005,fit
train,158194,fit
train,158301,fit
train,158420,fit
train,158632,fit
train,158640,fit
train,158768,fit
train,158866,fit
train,158904,fit
train,158963,fit
train,159137,fit
train,159855,fit
train,160251,validation
train,160253,fit
train,160373,fit
train,160385,fit
train,160611,fit
train,160635,fit
train,161030,fit
train,161064,fit
train,161068,fit
train,161353,fit
train,161615,fit
train,161645,fit
train,161884,fit
train,162046,fit
train,162698,fit
train,163000,fit
train,163118,fit
train,163313,fit
train,163451,fit
train,163520,fit
train,163775,fit
train,164039,fit
train,164073,fit
train,164157,fit
train,164448,fit
train,164722,fit
train,164952,fit
train,165171,fit
train,165624,fit
train,165671,fit
train,165710,fit
train,166086,fit
train,166657,validation
train,166894,fit
train,166915,fit
train,166986,validation
train,167013,fit
train,167119,fit
train,167335,validation
train,167556,fit
train,167653,fit
train,167880,fit
train,168160,validation
train,168702,fit
train,168724,validation
train,168732,validation
train,168968,fit
train,169105,validation
train,169296,fit
train,169601,fit
train,169619,fit
train,169763,fit
train,169980,fit
train,170363,fit
train,170639,fit
train,170678,fit
train,170759,fit
train,170904,fit
train,170983,fit
train,171095,fit
train,171289,fit
train,171370,validation
train,171477,fit
train,172287,fit
train,172468,validation
train,172583,fit
train,172811,fit
train,172990,fit
train,173174,fit
train,173424,fit
train,173697,fit
train,173898,fit
train,174297,fit
train,174446,validation
train,174516,fit
train,174888,fit
train,174895,fit
train,174952,fit
train,175402,fit
train,175561,fit
train,175650,validation
train,175711,fit
train,175796,fit
train,176270,fit
train,176274,fit
train,176335,fit
train,176735,fit
train,176748,validation
train,177202,fit
train,177281,validation
train,177656,validation
train,177717,fit
train,177904,validation
train,178127,fit
train,178317,fit
train,178526,fit
train,178788,fit
train,179174,fit
train,179323,fit
train,179402,fit
train,179662,validation
train,179720,fit
train,179842,fit
train,179910,fit
train,180044,validation
train,180077,fit
train,180165,validation
train,180611,fit
train,180615,fit
train,180661,fit
train,180979,fit
train,181022,fit
train,181079,fit
train,181588,fit
train,181647,fit
train,181910,fit
train,182131,fit
train,182383,fit
train,182549,fit
train,182714,fit
train,182794,fit
train,182805,fit
train,182914,fit
train,183390,validation
train,183520,fit
train,183643,fit
train,183669,fit
train,184175,fit
train,184383,fit
train,184867,fit
train,184873,fit
train,185421,fit
train,185526,fit
train,185633,validation
train,185685,fit
train,186072,validation
train,186213,validation
train,186351,fit
train,186452,fit
train,186525,fit
train,186537,validation
train,186609,validation
train,186629,fit
train,186711,fit
train,186733,fit
train,186800,fit
train,187004,fit
train,187016,fit
train,187169,fit
train,187308,fit
train,187374,fit
train,187384,fit
train,188067,fit
train,188283,fit
train,188297,fit
train,188549,validation
train,188552,validation
train,188782,fit
train,188811,fit
train,188880,fit
train,188928,validation
train,188937,fit
train,189052,validation
train,189172,fit
train,189612,fit
train,189835,validation
train,189840,validation
train,190010,fit
train,190604,fit
train,190724,fit
train,190995,fit
train,191021,fit
train,191230,fit
train,191386,fit
train,191401,fit
train,191435,fit
train,191495,fit
train,192081,fit
train,192105,fit
train,192400,fit
train,192578,fit
train,192689,validation
train,192913,validation
train,193338,fit
train,193597,fit
train,193614,fit
train,194096,validation
train,194585,fit
train,195504,validation
train,195591,validation
train,195660,fit
train,195818,fit
train,195989,validation
train,196423,fit
train,196445,fit
train,196461,fit
train,196504,fit
train,196964,fit
train,196983,fit
train,196999,validation
train,197269,validation
train,197278,validation
train,197610,fit
train,197927,validation
train,197976,fit
train,198011,validation
train,198360,validation
train,198393,validation
train,198435,fit
train,198598,validation
train,198655,fit
train,198793,validation
train,198914,fit
train,198945,fit
train,198947,validation
train,199041,fit
train,199156,fit
train,199220,fit
train,199526,fit
train,199570,validation
train,199687,fit
train,199996,fit
train,200375,validation
train,200528,fit
train,200769,validation
train,200818,fit
train,200905,fit
train,200932,fit
train,200944,validation
train,201887,fit
train,202065,validation
train,202105,fit
train,202138,fit
train,202228,fit
train,203105,validation
train,203165,fit
train,203312,fit
train,203553,fit
train,203634,validation
train,203676,fit
train,203801,validation
train,204099,fit
train,204325,fit
train,204612,fit
train,205149,fit
train,205219,validation
train,205558,validation
train,206544,fit
train,206732,fit
train,206852,fit
train,206926,fit
train,207288,fit
train,207364,validation
train,207629,fit
train,207985,fit
train,208045,fit
train,208155,fit
train,208251,fit
train,208559,fit
train,208647,fit
train,208955,validation
train,209004,fit
train,209136,fit
train,209263,fit
train,209300,fit
train,209310,validation
train,209941,fit
train,210150,fit
train,210446,validation
train,210470,fit
train,210773,validation
train,210794,fit
train,211146,validation
train,211224,fit
train,211260,fit
train,211266,fit
train,211405,fit
train,211606,validation
train,211817,validation
train,212279,validation
train,212760,validation
train,212819,fit
train,212831,fit
train,213000,validation
train,213005,fit
train,213024,fit
train,213290,validation
train,213317,fit
train,213429,fit
train,213438,validation
train,213574,fit
train,213695,fit
train,213847,fit
train,214233,fit
train,214306,fit
train,214489,validation
train,214578,validation
train,215011,validation
train,215015,fit
train,215108,fit
train,215765,fit
train,215913,fit
train,215966,fit
train,216019,fit
train,216069,fit
train,216085,fit
train,216095,fit
train,216129,validation
train,216175,fit
train,216260,fit
train,216369,fit
train,216593,fit
train,216672,fit
train,216850,fit
train,217202,fit
train,217290,validation
train,217323,fit
train,217405,fit
train,217689,fit
train,217765,fit
train,218136,fit
train,218181,fit
train,218205,fit
train,218624,fit
train,218655,fit
train,218676,fit
train,218729,fit
train,218778,fit
train,219460,fit
train,219660,validation
train,219941,fit
train,220109,validation
train,220167,validation
train,220168,fit
train,220246,fit
train,220717,fit
train,220799,fit
train,220802,fit
train,220964,fit
train,221567,fit
train,221595,fit
train,221695,fit
train,221698,fit
train,221720,fit
train,221880,validation
train,221927,validation
train,222178,fit
train,222385,fit
train,222616,validation
train,222707,validation
train,223136,fit
train,223167,fit
train,223519,fit
train,224187,validation
train,224636,fit
train,224671,fit
train,224745,fit
train,225291,fit
train,225419,fit
train,225722,fit
train,226761,validation
train,227013,fit
train,227084,fit
train,227155,fit
train,227268,fit
train,227462,fit
train,227611,fit
train,227769,validation
train,227878,fit
train,227903,fit
train,227973,fit
train,228053,fit
train,228227,validation
train,228326,fit
train,228571,fit
train,228735,fit
train,228767,validation
train,229040,fit
train,229063,validation
train,229582,fit
train,229800,fit
train,230157,fit
train,230258,fit
train,230290,fit
train,230304,fit
train,230357,fit
train,230388,fit
train,230483,fit
train,230647,fit
train,230790,fit
train,231191,validation
train,231307,validation
train,231500,fit
train,231512,validation
train,231710,fit
train,231760,fit
train,231811,validation
train,232123,validation
train,232347,fit
train,232555,validation
train,232557,validation
train,232882,fit
train,232915,fit
train,233020,validation
train,233053,fit
train,233080,validation
train,233391,fit
train,233443,fit
train,233709,validation
train,233829,fit
train,234074,fit
train,234168,fit
train,234223,fit
train,234373,fit
train,234647,fit
train,234789,fit
train,234830,validation
train,234932,fit
train,234954,fit
train,235038,fit
train,235050,fit
train,235085,fit
train,235501,fit
train,235600,fit
train,235701,validation
train,235862,fit
train,236626,fit
train,236642,fit
train,236648,fit
train,236684,fit
train,236686,fit
train,236882,fit
train,236965,fit
train,237260,fit
train,237543,fit
train,237761,validation
train,238192,validation
train,238305,fit
train,238391,fit
train,238663,fit
train,238828,validation
train,238862,fit
train,238868,fit
train,239035,validation
train,239129,fit
train,239220,fit
train,239356,validation
train,239982,fit
train,240672,fit
train,240764,fit
train,241026,validation
train,241056,fit
train,241111,fit
train,241421,fit
train,241524,fit
train,242007,validation
train,242066,validation
train,242081,fit
train,242372,fit
train,243412,fit
train,243473,fit
train,243608,validation
train,243661,fit
train,243678,validation
train,243942,fit
train,244534,fit
train,245500,fit
train,246036,fit
train,246187,fit
train,246188,fit
train,246363,fit
train,246376,fit
train,246626,fit
train,246729,fit
train,246911,fit
train,247269,fit
train,247387,fit
train,247976,fit
train,248347,validation
train,248396,fit
train,248790,validation
train,249010,fit
train,249628,fit
train,249800,validation
train,249821,fit
train,250041,fit
train,250107,fit
train,250161,validation
train,250215,fit
train,250332,validation
train,250987,fit
train,251009,fit
train,251061,validation
train,251084,fit
train,251207,fit
train,251304,fit
train,251388,fit
train,252186,fit
train,252397,fit
train,252496,fit
train,252846,fit
train,252862,fit
train,252913,fit
train,252951,fit
train,252960,fit
train,253310,fit
train,253799,fit
train,254062,fit
train,254244,fit
train,254255,fit
train,254560,fit
train,254660,fit
train,254787,fit
train,254809,validation
train,254816,fit
train,255129,validation
train,255445,fit
train,255446,validation
train,255644,validation
train,255676,validation
train,255686,fit
train,255693,fit
train,255876,validation
train,255996,fit
train,256213,fit
train,256422,validation
train,256448,fit
train,256556,validation
train,256686,fit
train,256789,fit
train,256828,fit
train,256879,fit
train,257080,fit
train,257464,fit
train,257467,validation
train,257695,fit
train,258081,validation
train,258255,fit
train,258817,fit
train,258889,fit
train,259087,fit
train,259120,validation
train,259313,fit
train,259508,fit
train,259580,fit
train,259636,fit
train,259639,validation
train,259680,fit
train,259768,fit
train,260291,fit
train,260655,validation
train,260663,validation
train,260698,fit
train,260735,fit
train,261130,fit
train,261220,fit
train,261236,fit
train,261326,fit
train,261392,fit
train,261631,fit
train,261756,validation
train,262569,fit
train,262751,fit
train,263387,fit
train,263459,fit
train,263491,validation
train,263767,fit
train,264049,validation
train,264163,fit
train,264338,fit
train,264509,fit
train,264583,fit
train,264790,validation
train,264810,fit
train,264957,fit
train,265007,fit
train,265155,fit
train,265348,fit
train,265509,validation
train,265660,validation
train,265683,fit
train,266255,fit
train,266295,fit
train,266466,fit
train,266725,validation
train,266780,fit
train,266960,fit
train,267115,fit
train,267226,fit
train,267268,fit
train,267589,fit
train,267931,fit
train,268150,fit
train,268393,fit
train,268461,fit
train,268496,fit
train,268742,fit
train,268867,fit
train,268969,validation
train,269066,fit
train,269069,fit
train,269186,fit
train,269274,validation
train,269470,fit
train,269575,fit
train,270022,validation
train,270142,fit
train,270201,fit
train,270494,fit
train,270541,fit
train,270881,validation
train,270954,validation
train,271063,fit
train,271296,validation
train,271869,fit
train,272102,validation
train,272365,fit
train,272396,fit
train,272410,validation
train,272610,fit
train,272674,fit
train,272882,fit
train,273052,fit
train,273273,fit
train,273445,fit
train,273531,validation
train,273586,fit
train,274047,fit
train,274413,fit
train,274631,validation
train,274835,fit
train,274996,fit
train,275148,fit
train,275388,fit
train,275556,fit
train,275683,fit
train,276157,fit
train,276568,validation
train,276724,fit
train,277319,fit
train,277404,fit
train,277781,fit
train,277937,validation
train,278165,fit
train,278502,fit
train,278691,fit
train,278919,fit
train,278925,fit
train,279034,fit
train,279093,validation
train,279356,fit
train,279464,validation
train,279495,fit
train,279657,validation
train,280067,fit
train,280072,fit
train,280243,validation
train,280308,fit
train,280382,validation
train,280584,fit
train,280647,fit
train,280845,fit
train,280983,fit
train,281002,fit
train,281057,validation
train,281730,fit
train,281846,fit
train,281969,validation
train,282282,fit
train,282386,fit
train,282535,fit
train,282615,validation
train,282695,fit
train,283396,fit
train,283603,fit
train,283976,fit
train,284275,fit
train,284536,fit
train,285026,fit
train,285170,fit
train,285381,fit
train,285433,fit
train,285434,fit
train,285618,validation
train,285717,validation
train,285877,fit
train,286209,fit
train,286284,fit
train,286294,fit
train,286393,fit
train,286550,fit
train,286667,fit
train,286770,validation
train,287172,fit
train,287284,validation
train,287516,validation
train,287653,fit
train,287703,validation
train,287730,validation
train,287904,fit
train,287931,validation
train,287993,fit
train,288134,fit
train,288141,fit
train,288206,fit
train,288216,fit
train,288576,fit
train,288759,validation
train,288851,fit
train,288868,fit
train,288882,fit
train,288996,fit
train,289003,fit
train,289099,fit
train,289261,fit
train,289417,fit
train,289540,fit
train,289650,fit
train,289772,validation
train,290032,fit
train,290523,fit
train,290583,fit
train,290588,fit
train,290687,fit
train,290787,fit
train,290796,validation
train,290890,fit
train,291003,validation
train,291038,fit
train,291148,fit
train,291680,fit
train,291870,validation
train,291989,fit
train,292362,fit
train,293047,fit
train,293440,fit
train,293903,fit
train,294024,fit
train,294117,validation
train,294130,validation
train,294222,fit
train,294231,fit
train,294416,fit
train,294422,fit
train,294721,fit
train,294769,fit
train,295655,fit
train,295784,fit
train,296384,fit
train,296706,validation
train,296815,validation
train,296881,validation
train,297021,fit
train,297267,validation
train,297655,validation
train,297944,fit
train,298113,fit
train,298227,fit
train,298299,fit
train,298424,fit
train,298545,validation
train,298957,fit
train,299002,fit
train,299127,validation
train,299184,fit
train,299212,fit
train,299217,fit
train,299444,fit
train,299721,validation
train,300001,fit
train,300107,fit
train,300184,fit
train,300202,fit
train,300215,validation
train,300369,fit
train,300467,fit
train,300694,fit
train,300817,fit
train,300828,fit
train,300961,fit
train,300979,fit
train,301034,fit
train,301107,fit
train,301162,fit
train,301336,validation
train,301733,validation
train,301846,fit
train,302118,fit
train,302396,fit
train,302447,fit
train,303256,fit
train,303306,fit
train,303322,fit
train,303469,fit
train,303474,fit
train,303620,fit
train,303967,validation
train,303998,fit
train,304203,fit
train,304388,validation
train,304590,fit
train,305068,validation
train,305071,validation
train,305454,fit
train,305699,fit
train,305929,fit
train,305980,fit
train,306058,fit
train,306126,fit
train,306321,fit
train,306349,validation
train,306649,fit
train,306912,validation
train,306991,fit
train,307307,fit
train,307442,validation
train,307720,fit
train,307867,fit
train,307885,fit
train,307905,fit
train,308116,fit
train,308382,fit
train,308456,fit
train,308946,fit
train,309070,fit
train,309255,fit
train,309435,fit
train,309886,fit
train,310204,validation
train,310694,fit
train,310733,fit
train,310937,fit
train,311260,fit
train,311289,validation
train,311339,fit
train,311452,fit
train,311626,validation
train,311650,fit
train,311944,fit
train,311973,fit
train,312002,fit
train,312114,fit
train,312200,fit
train,312349,fit
train,312387,fit
train,312667,fit
train,312700,fit
train,312705,fit
train,312806,fit
train,312883,fit
train,313031,validation
train,313413,fit
train,313779,fit
train,314001,fit
train,314264,fit
train,314272,fit
train,314679,fit
train,314705,fit
train,314728,validation
train,314938,fit
train,314951,fit
train,315211,fit
train,315331,fit
train,315434,fit
train,315591,validation
train,315703,fit
train,315874,validation
train,316196,fit
train,316224,fit
train,316308,fit
train,316386,validation
train,316699,fit
train,316731,fit
train,316915,fit
train,317412,fit
train,317463,fit
train,317690,validation
train,317836,fit
train,318128,validation
train,318344,fit
train,318578,fit
train,318589,validation
train,318801,fit
train,318830,fit
train,318945,fit
train,319018,validation
train,319279,fit
train,319383,fit
train,319752,fit
train,320118,fit
train,320604,fit
train,320736,fit
train,320923,fit
train,321335,validation
train,321528,validation
train,322006,fit
train,322080,validation
train,322177,fit
train,322237,fit
train,322289,fit
train,322621,fit
train,322715,validation
train,322780,fit
train,322922,validation
train,323293,fit
train,323335,fit
train,323558,fit
train,323573,fit
train,323590,fit
train,323600,fit
train,323716,fit
train,323871,fit
train,323952,fit
train,324085,validation
train,324595,fit
train,324602,fit
train,324618,fit
train,324655,fit
train,324826,fit
train,325257,validation
train,325396,fit
train,325617,fit
train,325938,fit
train,326016,fit
train,326043,fit
train,326077,validation
train,326455,fit
train,326724,fit
train,326737,fit
train,327973,fit
train,328008,fit
train,328090,validation
train,328543,fit
train,328592,fit
train,329177,fit
train,329335,validation
train,329374,fit
train,329914,validation
train,330074,fit
train,330559,validation
train,330866,fit
train,330970,validation
train,331062,fit
train,331157,fit
train,331690,fit
train,331853,validation
train,332110,fit
train,332292,validation
train,332388,fit
train,332397,fit
train,332403,fit
train,332519,fit
train,333130,fit
train,333740,validation
train,334084,fit
train,334212,fit
train,334216,fit
train,334594,fit
train,334774,fit
train,334819,validation
train,334902,fit
train,335134,fit
train,335184,fit
train,335186,validation
train,335376,fit
train,335984,fit
train,336307,validation
train,337076,fit
train,337158,fit
train,337531,fit
train,337755,fit
train,337827,fit
train,338008,fit
train,338075,fit
train,338148,fit
train,338413,fit
train,338483,fit
train,338661,fit
train,339476,validation
train,339748,validation
train,339872,fit
train,339907,fit
train,340048,fit
train,340107,fit
train,340218,fit
train,340605,fit
train,340696,fit
train,340787,fit
train,340818,fit
train,340992,fit
train,341192,fit
train,341224,fit
train,341597,fit
train,341627,fit
train,341638,validation
train,341702,validation
train,341812,validation
train,341899,fit
train,341937,validation
train,342081,validation
train,342109,fit
train,342439,fit
train,342586,fit
train,342847,validation
train,342889,fit
train,342921,validation
train,343184,fit
train,343320,fit
train,343480,fit
train,343607,fit
train,343711,fit
train,344227,validation
train,344356,fit
train,344404,fit
train,344416,validation
train,344608,validation
train,345513,fit
train,345555,fit
train,345702,fit
train,345720,validation
train,345833,fit
train,345852,fit
train,345920,fit
train,346212,validation
train,346426,fit
train,346428,fit
train,346554,validation
train,346565,fit
train,347021,fit
train,347229,fit
train,347785,fit
train,347839,validation
train,348034,fit
train,348035,fit
train,348044,fit
train,348096,fit
train,348182,fit
train,348276,validation
train,348286,fit
train,348550,fit
train,348619,validation
train,348721,fit
train,348733,fit
train,349023,fit
train,349205,fit
train,349423,fit
train,349612,fit
train,349641,fit
train,349993,fit
train,350200,fit
train,350223,fit
train,350582,fit
train,350938,fit
train,350954,validation
train,350967,fit
train,351036,fit
train,351070,fit
train,351110,fit
train,351467,fit
train,351790,fit
train,351815,validation
train,351924,fit
train,352965,fit
train,353191,fit
train,353277,fit
train,353294,validation
train,353333,fit
train,353484,validation
train,353496,validation
train,353508,fit
train,353580,fit
train,353687,fit
train,353950,fit
train,354351,validation
train,355204,fit
train,355427,fit
train,355449,validation
train,355500,fit
train,355938,fit
train,356050,fit
train,356097,fit
train,356782,fit
train,357061,fit
train,357167,fit
train,357349,validation
train,357573,fit
train,357712,fit
train,358021,fit
train,358064,fit
train,358306,fit
train,358390,fit
train,358467,fit
train,358472,fit
train,358713,validation
train,358910,fit
train,359217,fit
train,359355,fit
train,359487,fit
train,359508,fit
train,360040,fit
train,360086,fit
train,360167,validation
train,360171,fit
train,360173,fit
train,360335,fit
train,360347,validation
train,360503,validation
train,361043,fit
train,361235,fit
train,361583,fit
train,361814,fit
train,362070,validation
train,362143,fit
train,362241,fit
train,362974,fit
train,363050,fit
train,363228,validation
train,363379,fit
train,363417,fit
train,363717,fit
train,363915,validation
train,364133,fit
train,364333,fit
train,364390,validation
train,364490,fit
train,364573,fit
train,364592,fit
train,364992,fit
train,365247,fit
train,365506,fit
train,365605,fit
train,365702,validation
train,366034,fit
train,366145,validation
train,366185,fit
train,366256,fit
train,366437,fit
train,366559,fit
train,366628,fit
train,367010,fit
train,367037,fit
train,367096,fit
train,367439,fit
train,367810,fit
train,368176,fit
train,368392,validation
train,369163,fit
train,369202,fit
train,369356,fit
train,369437,fit
train,369872,fit
train,370261,fit
train,370350,fit
train,370445,fit
train,370494,fit
train,370898,fit
train,371133,fit
train,371531,fit
train,371565,fit
train,371706,fit
train,372375,fit
train,372386,fit
train,372421,fit
train,372592,fit
train,373056,validation
train,373130,fit
train,373342,fit
train,373350,validation
train,373364,fit
train,373617,fit
train,373639,fit
train,374057,fit
train,374089,fit
train,374470,fit
train,374556,validation
train,374562,fit
train,374891,fit
train,375303,fit
train,375364,fit
train,375589,fit
train,375772,fit
train,376175,fit
train,376730,validation
train,376892,fit
train,377166,fit
train,377260,validation
train,377669,fit
train,378016,validation
train,378188,fit
train,378297,fit
train,378313,validation
train,378440,fit
train,378849,fit
train,378985,fit
train,379032,fit
train,379091,fit
train,379196,fit
train,379265,fit
train,379282,fit
train,379307,fit
train,379338,fit
train,379738,fit
train,379766,fit
train,379839,validation
train,379908,validation
train,380073,fit
train,380262,fit
train,380486,fit
train,380783,fit
train,380965,validation
train,381052,fit
train,381224,fit
train,381530,fit
train,381591,validation
train,381791,fit
train,381922,validation
train,382033,fit
train,382133,fit
train,382261,validation
train,382657,validation
train,382724,validation
train,382750,validation
train,382776,validation
train,382846,fit
train,382852,validation
train,382895,validation
train,383076,fit
train,383162,fit
train,383356,validation
train,383594,validation
train,383601,fit
train,383901,fit
train,384184,validation
train,384253,fit
train,384546,validation
train,384804,fit
train,384911,fit
train,384978,fit
train,385201,fit
train,386001,fit
train,386374,validation
train,386666,fit
train,386761,fit
train,386898,fit
train,387161,fit
train,387232,fit
train,387294,validation
train,387594,fit
train,387700,fit
train,388081,fit
train,388327,fit
train,388515,fit
train,389047,fit
train,389048,fit
train,389552,validation
train,389800,fit
train,390036,fit
train,390473,fit
train,390483,fit
train,390647,fit
train,390759,fit
train,390826,validation
train,390910,fit
train,391027,fit
train,391315,fit
train,391350,fit
train,392001,validation
train,392039,fit
train,392099,fit
train,392334,validation
train,392376,fit
train,392556,fit
train,392828,fit
train,393047,fit
train,393057,fit
train,393177,fit
train,393337,fit
train,393460,fit
train,394087,fit
train,394116,fit
train,394153,fit
train,394216,fit
train,394486,fit
train,394684,fit
train,394877,fit
train,394939,fit
train,395184,fit
train,395459,fit
train,395522,fit
train,395672,fit
train,395685,fit
train,395699,fit
train,395705,validation
train,395829,fit
train,396070,fit
train,396105,fit
train,396272,fit
train,396341,fit
train,396559,fit
train,396615,fit
train,396698,fit
train,396762,fit
train,397046,validation
train,397281,fit
train,397329,fit
train,397549,fit
train,397656,validation
train,397718,validation
train,397849,fit
train,398069,fit
train,398735,fit
train,399321,fit
train,399858,fit
train,400295,fit
train,400372,fit
train,400503,fit
train,400545,fit
train,400749,fit
train,400865,fit
train,400885,fit
train,400986,fit
train,401267,fit
train,401340,validation
train,401468,validation
train,401486,fit
train,401698,fit
train,401730,fit
train,401783,fit
train,402097,fit
train,402666,fit
train,402975,fit
train,403051,fit
train,403366,validation
train,403424,fit
train,403581,validation
train,404003,fit
train,404197,fit
train,404373,validation
train,404461,fit
train,404478,fit
train,404730,fit
train,404911,fit
train,404967,fit
train,405109,fit
train,405121,fit
train,405330,fit
train,405403,fit
train,405415,fit
train,405459,fit
train,405587,fit
train,405643,validation
train,405955,fit
train,406029,fit
train,406318,validation
train,406533,fit
train,406849,validation
train,407483,fit
train,407575,fit
train,407638,fit
train,407744,fit
train,407859,fit
train,407909,fit
train,408035,fit
train,408135,validation
train,408556,fit
train,408653,fit
train,409498,fit
train,409583,fit
train,409734,fit
train,410092,fit
train,410184,fit
train,410366,fit
train,410515,validation
train,410901,fit
train,411054,fit
train,411285,fit
train,411489,fit
train,411600,validation
train,411629,fit
train,411676,fit
train,412027,fit
train,412192,validation
train,412235,fit
train,412519,fit
train,412555,validation
train,412756,fit
train,412901,fit
train,413330,fit
train,413372,fit
train,413770,fit
train,413858,validation
train,413867,fit
train,414028,validation
train,414051,fit
train,414347,validation
train,414357,fit
train,414479,fit
train,414482,fit
train,414530,fit
train,415129,fit
train,415158,fit
train,416264,fit
train,416830,fit
train,417169,fit
train,417210,fit
train,417399,fit
train,417825,fit
train,417897,fit
train,418285,validation
train,418741,validation
train,418779,fit
train,419008,fit
train,419100,fit
train,419175,fit
train,419283,fit
train,419319,fit
train,419940,fit
train,420379,fit
train,420399,fit
train,421520,fit
train,421807,fit
train,422025,fit
train,422038,fit
train,422183,validation
train,422438,fit
train,422669,fit
train,422841,fit
train,423250,fit
train,423356,fit
train,423725,validation
train,423786,fit
train,423914,fit
train,423939,fit
train,424091,fit
train,424137,fit
train,424461,fit
train,424643,fit
train,424703,fit
train,424782,validation
train,424800,fit
train,424830,fit
train,424886,fit
train,425468,fit
train,425771,validation
train,425809,validation
train,425852,validation
train,426221,fit
train,426327,fit
train,426514,fit
train,426852,fit
train,426944,fit
train,426948,fit
train,427141,fit
train,427175,fit
train,427469,fit
train,427510,fit
train,427941,validation
train,427950,validation
train,428545,fit
train,428564,fit
train,428633,fit
train,428726,fit
train,428983,fit
train,429068,validation
train,429354,fit
train,429407,fit
train,429515,fit
train,430052,validation
train,430082,fit
train,430220,validation
train,430316,fit
train,430475,fit
train,430793,validation
train,431048,fit
train,431119,fit
train,431357,fit
train,431386,fit
train,431824,validation
train,431891,validation
train,432119,fit
train,432310,fit
train,432509,fit
train,432779,fit
train,432855,fit
train,433309,fit
train,433320,fit
train,433323,fit
train,433465,fit
train,433526,fit
train,433584,fit
train,433625,validation
train,434036,validation
train,434197,fit
train,434307,validation
train,434895,fit
train,435480,fit
train,435549,fit
train,435715,fit
train,435719,fit
train,435725,fit
train,435775,validation
train,435782,validation
train,435939,fit
train,436093,fit
train,436448,fit
train,436532,fit
train,436716,fit
train,436763,fit
train,437026,validation
train,437074,fit
train,437144,fit
train,437169,fit
train,437451,fit
train,437578,fit
train,437943,fit
train,438090,fit
train,438303,fit
train,438310,fit
train,438722,validation
train,439193,fit
train,439492,fit
train,439619,fit
train,439917,fit
train,439961,fit
train,439964,validation
train,439988,fit
train,440329,fit
train,440438,fit
train,440577,fit
train,440712,fit
train,440752,fit
train,440788,fit
train,441053,validation
train,441109,fit
train,441251,fit
train,441342,validation
train,441604,fit
train,441701,fit
train,441710,fit
train,442272,fit
train,442321,fit
train,442718,validation
train,442781,fit
train,443163,fit
train,443261,fit
train,443515,fit
train,443548,fit
train,443775,validation
train,443813,validation
train,443905,validation
train,443937,fit
train,444026,fit
train,444065,validation
train,444127,validation
train,444153,fit
train,444170,fit
train,444229,fit
train,445434,fit
train,445558,fit
train,445797,validation
train,446055,fit
train,446270,fit
train,446271,fit
train,446327,fit
train,446465,fit
train,446466,fit
train,447074,fit
train,447213,fit
train,447364,validation
train,447560,fit
train,447812,validation
train,447841,validation
train,447941,fit
train,448384,fit
train,448517,fit
train,448585,fit
train,448613,fit
train,448716,fit
train,449003,fit
train,449031,fit
train,449122,validation
train,449217,fit
train,449400,fit
train,449421,fit
train,449466,fit
train,449555,fit
train,449978,fit
train,450471,validation
train,450630,fit
train,450633,fit
train,450662,fit
train,451098,fit
train,451120,fit
train,451137,fit
train,451203,fit
train,451408,fit
train,451737,fit
train,451963,fit
train,452041,validation
train,452052,validation
train,452106,fit
train,452200,fit
train,452362,fit
train,452760,fit
train,453006,validation
train,453053,fit
train,453202,fit
train,453219,fit
train,453622,fit
train,453753,fit
train,453830,fit
train,453832,fit
train,454173,fit
train,454211,fit
train,454430,fit
train,454502,fit
train,454588,fit
train,454822,fit
train,454893,fit
train,455043,fit
train,455098,fit
train,455148,fit
train,455322,fit
train,455530,validation
train,455564,validation
train,455777,validation
train,455973,fit
train,456173,validation
train,456253,fit
train,456278,fit
train,456373,fit
train,456889,fit
train,456986,validation
train,457606,fit
train,457644,fit
train,457768,fit
train,458070,fit
train,458194,validation
train,458214,validation
train,458289,validation
train,458617,validation
train,458627,validation
train,458720,fit
train,458952,fit
train,459294,fit
train,459324,validation
train,459454,fit
train,459803,fit
train,459808,fit
train,459837,validation
train,460375,fit
train,460686,validation
train,460972,fit
train,461393,fit
train,461602,fit
train,461716,fit
train,461724,fit
train,461752,fit
train,462306,validation
train,462494,validation
train,462906,fit
train,463351,fit
train,463619,fit
train,463626,fit
train,463699,fit
train,463809,fit
train,463883,validation
train,464966,fit
train,465355,validation
train,465398,fit
train,465640,validation
train,465917,validation
train,466083,validation
train,466470,fit
train,466527,fit
train,466588,fit
train,466728,fit
train,466833,fit
train,466875,fit
train,467291,validation
train,467321,fit
train,467594,fit
train,467717,validation
train,467776,fit
train,467839,fit
train,467883,fit
train,467908,validation
train,468042,fit
train,468640,fit
train,468688,fit
train,468753,fit
train,468904,fit
train,469101,fit
train,469215,fit
train,469502,fit
train,469620,fit
train,469708,fit
train,469832,fit
train,469917,fit
train,470403,validation
train,470466,fit
train,471008,fit
train,471590,validation
train,471891,fit
train,472113,fit
train,472214,fit
train,472230,fit
train,472372,fit
train,472474,fit
train,472521,validation
train,472769,fit
train,473001,fit
train,473201,validation
train,473572,fit
train,473595,validation
train,473653,fit
train,474030,fit
train,474391,fit
train,474422,fit
train,474517,fit
train,474947,fit
train,475451,fit
train,475517,fit
train,475772,fit
train,475801,fit
train,475896,fit
train,476514,fit
train,476572,fit
train,476652,fit
train,477138,fit
train,477405,fit
train,477463,validation
train,477770,validation
train,477810,fit
train,477826,validation
train,477880,fit
train,478027,fit
train,478175,validation
train,478391,fit
train,478714,fit
train,479574,fit
train,479956,fit
train,480277,fit
train,480293,fit
train,480828,fit
train,481025,validation
train,481066,fit
train,481911,fit
train,482193,fit
train,482247,fit
train,482324,validation
train,482933,validation
train,483137,fit
train,483411,fit
train,483820,validation
train,483822,fit
train,483836,validation
train,484007,fit
train,484437,fit
train,484441,fit
train,484479,validation
train,484641,fit
train,484784,fit
train,484862,fit
train,484993,fit
train,485002,validation
train,485046,fit
train,485142,fit
train,485254,validation
train,485540,fit
train,485648,fit
train,485669,fit
train,485671,fit
train,485718,fit
train,486107,validation
train,486128,fit
train,486281,fit
train,486381,fit
train,486453,fit
train,486474,fit
train,486662,fit
train,486802,fit
train,486814,fit
train,486895,fit
train,487181,fit
train,487294,fit
train,487390,fit
train,487431,fit
train,487543,validation
train,487774,fit
train,487916,fit
train,488110,fit
train,488558,fit
train,488735,fit
train,488750,validation
train,488767,fit
train,488831,validation
train,489052,fit
train,489217,fit
train,489376,fit
train,489483,fit
train,489683,validation
train,489734,fit
train,489854,fit
train,490348,validation
train,490386,fit
train,490512,fit
train,490686,fit
train,490970,fit
train,491060,fit
train,491641,fit
train,492004,fit
train,492128,validation
train,492228,fit
train,492478,fit
train,492885,fit
train,493283,fit
train,493632,fit
train,493688,fit
train,493763,validation
train,493794,fit
train,493912,fit
train,494067,validation
train,494367,validation
train,494387,validation
train,494588,fit
train,494781,fit
train,494810,fit
train,494943,fit
train,495111,fit
train,495209,validation
train,495516,fit
train,495671,fit
train,496167,fit
train,496199,fit
train,496270,fit
train,496351,fit
train,496368,fit
train,496416,fit
train,496666,fit
train,496946,fit
train,497102,fit
train,497548,fit
train,497725,validation
train,497757,validation
train,497916,fit
train,497951,fit
train,498082,fit
train,498499,fit
train,498735,validation
train,499113,validation
train,499393,validation
train,499575,fit
train,499774,fit
train,500296,validation
train,500452,fit
train,500487,fit
train,500501,fit
train,500682,fit
train,500817,fit
train,501247,fit
train,501460,fit
train,501467,fit
train,501549,fit
train,501895,fit
train,502006,fit
train,502311,fit
train,502415,fit
train,502488,fit
train,502705,fit
train,502877,validation
train,503113,fit
train,503142,validation
train,503182,fit
train,503944,fit
train,504072,fit
train,504167,fit
train,504496,fit
train,504642,fit
train,504678,fit
train,505002,fit
train,505214,fit
train,505727,fit
train,505814,fit
train,505828,fit
train,506029,fit
train,506097,fit
train,506100,fit
train,506249,validation
train,506349,fit
train,506550,validation
train,506818,fit
train,508211,fit
train,508457,fit
train,508622,validation
train,508924,fit
train,509184,fit
train,509206,fit
train,509627,fit
train,509714,fit
train,509832,validation
train,510180,validation
train,510446,validation
train,510495,fit
train,510587,validation
train,510593,fit
train,510609,validation
train,510670,fit
train,510775,fit
train,510840,fit
train,510904,validation
train,510908,validation
train,510923,fit
train,511428,fit
train,511760,fit
train,511825,fit
train,512044,fit
train,512056,validation
train,512127,fit
train,512822,fit
train,512977,fit
train,513213,validation
train,513289,validation
train,513500,validation
train,513527,fit
train,513717,validation
train,513954,validation
train,514465,fit
train,514585,fit
train,514724,fit
train,515168,fit
train,515199,fit
train,515299,fit
train,515558,validation
train,515746,fit
train,515798,fit
train,515852,validation
train,516066,fit
train,516080,fit
train,516092,fit
train,516160,fit
train,516275,fit
train,516470,validation
train,516518,fit
train,516589,fit
train,516634,fit
train,516788,fit
train,516857,fit
train,517132,validation
train,517570,fit
train,517929,fit
train,517982,fit
train,518069,validation
train,518213,fit
train,518311,fit
train,518397,fit
train,518541,validation
train,518627,fit
train,519114,fit
train,519237,fit
train,519371,fit
train,519590,fit
train,519679,fit
train,519800,fit
train,519808,fit
train,519815,fit
train,520004,fit
train,520439,fit
train,520478,fit
train,520576,validation
train,520629,fit
train,520666,fit
train,520720,fit
train,520771,fit
train,521024,fit
train,521540,fit
train,521720,fit
train,521783,fit
train,521800,fit
train,523441,fit
train,523494,fit
train,523741,fit
train,523894,fit
train,524185,fit
train,524187,fit
train,524227,fit
train,524336,fit
train,524457,fit
train,524554,fit
train,524869,fit
train,524911,fit
train,525073,fit
train,525109,validation
train,525193,fit
train,525266,fit
train,525394,fit
train,525463,fit
train,525467,fit
train,525487,fit
train,525806,validation
train,525817,validation
train,526095,fit
train,526099,fit
train,526182,fit
train,526348,validation
train,526382,validation
train,526396,fit
train,526491,fit
train,526732,fit
train,527353,fit
train,527458,fit
train,527525,fit
train,527633,fit
train,527768,validation
train,527817,fit
train,528116,fit
train,528426,validation
train,528724,fit
train,528750,fit
train,529276,fit
train,529987,fit
train,530315,validation
train,530514,validation
train,530557,fit
train,530798,fit
train,530879,validation
train,531126,fit
train,531293,fit
train,531532,fit
train,531559,fit
train,531589,fit
train,531629,fit
train,531854,fit
train,532073,fit
train,532116,fit
train,532353,fit
train,532385,validation
train,532675,validation
train,532709,fit
train,532733,validation
train,532945,fit
train,533008,fit
train,533116,fit
train,533171,fit
train,533564,fit
train,533718,fit
train,533904,fit
train,533957,fit
train,533960,fit
train,534041,fit
train,534206,validation
train,534245,fit
train,534463,fit
train,534899,validation
train,535025,fit
train,535891,fit
train,536191,fit
train,536201,fit
train,536217,fit
train,536259,fit
train,536417,validation
train,536574,fit
train,536959,fit
train,537139,fit
train,537341,fit
train,537677,fit
train,538692,fit
train,538711,fit
train,538775,fit
train,539045,fit
train,539319,fit
train,539335,fit
train,539356,fit
train,539446,fit
train,539582,fit
train,539612,fit
train,539651,fit
train,539809,fit
train,540016,fit
train,540186,fit
train,540631,validation
train,540879,validation
train,541087,fit
train,541107,validation
train,541463,fit
train,541591,fit
train,542925,fit
train,542927,validation
train,542985,fit
train,543056,fit
train,543303,fit
train,543505,fit
train,543573,validation
train,543769,fit
train,543871,fit
train,543892,validation
train,544016,fit
train,544121,fit
train,544221,fit
train,544458,fit
train,545052,fit
train,545199,fit
train,545272,fit
train,545298,fit
train,545311,fit
train,545563,fit
train,545686,fit
train,545941,fit
train,546013,fit
train,546070,validation
train,546833,fit
train,547052,validation
train,547098,fit
train,547307,fit
train,547534,fit
train,547678,fit
train,547899,fit
train,548153,fit
train,548211,fit
train,548271,validation
train,548730,fit
train,549124,fit
train,549221,fit
train,549286,validation
train,549614,fit
train,550004,fit
train,550044,fit
train,550373,fit
train,550428,fit
train,550914,fit
train,551155,fit
train,551200,fit
train,551230,validation
train,551264,fit
train,551337,validation
train,551348,fit
train,551375,fit
train,551464,fit
train,551658,fit
train,551850,fit
train,551984,fit
train,552281,fit
train,553719,fit
train,553825,fit
train,554218,fit
train,554237,fit
train,554255,fit
train,554271,fit
train,554295,fit
train,554298,fit
train,554355,fit
train,554565,fit
train,554677,fit
train,555151,fit
train,555171,fit
train,555219,fit
train,555555,fit
train,555740,validation
train,555866,fit
train,555923,fit
train,555988,validation
train,556045,fit
train,556204,fit
train,556238,fit
train,556274,fit
train,556305,fit
train,556373,fit
train,556402,fit
train,556636,fit
train,556650,fit
train,556772,fit
train,556964,fit
train,557028,fit
train,557246,fit
train,557872,fit
train,557978,fit
train,558195,validation
train,558212,validation
train,558287,fit
train,558854,fit
train,558970,validation
train,559046,fit
train,559118,validation
train,559277,fit
train,559337,fit
train,559379,validation
train,560078,validation
train,560637,validation
train,561342,validation
train,561380,fit
train,561382,fit
train,561464,fit
train,561897,fit
train,562191,fit
train,562257,fit
train,562344,validation
train,562381,fit
train,562422,fit
train,562423,fit
train,562738,validation
train,562747,fit
train,563198,fit
train,563428,fit
train,563706,validation
train,563776,fit
train,563783,fit
train,563847,fit
train,563859,fit
train,564147,fit
train,564387,fit
train,564502,fit
train,564593,fit
train,564884,fit
train,564912,fit
train,564943,fit
train,565389,validation
train,565722,fit
train,565757,fit
train,565799,fit
train,566086,fit
train,566190,fit
train,566296,validation
train,566337,fit
train,566349,fit
train,566358,fit
train,566832,fit
train,566955,fit
train,567107,validation
train,567332,fit
train,567423,fit
train,567430,fit
train,567471,validation
train,567498,fit
train,567535,fit
train,567817,fit
train,567918,fit
train,568168,fit
train,568464,fit
train,568518,fit
train,568821,fit
train,568885,fit
train,569062,validation
train,569143,fit
train,569207,fit
train,569215,fit
train,569259,fit
train,569568,fit
train,569594,fit
train,569602,fit
train,569840,fit
train,570623,fit
train,570695,fit
train,570703,fit
train,571081,validation
train,571149,fit
train,571210,fit
train,571351,fit
train,571526,fit
train,571672,fit
train,572716,validation
train,572791,fit
train,572865,fit
train,573203,fit
train,573295,validation
train,573301,fit
train,573461,validation
train,573950,fit
train,574007,fit
train,574097,fit
train,574396,fit
train,574509,fit
train,574537,fit
train,575143,fit
train,575460,fit
train,575707,fit
train,575708,fit
train,575744,fit
train,575911,fit
train,575977,validation
train,576345,fit
train,576498,fit
train,576583,fit
train,576747,fit
train,576791,fit
train,576924,fit
train,576990,fit
train,576999,fit
train,577059,validation
train,577363,fit
train,577398,fit
train,578106,fit
train,578127,fit
train,578613,fit
train,578818,fit
train,578828,fit
train,578880,fit
train,578890,fit
train,579194,fit
train,579284,fit
train,579657,fit
train,579979,fit
train,580174,fit
train,580248,fit
train,580904,validation
train,581379,fit
train,581393,fit
train,581435,fit
train,581733,fit
train,582029,fit
train,582208,validation
train,582618,validation
train,582804,fit
train,582948,validation
train,583042,validation
train,583093,fit
train,583211,fit
train,583358,fit
train,583619,fit
train,583755,fit
train,583983,fit
train,584404,fit
train,584451,fit
train,584608,fit
train,584700,validation
train,584728,fit
train,584955,validation
train,585039,fit
train,585177,fit
train,585257,validation
train,585380,fit
train,585518,fit
train,585558,fit
train,585653,fit
train,585664,fit
train,585673,fit
train,585811,validation
train,585984,fit
train,586161,fit
train,586337,fit
train,586432,fit
train,586470,validation
train,586851,fit
train,586878,fit
train,587031,fit
train,587295,fit
train,587409,validation
train,588104,validation
train,588467,fit
train,588498,fit
train,589080,validation
train,589116,fit
train,589195,fit
train,589258,fit
train,589268,fit
train,589730,fit
train,589809,fit
train,589827,fit
train,590020,fit
train,590428,validation
train,590572,fit
train,591797,fit
train,591932,fit
train,591964,fit
train,592188,fit
train,592273,fit
train,592600,fit
train,592959,fit
train,593070,validation
train,593097,fit
train,593156,fit
train,593411,fit
train,593490,validation
train,593498,fit
train,593900,fit
train,594285,fit
train,594556,validation
train,594592,fit
train,594887,fit
train,595093,fit
train,595216,fit
train,595867,fit
train,596376,validation
train,596471,fit
train,596490,fit
train,596495,validation
train,597111,fit
train,597264,fit
train,597399,fit
train,597606,fit
train,597823,validation
train,597911,fit
train,598271,validation
train,598322,fit
train,598439,fit
train,598444,validation
train,598576,fit
train,599215,fit
train,599346,fit
train,599698,fit
train,600013,fit
train,600107,validation
train,600408,fit
train,600492,fit
train,600493,fit
train,600531,validation
train,600867,fit
train,601080,fit
train,601468,validation
train,601487,validation
train,601991,fit
train,602176,validation
train,602546,validation
train,602644,validation
train,602951,fit
train,603069,validation
train,603345,fit
train,603376,validation
train,603400,fit
train,603892,fit
train,604214,fit
train,604308,validation
train,604335,fit
train,604648,fit
train,604705,validation
train,604731,fit
train,604767,validation
train,604944,fit
train,604954,validation
train,605327,fit
train,605577,fit
train,605829,validation
train,605939,fit
train,606170,fit
train,606256,fit
train,606293,fit
train,606597,validation
train,606788,fit
train,607022,fit
train,607191,validation
train,607211,fit
train,607348,fit
train,607356,fit
train,607366,fit
train,607375,fit
train,607383,fit
train,607741,fit
train,607802,fit
train,608216,fit
train,608297,fit
train,608347,fit
train,608464,fit
train,608490,validation
train,608543,fit
train,608860,validation
train,608896,fit
train,609093,fit
train,609227,fit
train,609266,fit
train,609303,fit
train,609377,fit
train,609385,fit
train,609702,fit
train,609889,fit
train,609956,fit
train,610090,validation
train,610673,validation
train,610909,fit
train,610954,fit
train,611449,fit
train,611683,fit
train,611855,fit
train,612172,validation
train,612194,fit
train,612285,fit
train,612294,fit
train,612638,fit
train,613038,fit
train,613071,fit
train,613128,fit
train,613293,fit
train,613505,fit
train,613537,fit
train,613555,fit
train,613889,fit
train,613915,fit
train,614137,fit
train,614276,fit
train,614309,fit
train,614346,fit
train,614627,fit
train,615807,fit
train,616065,fit
train,616361,fit
train,617059,validation
train,617062,fit
train,617273,fit
train,617297,validation
train,617431,validation
train,617505,fit
train,618035,fit
train,618042,fit
train,618555,validation
train,618653,fit
train,619150,fit
train,619181,validation
train,619325,fit
train,619417,fit
train,619451,validation
train,619470,fit
train,619488,validation
train,619550,fit
train,619789,fit
train,620069,validation
train,620606,fit
train,620630,fit
train,620838,fit
train,620919,validation
train,621089,validation
train,621178,fit
train,621614,fit
train,621615,fit
train,621843,fit
train,621890,fit
train,622140,fit
train,622185,fit
train,622278,fit
train,622367,fit
train,622450,validation
train,622615,fit
train,622660,fit
train,622951,fit
train,623520,fit
train,623559,fit
train,623608,validation
train,623631,validation
train,623842,fit
train,624052,fit
train,624094,fit
train,624198,fit
train,624521,fit
train,624692,fit
train,624895,fit
train,625149,fit
train,625269,fit
train,625406,fit
train,625440,fit
train,625609,fit
train,625694,fit
train,625980,validation
train,626730,fit
train,626927,fit
train,627342,fit
train,627394,fit
train,627679,fit
train,627758,validation
train,628058,fit
train,628064,fit
train,628158,fit
train,628414,fit
train,628461,validation
train,628517,fit
train,628711,validation
train,628800,fit
train,628880,fit
train,628930,validation
train,629062,fit
train,629083,validation
train,629112,fit
train,629258,validation
train,629272,fit
train,629386,validation
train,629459,fit
train,629866,validation
train,630052,validation
train,630143,fit
train,630168,validation
train,630402,fit
train,630554,fit
train,630577,validation
train,630739,fit
train,631176,fit
train,631202,validation
train,631398,fit
train,631448,fit
train,631473,fit
train,631517,fit
train,631549,fit
train,631577,fit
train,631652,fit
train,631787,fit
train,631844,fit
train,631901,fit
train,631955,fit
train,632130,fit
train,632336,fit
train,632839,fit
train,632864,fit
train,632884,fit
train,633137,fit
train,633147,fit
train,633210,validation
train,633229,fit
train,633280,fit
train,633387,fit
train,633406,fit
train,633417,fit
train,633547,fit
train,633614,fit
train,633756,fit
train,633782,fit
train,633817,fit
train,633972,fit
train,634169,validation
train,634215,fit
train,634449,fit
train,634770,validation
train,634981,fit
train,635372,fit
train,635753,validation
train,635755,fit
train,635768,validation
train,635908,validation
train,636034,fit
train,636226,validation
train,636399,fit
train,636532,validation
train,636658,fit
train,636922,fit
train,637068,fit
train,637123,fit
train,637746,fit
train,637804,fit
train,638365,fit
train,638400,validation
train,638515,fit
train,638528,validation
train,639074,fit
train,639153,fit
train,639575,validation
train,640295,fit
train,640307,fit
train,640311,fit
train,640384,fit
train,640876,fit
train,641084,fit
train,641140,fit
train,641260,validation
train,641598,fit
train,641649,fit
train,641802,fit
train,641977,fit
train,642236,fit
train,642745,validation
train,643222,fit
train,643508,fit
train,643750,fit
train,644377,fit
train,644566,validation
train,644574,fit
train,644905,fit
train,645268,fit
train,645317,fit
train,645512,fit
train,645667,fit
train,645880,validation
train,646110,validation
train,646258,fit
train,646334,fit
train,646453,fit
train,646507,fit
train,646584,fit
train,646594,validation
train,646700,fit
train,647004,fit
train,647218,validation
train,647439,validation
train,647608,fit
train,647945,fit
train,648037,validation
train,648158,validation
train,648182,validation
train,648230,fit
train,648231,validation
train,648477,fit
train,648540,validation
train,648961,fit
train,649319,fit
train,649364,fit
train,649377,fit
train,649378,fit
train,649451,fit
train,649645,validation
train,649941,fit
train,650097,fit
train,650146,fit
train,650498,fit
train,650644,fit
train,650725,validation
train,650747,fit
train,650761,fit
train,650854,fit
train,651518,fit
train,651565,fit
train,652140,fit
train,652326,fit
train,652338,fit
train,652606,fit
train,652686,fit
train,652809,fit
train,652895,fit
train,653213,fit
train,653359,fit
train,653415,fit
train,653491,fit
train,653512,fit
train,654204,fit
train,654222,fit
train,654327,fit
train,654513,fit
train,654569,fit
train,654645,fit
train,654749,fit
train,654848,fit
train,654886,fit
train,655413,fit
train,655491,fit
train,655769,fit
train,655930,validation
train,655981,validation
train,656094,validation
train,656524,fit
train,656546,fit
train,656596,validation
train,656611,fit
train,656918,fit
train,657100,fit
train,657337,fit
train,657443,fit
train,657549,fit
train,657852,validation
train,657967,fit
train,658178,fit
train,658422,fit
train,658433,fit
train,658439,validation
train,658554,fit
train,659059,fit
train,659064,fit
train,659466,fit
train,659690,fit
train,659957,fit
train,660025,validation
train,660125,fit
train,660468,validation
train,660501,fit
train,660583,validation
train,661153,validation
train,661241,fit
train,661315,validation
train,661566,fit
train,661678,fit
train,661695,fit
train,662160,fit
train,662394,validation
train,662399,fit
train,662505,fit
train,663074,fit
train,663142,fit
train,663163,fit
train,663686,fit
train,663701,validation
train,663716,fit
train,663757,fit
train,663994,fit
train,664025,fit
train,664075,validation
train,664335,fit
train,664582,fit
train,664592,fit
train,664661,fit
train,664755,fit
train,664788,validation
train,664951,fit
train,665078,fit
train,665189,validation
train,665208,fit
train,665259,fit
train,665287,fit
train,665347,fit
train,666098,fit
train,666522,validation
train,667247,fit
train,667255,fit
train,667301,fit
train,667364,fit
train,667675,fit
train,667963,validation
train,667997,fit
train,668019,fit
train,668731,fit
train,668973,validation
train,668979,validation
train,669001,fit
train,669249,validation
train,669255,fit
train,669354,fit
train,669447,fit
train,669605,fit
train,669696,fit
train,669723,fit
train,670070,fit
train,670089,fit
train,670282,fit
train,670561,fit
train,670615,fit
train,670715,fit
train,670720,fit
train,671102,fit
train,671597,fit
train,672007,validation
train,672095,fit
train,672299,fit
train,672385,fit
train,672400,fit
train,672415,fit
train,672495,fit
train,672503,fit
train,672602,validation
train,673125,validation
train,673199,validation
train,673429,fit
train,673637,fit
train,673741,fit
train,673793,fit
train,673877,fit
train,674086,fit
train,674269,fit
train,674344,validation
train,674648,fit
train,674677,validation
train,675068,fit
train,675171,fit
train,675348,fit
train,675465,validation
train,676009,fit
train,676160,fit
train,676225,validation
train,676231,fit
train,676484,fit
train,676520,fit
train,676738,fit
train,677114,fit
train,677344,fit
train,677724,fit
train,677809,fit
train,677883,validation
train,678164,validation
train,678233,validation
train,678659,validation
train,678891,fit
train,679264,fit
train,679919,fit
train,680006,fit
train,680549,fit
train,680755,fit
train,680856,validation
train,681018,fit
train,681290,fit
train,681997,fit
train,682012,validation
train,682199,fit
train,682358,fit
train,682714,fit
train,682789,fit
train,683583,fit
train,683613,fit
train,683681,validation
train,683861,fit
train,683920,fit
train,684423,fit
train,684643,validation
train,684681,validation
train,684740,fit
train,685163,fit
train,685227,fit
train,685282,fit
train,685340,validation
train,685603,fit
train,685685,validation
train,685983,validation
train,686124,fit
train,686137,fit
train,686408,fit
train,686455,fit
train,686573,fit
train,686668,fit
train,686717,fit
train,686721,fit
train,687016,fit
train,687090,validation
train,687167,fit
train,687174,fit
train,687272,fit
train,687477,validation
train,687499,fit
train,687639,fit
train,688066,fit
train,688384,fit
train,688416,fit
train,688581,fit
train,688738,fit
train,688807,fit
train,688881,fit
train,688922,fit
train,688933,fit
train,689421,validation
train,689523,fit
train,689863,fit
train,689904,fit
train,690011,fit
train,690303,fit
train,690476,fit
train,690531,fit
train,690588,validation
train,690725,fit
train,690958,fit
train,691075,fit
train,691120,validation
train,691148,fit
train,691773,fit
train,692052,fit
train,692111,fit
train,692576,fit
train,692622,fit
train,692686,fit
train,692718,fit
train,692832,fit
train,693122,validation
train,693626,fit
train,693666,fit
train,693764,validation
train,693817,fit
train,694001,fit
train,694008,fit
train,694121,fit
train,694468,validation
train,694721,fit
train,695331,fit
train,695446,validation
train,695487,fit
train,696271,fit
train,696304,fit
train,696473,fit
train,696534,fit
train,696576,fit
train,697087,fit
train,697139,fit
train,697333,fit
train,697406,fit
train,697413,fit
train,697521,validation
train,697805,fit
train,698232,validation
train,698551,validation
train,698658,fit
train,698678,fit
train,698804,fit
train,698829,validation
train,698945,fit
train,699056,fit
train,699189,fit
train,699370,fit
train,699459,fit
train,699651,fit
train,699771,fit
train,699851,fit
train,700681,fit
train,700826,fit
train,700916,fit
train,700991,validation
train,701361,fit
train,701491,fit
train,701610,validation
train,702010,fit
train,702191,fit
train,702262,validation
train,702403,fit
train,702766,fit
train,702992,fit
train,703094,fit
train,703241,fit
train,703298,fit
train,703410,validation
train,703580,fit
train,704238,fit
train,705048,fit
train,705128,validation
train,705284,fit
train,705491,fit
train,705597,fit
train,705712,validation
train,706067,fit
train,706200,fit
train,706255,fit
train,706504,fit
train,706730,validation
train,707562,fit
train,707712,fit
train,707976,fit
train,708221,validation
train,708352,validation
train,708417,validation
train,708528,fit
train,708789,fit
train,708981,validation
train,709186,validation
train,709294,fit
train,709563,validation
train,709613,fit
train,709962,fit
train,709978,fit
train,709988,fit
train,710090,fit
train,710229,fit
train,710390,fit
train,710875,fit
train,710918,fit
train,710989,fit
train,711000,fit
train,711174,fit
train,711259,fit
train,711310,validation
train,711445,fit
train,711500,fit
train,711580,validation
train,711813,fit
train,711830,fit
train,711980,fit
train,712340,fit
train,712448,fit
train,712811,fit
train,713133,fit
train,713263,fit
train,713394,fit
train,713507,fit
train,713576,validation
train,713655,validation
train,713706,fit
train,713846,fit
train,713951,fit
train,714401,fit
train,714662,fit
train,715350,fit
train,715410,validation
train,715413,fit
train,715700,fit
train,715820,fit
train,715940,fit
train,716235,fit
train,716279,fit
train,716347,validation
train,716585,validation
train,716647,fit
train,716942,validation
train,717910,fit
train,717911,fit
train,717979,fit
train,718064,fit
train,718121,fit
train,718310,validation
train,718505,fit
train,718652,fit
train,719002,fit
train,719067,fit
train,719089,fit
train,719687,fit
train,719951,fit
train,719970,fit
train,720002,fit
train,720007,fit
train,720034,fit
train,720105,fit
train,720130,fit
train,720212,fit
train,720279,fit
train,720671,fit
train,720825,fit
train,720926,fit
train,721346,fit
train,721459,fit
train,721649,validation
train,721963,validation
train,722141,fit
train,722197,fit
train,722289,validation
train,722339,fit
train,722471,fit
train,722622,fit
train,722677,fit
train,722733,validation
train,723048,fit
train,723070,fit
train,723859,fit
train,723931,validation
train,723980,fit
train,724007,fit
train,724155,validation
train,724745,fit
train,724819,fit
train,725084,fit
train,725167,validation
train,725592,fit
train,726166,fit
train,726171,fit
train,726231,fit
train,726524,fit
train,726579,fit
train,726593,fit
train,726716,fit
train,727003,fit
train,727063,validation
train,727442,validation
train,727447,fit
train,727505,fit
train,727584,fit
train,727649,fit
train,727719,fit
train,728122,validation
train,728290,fit
train,728503,fit
train,728742,fit
train,728947,fit
train,729098,fit
train,729281,fit
train,729723,fit
train,729869,validation
train,730040,fit
train,730059,validation
train,730241,fit
train,730353,fit
train,730487,fit
train,730603,fit
train,730609,fit
train,731112,fit
train,731333,validation
train,731337,validation
train,731765,fit
train,732044,fit
train,732151,validation
train,732358,fit
train,732586,fit
train,732662,fit
train,732676,fit
train,732741,fit
train,733025,fit
train,733095,fit
train,733373,fit
train,733735,fit
train,734032,fit
train,734035,fit
train,734192,fit
train,734207,fit
train,734324,fit
train,734840,fit
train,735636,fit
train,735663,fit
train,735791,fit
train,736238,fit
train,736770,fit
train,736943,fit
train,736947,fit
train,737005,fit
train,737048,fit
train,737393,fit
train,737423,fit
train,737428,fit
train,737439,fit
train,737744,fit
train,738376,fit
train,738450,fit
train,738753,fit
train,738905,fit
train,738952,fit
train,739147,fit
train,739335,fit
train,739346,fit
train,739376,fit
train,739540,fit
train,739555,fit
train,739616,fit
train,740073,validation
train,740516,fit
train,741123,fit
train,741354,fit
train,741364,fit
train,741883,fit
train,742063,validation
train,742203,fit
train,742362,fit
train,742458,fit
train,742584,fit
train,742602,fit
train,742697,fit
train,742824,fit
train,742987,validation
train,743076,validation
train,743191,validation
train,743521,fit
train,743554,fit
train,743646,fit
train,743678,fit
train,743724,fit
train,743740,fit
train,743972,fit
train,743988,fit
train,744167,fit
train,744315,validation
train,744364,fit
train,744365,validation
train,744372,fit
train,744440,fit
train,744488,fit
train,744561,fit
train,745125,fit
train,745214,fit
train,745275,fit
train,745366,fit
train,745422,fit
train,745577,fit
train,745629,fit
train,745784,validation
train,746049,fit
train,746107,fit
train,746203,validation
train,746249,fit
train,746532,fit
train,746565,fit
train,746736,fit
train,746848,fit
train,746991,fit
train,747106,validation
train,747135,validation
train,747646,fit
train,747783,validation
train,747878,validation
train,747927,fit
train,748022,validation
train,748106,fit
train,748113,fit
train,748156,fit
train,748224,fit
train,748688,fit
train,749469,validation
train,749620,fit
train,749649,fit
train,749660,fit
train,749948,fit
train,750128,validation
train,750438,fit
train,750697,fit
train,750813,fit
train,750816,validation
train,750833,fit
train,750994,fit
train,751086,fit
train,751097,fit
train,751329,validation
train,751535,fit
train,751759,fit
train,751771,validation
train,751830,fit
train,752041,fit
train,752045,validation
train,752470,fit
train,752543,fit
train,752562,validation
train,752695,fit
train,752708,validation
train,752731,fit
train,752811,validation
train,753087,validation
train,753276,fit
train,753418,fit
train,753933,fit
train,754380,fit
train,754469,fit
train,754630,fit
train,755369,fit
train,755375,fit
train,755407,validation
train,755558,fit
train,755803,fit
train,755809,validation
train,756614,fit
train,756841,fit
train,757003,fit
train,757340,fit
train,757558,validation
train,757645,fit
train,757654,fit
train,757914,validation
train,758551,fit
train,758639,fit
train,758772,fit
train,758849,validation
train,758905,fit
train,759015,fit
train,759132,fit
train,759190,fit
train,759256,fit
train,759539,fit
train,759544,fit
train,759922,fit
train,760058,fit
train,760107,fit
train,760355,fit
train,760356,fit
train,760464,fit
train,760778,fit
train,760867,fit
train,761030,fit
train,761390,fit
train,761420,fit
train,761733,fit
train,761796,fit
train,761968,fit
train,762025,fit
train,762089,fit
train,762112,fit
train,762481,fit
train,762918,fit
train,763198,fit
train,763388,fit
train,763956,fit
train,764039,fit
train,764131,fit
train,764193,fit
train,765030,fit
train,765415,fit
train,765423,fit
train,765439,fit
train,765570,fit
train,765609,fit
train,765628,fit
train,765757,fit
train,765761,fit
train,765906,validation
train,765932,fit
train,766112,fit
train,766113,fit
train,766130,validation
train,766183,fit
train,766272,fit
train,766901,fit
train,767336,fit
train,767458,fit
train,767706,fit
train,767745,fit
train,767767,fit
train,768059,fit
train,768518,fit
train,768588,validation
train,768865,fit
train,769462,fit
train,769477,validation
train,769698,validation
train,770259,fit
train,770276,validation
train,770346,fit
train,770353,fit
train,770445,fit
train,770621,fit
train,770918,fit
train,771195,fit
train,771242,fit
train,771442,fit
train,771481,fit
train,771552,fit
train,771716,fit
train,771824,fit
train,772151,validation
train,772784,fit
train,772813,fit
train,772950,fit
train,773106,fit
train,773237,fit
train,773249,fit
train,773382,fit
train,773477,fit
train,773641,fit
train,773786,fit
train,774201,validation
train,774851,validation
train,775135,fit
train,775197,validation
train,775213,fit
train,775397,fit
train,775507,fit
train,775557,fit
train,775804,fit
train,775938,fit
train,775942,fit
train,775971,fit
train,775976,validation
train,776103,fit
train,776395,fit
train,776400,fit
train,776593,fit
train,776773,fit
train,776776,fit
train,777062,fit
train,777372,validation
train,777385,fit
train,777507,fit
train,777509,validation
train,777571,fit
train,777627,validation
train,778319,fit
train,778486,fit
train,778735,fit
train,778852,fit
train,779161,validation
train,779198,fit
train,779483,validation
train,779502,fit
train,779517,validation
train,779716,fit
train,779807,fit
train,780110,validation
train,780523,validation
train,780551,validation
train,781197,fit
train,781229,fit
train,781380,validation
train,781566,fit
train,782252,fit
train,782428,fit
train,782571,fit
train,782587,fit
train,782778,validation
train,783047,validation
train,783348,fit
train,783606,validation
train,783609,fit
train,783677,fit
train,783751,fit
train,783773,fit
train,784243,fit
train,784464,fit
train,784564,fit
train,784864,fit
train,784870,fit
train,784913,fit
train,785158,fit
train,785241,validation
train,785291,fit
train,785357,fit
train,785516,fit
train,785595,fit
train,785608,fit
train,785766,validation
train,785824,validation
train,785838,fit
train,786038,fit
train,786084,fit
train,786131,fit
train,786788,fit
train,786849,fit
train,787192,fit
train,787589,fit
train,787837,fit
train,788001,validation
train,788533,fit
train,788789,fit
train,789119,fit
train,789425,fit
train,789466,validation
train,789777,fit
train,790335,fit
train,790497,fit
train,790638,fit
train,790691,fit
train,790727,fit
train,791277,fit
train,791635,fit
train,791701,fit
train,791875,fit
train,792020,fit
train,792024,fit
train,792226,validation
train,792248,fit
train,792501,fit
train,792634,fit
train,793367,validation
train,793750,fit
train,794016,fit
train,794051,fit
train,794271,fit
train,794655,fit
train,794772,fit
train,795102,fit
train,795136,validation
train,796038,fit
train,796175,fit
train,796248,fit
train,796397,fit
train,796415,fit
train,796462,validation
train,796519,fit
train,796638,validation
train,796684,fit
train,796687,fit
train,797155,fit
train,797259,fit
train,797334,fit
train,797460,fit
train,797745,fit
train,797847,fit
train,797881,fit
train,798222,fit
train,798307,fit
train,798682,validation
train,798694,fit
train,798723,validation
train,798882,validation
train,798911,fit
train,799492,fit
train,799629,fit
train,799745,fit
train,799773,fit
train,799849,fit
train,800008,fit
train,800109,fit
train,800278,fit
train,800580,fit
train,800734,fit
train,800825,fit
train,801113,validation
train,801131,fit
train,801189,validation
train,801288,validation
train,801322,fit
train,801469,fit
train,801547,fit
train,801577,fit
train,801716,fit
train,801751,fit
train,801784,fit
train,801902,validation
train,801947,validation
train,802038,validation
train,802064,validation
train,802163,fit
train,802381,fit
train,802582,fit
train,803019,fit
train,803176,fit
train,803327,fit
train,803337,validation
train,803472,fit
train,803539,fit
train,803899,fit
train,803952,fit
train,804047,fit
train,804404,fit
train,804611,fit
train,804715,fit
train,804992,fit
train,805043,fit
train,805134,fit
train,805350,fit
train,805470,fit
train,805661,fit
train,805778,fit
train,805993,fit
train,806144,fit
train,806226,fit
train,806322,fit
train,806373,validation
train,806390,fit
train,806451,fit
train,806474,fit
train,806580,fit
train,806810,fit
train,806867,fit
train,807138,fit
train,807293,fit
train,807336,fit
train,807396,fit
train,807690,validation
train,807775,validation
train,808215,fit
train,808916,fit
train,809329,fit
train,809338,fit
train,809444,fit
train,810201,fit
train,810494,fit
train,810607,fit
train,810699,fit
train,810811,fit
train,810927,fit
train,810967,fit
train,811155,fit
train,811417,fit
train,811528,fit
train,811588,fit
train,811606,validation
train,811863,fit
train,811876,fit
train,811967,fit
train,812097,fit
train,812397,fit
train,812426,fit
train,812612,validation
train,812937,validation
train,813040,fit
train,813097,fit
train,813114,fit
train,813150,fit
train,813526,fit
train,813528,fit
train,813548,fit
train,813953,fit
train,814153,fit
train,814198,fit
train,814322,fit
train,814412,validation
train,814481,fit
train,814646,fit
train,815694,validation
train,815843,fit
train,815869,fit
train,815949,validation
train,816051,fit
train,816181,validation
train,816324,fit
train,816328,validation
train,816476,validation
train,816492,fit
train,816786,fit
train,816944,fit
train,817170,fit
train,817172,fit
train,817467,fit
train,818201,fit
train,818247,fit
train,818745,validation
train,818826,validation
train,818851,validation
train,818885,fit
train,819018,fit
train,819090,fit
train,819139,validation
train,819196,fit
train,819474,fit
train,820093,validation
train,820128,fit
train,820505,fit
train,820580,fit
train,820751,fit
train,820781,fit
train,820811,fit
train,820862,validation
train,821011,fit
train,821118,fit
train,821218,validation
train,821331,fit
train,821378,fit
train,821667,fit
train,821677,fit
train,821842,fit
train,822051,fit
train,822099,fit
train,822267,validation
train,822366,validation
train,822376,fit
train,822678,fit
train,822682,fit
train,822768,fit
train,822854,fit
train,823097,fit
train,823226,fit
train,823260,fit
train,823504,fit
train,823780,fit
train,824296,fit
train,824362,fit
train,824382,fit
train,824476,fit
train,825323,fit
train,825523,fit
train,825548,fit
train,825995,fit
train,826005,fit
train,826030,fit
train,826103,fit
train,826212,fit
train,826225,validation
train,826301,fit
train,826445,validation
train,826491,fit
train,826498,fit
train,826536,validation
train,826777,fit
train,827313,fit
train,827393,fit
train,827489,fit
train,827804,fit
train,827891,fit
train,827935,fit
train,827980,fit
train,828031,fit
train,828078,fit
train,828150,fit
train,828166,fit
train,828274,validation
train,828520,fit
train,828860,fit
train,829134,fit
train,829161,fit
train,829182,fit
train,829237,fit
train,829256,validation
train,829288,fit
train,829510,validation
train,829798,fit
train,830104,validation
train,830221,fit
train,830562,fit
train,830598,fit
train,830650,fit
train,831130,fit
train,831527,fit
train,831663,fit
train,831718,fit
train,831837,fit
train,832508,fit
train,833016,fit
train,833221,fit
train,833340,validation
train,833361,fit
train,834011,fit
train,834118,fit
train,834231,validation
train,834278,fit
train,834445,validation
train,834618,fit
train,834926,fit
train,834961,validation
train,835670,fit
train,835815,fit
train,835887,fit
train,836297,fit
train,836304,fit
train,836469,fit
train,836545,fit
train,836663,validation
train,836731,fit
train,837042,fit
train,837063,fit
train,837099,fit
train,837125,fit
train,837252,fit
train,837486,fit
train,837625,fit
train,837694,fit
train,837707,fit
train,837745,fit
train,837912,fit
train,837919,fit
train,838438,fit
train,838540,validation
train,838784,fit
train,838787,fit
train,839029,fit
train,839103,fit
train,839505,validation
train,839528,fit
train,839689,fit
train,839755,fit
train,840025,fit
train,840423,fit
train,840663,fit
train,840785,fit
train,840795,fit
train,840912,fit
train,841542,fit
train,841852,fit
train,841979,fit
train,842194,fit
train,842358,fit
train,842430,fit
train,842563,validation
train,842729,validation
train,842865,fit
train,842953,fit
train,843130,fit
train,843913,validation
train,843967,fit
train,844414,fit
train,844460,fit
train,844657,fit
train,844702,fit
train,844720,validation
train,844775,fit
train,844880,validation
train,845092,fit
train,845099,fit
train,845203,validation
train,846036,fit
train,846057,fit
train,846169,validation
train,846246,fit
train,846303,fit
train,846470,fit
train,846693,fit
train,846758,fit
train,846814,fit
train,846966,fit
train,847085,fit
train,847309,fit
train,847530,fit
train,847665,validation
train,847711,fit
train,848018,fit
train,848104,validation
train,848192,fit
train,848475,fit
train,849041,fit
train,849135,fit
train,849227,fit
train,849593,fit
train,849831,fit
train,849874,fit
train,850095,validation
train,850127,validation
train,850242,fit
train,850804,fit
train,850899,fit
train,850940,fit
train,851140,fit
train,851431,fit
train,851986,fit
train,852109,fit
train,852214,validation
train,852480,fit
train,852574,fit
train,852835,fit
train,853265,fit
train,853371,fit
train,854083,fit
train,854259,validation
train,854448,validation
train,854998,fit
train,855123,validation
train,855182,fit
train,855196,validation
train,855466,fit
train,855525,fit
train,855778,fit
train,856496,fit
train,856525,fit
train,856818,fit
train,856827,fit
train,856971,fit
train,857009,fit
train,857279,validation
train,857509,fit
train,857685,fit
train,857963,validation
train,858061,fit
train,858272,fit
train,858512,fit
train,858855,fit
train,858993,fit
train,859308,validation
train,859410,fit
train,859442,fit
train,859484,fit
train,859533,fit
train,859667,validation
train,859686,validation
train,859759,fit
train,859777,fit
train,860119,validation
train,860178,fit
train,860255,fit
train,860334,fit
train,860716,fit
train,860902,fit
train,860908,validation
train,861083,fit
train,861156,fit
train,861266,validation
train,861384,fit
train,861410,fit
train,861426,validation
train,861528,fit
train,862103,fit
train,862395,fit
train,862634,validation
train,862691,validation
train,862743,fit
train,862778,fit
train,862859,fit
train,862913,fit
train,863190,fit
train,863307,fit
train,863524,fit
train,863905,fit
train,864117,validation
train,864255,validation
train,864691,fit
train,864733,fit
train,864744,fit
train,864783,fit
train,864805,fit
train,864828,fit
train,865072,fit
train,865553,fit
train,865755,fit
train,866001,fit
train,866323,fit
train,866325,fit
train,866328,fit
train,866383,fit
train,866412,fit
train,867066,fit
train,867367,fit
train,867769,validation
train,868128,fit
train,868388,validation
train,868703,fit
train,868818,fit
train,868917,validation
train,868953,fit
train,869147,fit
train,869695,fit
train,869861,fit
train,870690,fit
train,870864,fit
train,870938,fit
train,871104,fit
train,871256,fit
train,871272,fit
train,871321,fit
train,871489,validation
train,871678,fit
train,871777,fit
train,871802,fit
train,871820,fit
train,871873,fit
train,871922,fit
train,872161,validation
train,872229,fit
train,872411,fit
train,872432,fit
train,872773,fit
train,872943,validation
train,872987,fit
train,873071,fit
train,873707,fit
train,873828,fit
train,873913,fit
train,873957,validation
train,873976,fit
train,873980,fit
train,874312,fit
train,874465,validation
train,874565,fit
train,874610,fit
train,875302,fit
train,875425,fit
train,875533,fit
train,876131,fit
train,876337,validation
train,876676,fit
train,876770,fit
train,876854,fit
train,877141,fit
train,877187,fit
train,877205,fit
train,877543,validation
train,877575,fit
train,877597,fit
train,877762,fit
train,878030,fit
train,878094,fit
train,878548,validation
train,878577,fit
train,878803,fit
train,878866,validation
train,879139,fit
train,879266,fit
train,879966,fit
train,880064,fit
train,880124,fit
train,880340,fit
train,880486,fit
train,880651,fit
train,880762,fit
train,881045,fit
train,881137,fit
train,881286,fit
train,881409,fit
train,881672,fit
train,881909,fit
train,881932,fit
train,881983,validation
train,882003,fit
train,882219,validation
train,882363,validation
train,882489,fit
train,882496,fit
train,882497,fit
train,882526,validation
train,882600,fit
train,882792,fit
train,882978,fit
train,883012,fit
train,883191,fit
train,883645,fit
train,883684,fit
train,883691,fit
train,884097,fit
train,884160,validation
train,884423,fit
train,884554,validation
train,884661,fit
train,884671,fit
train,884998,validation
train,885055,fit
train,885108,validation
train,885125,fit
train,885596,fit
train,885755,fit
train,885967,fit
train,885971,validation
train,886175,fit
train,886442,fit
train,886503,validation
train,886615,validation
train,887039,fit
train,887547,fit
train,887655,fit
train,887959,validation
train,888793,fit
train,888880,fit
train,888976,fit
train,889023,validation
train,889074,validation
train,889253,fit
train,889463,fit
train,889538,fit
train,889746,fit
train,889833,fit
train,889958,fit
train,890203,fit
train,890269,fit
train,890368,validation
train,890372,fit
train,890942,validation
train,890944,fit
train,891097,validation
train,891122,validation
train,891239,fit
train,891281,fit
train,891488,fit
train,891711,fit
train,891973,fit
train,892083,fit
train,892229,fit
train,893256,fit
train,893358,fit
train,893527,fit
train,893559,validation
train,893910,fit
train,894000,fit
train,894023,fit
train,894026,fit
train,894213,fit
train,894276,fit
train,894328,fit
train,894334,validation
train,894352,fit
train,894470,fit
train,894532,fit
train,894653,fit
train,894877,fit
train,894950,fit
train,895077,fit
train,895090,fit
train,895101,fit
train,895254,fit
train,895344,fit
train,895405,fit
train,895675,fit
train,895922,fit
train,896037,fit
train,896369,validation
train,896405,fit
train,896449,fit
train,896634,fit
train,896664,validation
train,896987,validation
train,897222,fit
train,897267,fit
train,897272,fit
train,897392,fit
train,897579,fit
train,897586,fit
train,897654,fit
train,897946,validation
train,898056,validation
train,898112,fit
train,898458,fit
train,898536,fit
train,898743,fit
train,898780,validation
train,899131,fit
train,899475,fit
train,899657,fit
train,899667,fit
train,899753,fit
train,900000,validation
train,900253,fit
train,900402,fit
train,900459,fit
train,900657,fit
train,900826,fit
train,901326,validation
train,901436,fit
train,901555,validation
train,901602,validation
train,901717,fit
train,901799,fit
train,902048,fit
train,902201,fit
train,902272,fit
train,902452,fit
train,902503,fit
train,902614,fit
train,902632,validation
train,903049,fit
train,903192,fit
train,903201,fit
train,903511,fit
train,903544,validation
train,903552,fit
train,903949,fit
train,903987,fit
train,903999,fit
train,904376,fit
train,904741,fit
train,904771,fit
train,904909,fit
train,905059,fit
train,905192,fit
train,905314,fit
train,905450,fit
train,905491,fit
train,905507,fit
train,905558,validation
train,905627,fit
train,905681,validation
train,905780,fit
train,905785,fit
train,905998,fit
train,906104,validation
train,906150,fit
train,906383,validation
train,906534,fit
train,906542,validation
train,906858,fit
train,907088,fit
train,907137,fit
train,907181,fit
train,907253,fit
train,907332,fit
train,907469,fit
train,907515,fit
train,907793,fit
train,907844,validation
train,908177,validation
train,908938,fit
train,909036,validation
train,909319,validation
train,909594,fit
train,910320,fit
train,910352,validation
train,910396,fit
train,910445,fit
train,910519,validation
train,910596,fit
train,910659,fit
train,910687,fit
train,910722,validation
train,910914,fit
train,911252,validation
train,911257,fit
train,911340,fit
train,911626,validation
train,911783,fit
train,912110,fit
train,912619,fit
train,913006,fit
train,913014,validation
train,913197,fit
train,913389,validation
train,913593,fit
train,913636,fit
train,913932,validation
train,913977,fit
train,914219,fit
train,914300,fit
train,914511,fit
train,914892,fit
train,914920,fit
train,915140,fit
train,915200,fit
train,915415,fit
train,915520,fit
train,915792,validation
train,915810,fit
train,916142,fit
train,916311,fit
train,916948,fit
train,916968,fit
train,917236,validation
train,917380,fit
train,917383,fit
train,917583,fit
train,917661,fit
train,918138,fit
train,918430,fit
train,918488,fit
train,918805,fit
train,919551,validation
train,919734,validation
train,919897,validation
train,919993,fit
train,920124,fit
train,920331,fit
train,920493,fit
train,920513,fit
train,920655,fit
train,920661,fit
train,921055,fit
train,921276,fit
train,921345,fit
train,921710,validation
train,921818,fit
train,921892,fit
train,921908,fit
train,921977,fit
train,922008,validation
train,922094,fit
train,922314,validation
train,922349,fit
train,922603,fit
train,922729,validation
train,922746,fit
train,922878,fit
train,922918,fit
train,923501,fit
train,923587,fit
train,923799,fit
train,923835,fit
train,924218,fit
train,924333,fit
train,924773,fit
train,925168,fit
train,925218,fit
train,925485,validation
train,925585,fit
train,925735,fit
train,925917,fit
train,925926,fit
train,926134,fit
train,926282,fit
train,926303,fit
train,926518,fit
train,926877,validation
train,927028,fit
train,927290,fit
train,927309,validation
train,927733,fit
train,928046,fit
train,928083,fit
train,928144,fit
train,928323,fit
train,928612,fit
train,928888,fit
train,928994,fit
train,929164,validation
train,929273,fit
train,929541,validation
train,929744,fit
train,930178,fit
train,930422,validation
train,930632,fit
train,930772,validation
train,930885,fit
train,931076,fit
train,931202,validation
train,931288,fit
train,931855,fit
train,931893,fit
train,931894,fit
train,932345,fit
train,932457,fit
train,932789,fit
train,932844,fit
train,933051,fit
train,933303,fit
train,933603,fit
train,933723,fit
train,933751,validation
train,933776,fit
train,933792,fit
train,933902,fit
train,934054,fit
train,934303,validation
train,934426,validation
train,934815,fit
train,935021,fit
train,935094,fit
train,935585,fit
train,935770,fit
train,935798,fit
train,935803,validation
train,935935,fit
train,936054,fit
train,936743,fit
train,936763,fit
train,936771,fit
train,936923,fit
train,937262,validation
train,937265,validation
train,937422,fit
train,937492,fit
train,937666,fit
train,938060,fit
train,938259,fit
train,938344,fit
train,938715,fit
train,938966,fit
train,939842,fit
train,940283,fit
train,940379,fit
train,940704,fit
train,940961,validation
train,941074,fit
train,941174,fit
train,941218,fit
train,941227,fit
train,941527,validation
train,941593,fit
train,941847,fit
train,941940,fit
train,942036,validation
train,942108,fit
train,942375,fit
train,942401,fit
train,942434,fit
train,942832,fit
train,942913,fit
train,943008,fit
train,943129,fit
train,943131,fit
train,943170,validation
train,943366,fit
train,943520,fit
train,943912,fit
train,944316,fit
train,944550,validation
train,944628,fit
train,944654,fit
train,944850,fit
train,945068,fit
train,945079,fit
train,945184,fit
train,945814,fit
train,945943,fit
train,946154,fit
train,946350,fit
train,947270,validation
train,947938,fit
train,947973,fit
train,948273,fit
train,948393,fit
train,948510,fit
train,948662,validation
train,948734,fit
train,948763,fit
train,948895,fit
train,949061,validation
train,949076,validation
train,949122,fit
train,949297,fit
train,949397,fit
train,949568,fit
train,949686,fit
train,949712,fit
train,949740,validation
train,950034,fit
train,950299,fit
train,950322,fit
train,950385,fit
train,950502,fit
train,950513,fit
train,950582,validation
train,950801,fit
train,950904,fit
train,951070,fit
train,951361,fit
train,951408,fit
train,951582,fit
train,951699,validation
train,951910,fit
train,951970,fit
train,951979,fit
train,952099,fit
train,952301,fit
train,952647,fit
train,952815,fit
train,952951,fit
train,952975,validation
train,953188,fit
train,953288,fit
train,953307,fit
train,953933,fit
train,953971,fit
train,954211,fit
train,954289,fit
train,954472,fit
train,954496,fit
train,955130,fit
train,955564,fit
train,955892,fit
train,956325,validation
train,956493,fit
train,956592,fit
train,956793,validation
train,956886,fit
train,956928,fit
train,956971,fit
train,957097,fit
train,957236,fit
train,957279,fit
train,957323,fit
train,957585,fit
train,957792,fit
train,957897,fit
train,957928,fit
train,958091,fit
train,958147,validation
train,958187,fit
train,958249,validation
train,958458,fit
train,958537,fit
train,958649,fit
train,958692,fit
train,958809,fit
train,959306,fit
train,959359,fit
train,959411,validation
train,959475,fit
train,959508,fit
train,959572,fit
train,959653,fit
train,959688,fit
train,960497,fit
train,960596,fit
train,960736,fit
train,960925,fit
train,960948,fit
train,960994,fit
train,961001,fit
train,961056,validation
train,961077,fit
train,961245,fit
train,961448,fit
train,961618,fit
train,961915,validation
train,961982,fit
train,961984,fit
train,962024,fit
train,962288,fit
train,962340,fit
train,962418,fit
train,962837,fit
train,962862,fit
train,962950,fit
train,962982,fit
train,963138,validation
train,963279,fit
train,963570,fit
train,963578,fit
train,963640,fit
train,963785,fit
train,964039,validation
train,964214,fit
train,964444,validation
train,964466,validation
train,964586,fit
train,964770,validation
train,965052,fit
train,965089,fit
train,965404,fit
train,965889,fit
train,965984,fit
train,966047,fit
train,966281,fit
train,966450,fit
train,966561,validation
train,967140,fit
train,967409,fit
train,967580,fit
train,968067,fit
train,968085,fit
train,968312,fit
train,968492,fit
train,968536,fit
train,969086,fit
train,969116,fit
train,969529,fit
train,969667,fit
train,969968,fit
train,970106,fit
train,970157,fit
train,970613,fit
train,970733,fit
train,970744,fit
train,970961,validation
train,971037,validation
train,971082,fit
train,971147,fit
train,971165,fit
train,971443,validation
train,971515,fit
train,971697,fit
train,971753,fit
train,971760,fit
train,971891,fit
train,971965,fit
train,972297,fit
train,972327,fit
train,972351,fit
train,972772,fit
train,972838,fit
train,973081,fit
train,973114,fit
train,973175,fit
train,973244,validation
train,973868,fit
train,974189,fit
train,974327,fit
train,974416,fit
train,974520,fit
train,974859,fit
train,975540,validation
train,975679,fit
train,975713,fit
train,975958,fit
train,976024,fit
train,976128,validation
train,976358,fit
train,976632,fit
train,976651,fit
train,976733,fit
train,976749,fit
train,976815,fit
train,977047,validation
train,977154,fit
train,977532,validation
train,977541,fit
train,977543,fit
train,977753,fit
train,978280,fit
train,978340,fit
train,978697,validation
train,978969,fit
train,978985,fit
train,979037,fit
train,979261,fit
train,979640,fit
train,979746,fit
train,979902,validation
train,980121,validation
train,980317,fit
train,980449,validation
train,980498,fit
train,980559,validation
train,980830,validation
train,980886,fit
train,981077,validation
train,981105,validation
train,981504,fit
train,981562,fit
train,981749,fit
train,981881,fit
train,981921,fit
train,982019,fit
train,982168,fit
train,982187,fit
train,982370,fit
train,982415,validation
train,982474,fit
train,982743,validation
train,982776,validation
train,982796,fit
train,982960,fit
train,982974,fit
train,983034,fit
train,983293,fit
train,983534,fit
train,983656,validation
train,983711,fit
train,983745,fit
train,983763,fit
train,983798,fit
train,983947,validation
train,983979,fit
train,983994,fit
train,984301,fit
train,984407,fit
train,984509,validation
train,984590,fit
train,984955,validation
train,985155,validation
train,985623,fit
train,985641,validation
train,985648,fit
train,985790,fit
train,986178,fit
train,986276,validation
train,986399,validation
train,986516,fit
train,986835,validation
train,986966,validation
train,986968,fit
train,987050,fit
train,987243,fit
train,987409,fit
train,987623,fit
train,987667,fit
train,987758,validation
train,987891,fit
train,988636,fit
train,988708,validation
train,988837,validation
train,988881,fit
train,988946,fit
train,988991,fit
train,989467,fit
train,989521,fit
train,989710,fit
train,989832,fit
train,990168,validation
train,990690,fit
train,990752,fit
train,990902,fit
train,991056,validation
train,991190,fit
train,991298,fit
train,991413,validation
train,991525,fit
train,991528,validation
train,991871,fit
train,992049,fit
train,992162,fit
train,992214,fit
train,992296,fit
train,992403,fit
train,992732,validation
train,992793,fit
train,992800,fit
train,993110,fit
train,993163,fit
train,993187,fit
train,993246,fit
train,994210,validation
train,994239,fit
train,994309,fit
train,994360,validation
train,994394,fit
train,994503,fit
train,994747,fit
train,994817,fit
train,994853,fit
train,994909,fit
train,995200,fit
train,995271,fit
train,995612,fit
train,995677,fit
train,995912,fit
train,996039,fit
train,996147,fit
train,996508,fit
train,996681,fit
train,996760,fit
train,997025,fit
train,997666,fit
train,997724,validation
train,997767,fit
train,997818,fit
train,998307,fit
train,999052,fit
train,999393,fit
train,999450,fit
train,999634,fit
train,999725,validation
train,999788,fit
train,1000013,fit
train,1000552,fit
train,1000609,fit
train,1000818,fit
train,1000885,fit
train,1001363,validation
train,1001398,fit
train,1001670,fit
train,1001671,fit
train,1001931,fit
train,1001966,validation
train,1002006,fit
train,1002073,fit
train,1002118,validation
train,1003235,fit
train,1003300,fit
train,1003701,validation
train,1003718,fit
train,1003968,validation
train,1004073,fit
train,1004137,fit
train,1004867,fit
train,1005087,fit
train,1005241,fit
train,1005243,validation
train,1005339,fit
train,1005343,fit
train,1005423,fit
train,1005591,validation
train,1005641,fit
train,1005985,fit
train,1006080,validation
train,1006222,fit
train,1006223,fit
train,1006305,fit
train,1006397,fit
train,1006531,fit
train,1006821,fit
train,1006893,fit
train,1006969,fit
train,1006971,fit
train,1007028,validation
train,1007194,fit
train,1007296,fit
train,1007511,fit
train,1007622,fit
train,1007977,fit
train,1007984,fit
train,1008354,fit
train,1008367,fit
train,1008535,fit
train,1008865,fit
train,1009151,fit
train,1009164,validation
train,1009437,fit
train,1009529,fit
train,1009837,fit
train,1009881,fit
train,1010024,validation
train,1010293,fit
train,1010440,fit
train,1010483,validation
train,1010797,fit
train,1011413,fit
train,1011896,fit
train,1011941,fit
train,1011961,validation
train,1011991,fit
train,1012150,fit
train,1012313,fit
train,1012385,fit
train,1013349,fit
train,1013393,fit
train,1013447,validation
train,1013453,fit
train,1013722,validation
train,1014186,fit
train,1014311,validation
train,1014452,fit
train,1014460,validation
train,1014869,fit
train,1015062,fit
train,1015104,fit
train,1015120,fit
train,1015146,fit
train,1015174,fit
train,1015292,fit
train,1015435,validation
train,1015573,fit
train,1015663,fit
train,1016056,fit
train,1016083,fit
train,1016291,fit
train,1016317,fit
train,1016406,fit
train,1016573,fit
train,1016624,fit
train,1016697,validation
train,1016705,fit
train,1016777,validation
train,1017080,fit
train,1017223,fit
train,1017379,fit
train,1017407,validation
train,1017414,fit
train,1017483,fit
train,1018359,fit
train,1018841,fit
train,1019013,fit
train,1019430,validation
train,1019760,fit
train,1020167,validation
train,1020248,validation
train,1020443,fit
train,1020636,fit
train,1020986,fit
train,1021020,fit
train,1021167,fit
train,1021182,fit
train,1021596,fit
train,1021603,fit
train,1021621,validation
train,1022068,validation
train,1022082,fit
train,1022288,fit
train,1022289,fit
train,1022607,validation
train,1022842,fit
train,1022883,fit
train,1023014,fit
train,1023613,validation
train,1023664,fit
train,1024117,fit
train,1024137,validation
train,1024540,fit
train,1024570,fit
train,1024645,fit
train,1025207,validation
train,1025238,validation
train,1025298,fit
train,1025337,fit
train,1026101,fit
train,1026257,fit
train,1026269,fit
train,1026654,fit
train,1026947,fit
train,1027068,fit
train,1027175,fit
train,1027757,fit
train,1027835,fit
train,1027984,fit
train,1028140,fit
train,1028144,fit
train,1028356,fit
train,1028359,fit
train,1028913,validation
train,1028981,fit
train,1029625,fit
train,1029666,validation
train,1029698,validation
train,1029937,validation
train,1029968,fit
train,1030086,fit
train,1030590,fit
train,1030599,fit
train,1030621,validation
train,1030679,fit
train,1030868,fit
train,1030969,validation
train,1031170,fit
train,1031179,validation
train,1031365,fit
train,1031504,fit
train,1032336,fit
train,1032352,fit
train,1032389,fit
train,1032429,fit
train,1033020,validation
train,1033230,validation
train,1033741,fit
train,1033836,validation
train,1034039,fit
train,1034835,fit
train,1034878,fit
train,1034976,fit
train,1035177,validation
train,1035256,fit
train,1035429,fit
train,1035531,fit
train,1035696,fit
train,1036071,fit
train,1036202,fit
train,1036438,fit
train,1036697,fit
train,1037127,fit
train,1037319,fit
train,1037405,fit
train,1037921,fit
train,1038141,fit
train,1038423,fit
train,1038609,fit
train,1039271,fit
train,1039438,fit
train,1039752,fit
train,1039825,fit
train,1039993,fit
train,1040034,validation
train,1040152,fit
train,1040218,validation
train,1040766,fit
train,1041100,fit
train,1041251,fit
train,1041890,fit
train,1042240,fit
train,1042255,fit
train,1042360,fit
train,1042378,fit
train,1042631,validation
train,1042795,fit
train,1042849,fit
train,1042877,fit
train,1042941,validation
train,1043090,fit
train,1043212,fit
train,1043244,fit
train,1043788,fit
train,1043817,fit
train,1043908,fit
train,1043957,fit
train,1044236,fit
train,1044340,fit
train,1044540,fit
train,1044574,fit
train,1045075,fit
train,1045393,fit
train,1045486,fit
train,1045836,fit
train,1046113,fit
train,1046586,fit
train,1046752,fit
train,1047160,fit
train,1047396,validation
train,1047766,validation
train,1048082,fit
train,1048182,fit
train,1048294,fit
train,1048369,fit
train,1048551,validation
train,1048725,fit
train,1048744,fit
train,1048750,fit
train,1048829,fit
train,1049256,fit
train,1049452,fit
train,1049542,fit
train,1049672,fit
train,1049828,fit
train,1050028,fit
train,1050057,fit
train,1050280,validation
train,1050352,fit
train,1050618,fit
train,1051118,fit
train,1051129,validation
train,1051199,validation
train,1051426,fit
train,1051704,fit
train,1052472,fit
train,1052796,fit
train,1053287,fit
train,1053453,fit
train,1053963,fit
train,1054293,validation
train,1054305,fit
train,1054495,fit
train,1054659,validation
train,1054692,validation
train,1054786,fit
train,1055005,fit
train,1055437,fit
train,1055445,validation
train,1055559,fit
train,1055621,fit
train,1055722,fit
train,1055932,fit
train,1056217,fit
train,1056583,fit
train,1056671,validation
train,1056781,validation
train,1056927,fit
train,1057276,fit
train,1057619,fit
train,1057723,fit
train,1057965,fit
train,1058171,fit
train,1058241,fit
train,1058305,fit
train,1058348,fit
train,1058513,fit
train,1058560,fit
train,1058842,fit
train,1059090,fit
train,1059525,fit
train,1059867,fit
train,1059898,validation
train,1059975,fit
train,1060132,fit
train,1060752,fit
train,1060762,fit
train,1060820,fit
train,1061100,fit
train,1061258,fit
train,1061364,validation
train,1061451,fit
train,1061556,fit
train,1061625,fit
train,1061662,fit
train,1061832,fit
train,1061954,validation
train,1062328,fit
train,1062415,fit
train,1062505,validation
train,1062529,validation
train,1062601,fit
train,1062840,fit
train,1062871,fit
train,1064310,validation
train,1064324,fit
train,1064515,validation
train,1064654,fit
train,1065426,validation
train,1065503,fit
train,1065942,fit
train,1065983,fit
train,1066070,fit
train,1066074,fit
train,1066181,fit
train,1066218,fit
train,1066431,validation
train,1066597,validation
train,1066947,fit
train,1066956,fit
train,1067091,fit
train,1067413,fit
train,1067915,validation
train,1068077,fit
train,1068403,fit
train,1068502,fit
train,1068688,fit
train,1068985,fit
train,1069059,fit
train,1069100,validation
train,1069133,fit
train,1069287,fit
train,1069357,fit
train,1069510,fit
train,1069636,validation
train,1069754,fit
train,1069798,fit
train,1069807,fit
train,1070027,fit
train,1070217,fit
train,1070433,validation
train,1070644,fit
train,1070668,fit
train,1070803,fit
train,1070843,fit
train,1070951,validation
train,1071174,fit
train,1071221,fit
train,1071742,fit
train,1071896,fit
train,1071976,fit
train,1072173,fit
train,1072469,fit
train,1072886,fit
train,1073040,validation
train,1073345,fit
train,1073391,fit
train,1073621,validation
train,1073691,fit
train,1073748,validation
train,1073944,fit
train,1074397,validation
train,1074411,fit
train,1074557,fit
train,1074615,fit
train,1074844,fit
train,1075102,fit
train,1075448,fit
train,1075853,fit
train,1076027,validation
train,1076292,fit
train,1076317,validation
train,1076392,validation
train,1077366,fit
train,1077419,fit
train,1077618,fit
train,1077746,fit
train,1077818,validation
train,1077829,fit
train,1077970,fit
train,1078323,fit
train,1078566,fit
train,1078683,validation
train,1078770,fit
train,1078948,fit
train,1079213,fit
train,1079228,validation
train,1079449,fit
train,1079545,fit
train,1079725,fit
train,1079790,fit
train,1079921,fit
train,1080910,fit
train,1081354,validation
train,1082006,fit
train,1082162,fit
train,1082259,fit
train,1082421,fit
train,1082801,fit
train,1082866,fit
train,1083105,fit
train,1083108,validation
train,1083563,fit
train,1083789,fit
train,1083874,fit
train,1083886,fit
train,1083946,fit
train,1084022,fit
train,1084063,fit
train,1084142,validation
train,1084253,validation
train,1084385,fit
train,1084503,fit
train,1084519,validation
train,1084632,fit
train,1084709,fit
train,1084794,validation
train,1085050,fit
train,1085065,validation
train,1085134,validation
train,1085350,fit
train,1085475,fit
train,1085554,validation
train,1085761,fit
train,1085976,fit
train,1086080,fit
train,1086197,fit
train,1086643,fit
train,1086809,validation
train,1087113,fit
train,1087217,fit
train,1087234,fit
train,1087279,fit
train,1087316,fit
train,1087439,fit
train,1087667,fit
train,1088009,fit
train,1088157,fit
train,1088178,fit
train,1088628,fit
train,1088729,fit
train,1088754,fit
train,1088850,fit
train,1088865,fit
train,1089108,fit
train,1089138,fit
train,1089516,fit
train,1089702,fit
train,1089843,validation
train,1089916,fit
train,1090049,fit
train,1090065,validation
train,1090179,fit
train,1090204,fit
train,1090255,fit
train,1090297,fit
train,1090516,fit
train,1090617,fit
train,1091003,validation
train,1091207,fit
train,1091236,validation
train,1091922,fit
train,1092087,fit
train,1092189,fit
train,1092314,fit
train,1092331,fit
train,1092771,fit
train,1092856,fit
train,1092860,fit
train,1092960,fit
train,1092974,fit
train,1093268,validation
train,1093545,fit
train,1094032,fit
train,1094272,validation
train,1094454,fit
train,1094952,fit
train,1095038,fit
train,1095114,fit
train,1095132,fit
train,1095208,fit
train,1095220,fit
train,1095328,fit
train,1095360,fit
train,1095387,fit
train,1095488,validation
train,1095753,validation
train,1095857,fit
train,1095909,fit
train,1096081,fit
train,1096105,validation
train,1096351,fit
train,1096451,validation
train,1096512,validation
train,1097004,validation
train,1097105,validation
train,1097106,fit
train,1097327,fit
train,1097542,fit
train,1097578,fit
train,1097683,fit
train,1097712,fit
train,1097784,fit
train,1098014,fit
train,1098027,fit
train,1098216,fit
train,1098254,validation
train,1098507,fit
train,1098695,fit
train,1098715,fit
train,1098737,validation
train,1099064,fit
train,1099153,validation
train,1099243,fit
train,1099540,fit
train,1099800,fit
train,1099856,fit
train,1099889,validation
train,1100028,validation
train,1101074,validation
train,1101151,validation
train,1101240,fit
train,1101286,fit
train,1101608,fit
train,1101684,fit
train,1101760,fit
train,1101802,fit
train,1102374,fit
train,1102436,fit
train,1102510,fit
train,1102662,fit
train,1102753,fit
train,1102824,fit
train,1102954,fit
train,1102955,fit
train,1103168,fit
train,1103190,fit
train,1103314,fit
train,1103362,fit
train,1103366,fit
train,1103379,validation
train,1104254,fit
train,1104514,validation
train,1104552,fit
train,1104559,fit
train,1104608,fit
train,1105099,fit
train,1105187,validation
train,1105207,fit
train,1105526,fit
train,1105532,fit
train,1105556,validation
train,1105597,fit
train,1105779,fit
train,1105892,validation
train,1106115,fit
train,1106159,fit
train,1106240,fit
train,1106331,fit
train,1106802,fit
train,1106843,fit
train,1107227,fit
train,1107355,fit
train,1107530,fit
train,1107689,validation
train,1107976,fit
train,1108069,validation
train,1108072,fit
train,1108153,fit
train,1108281,fit
train,1108697,fit
train,1108776,fit
train,1108779,fit
train,1108865,fit
train,1108940,fit
train,1109786,fit
train,1110048,fit
train,1110273,fit
train,1110648,fit
train,1110799,validation
train,1111085,fit
train,1111127,validation
train,1111176,fit
train,1111432,validation
train,1111489,fit
train,1111495,fit
train,1111497,validation
train,1111515,validation
train,1111698,fit
train,1111771,fit
train,1112083,fit
train,1112161,fit
train,1112192,validation
train,1112215,fit
train,1112252,fit
train,1112254,fit
train,1112280,fit
train,1112343,fit
train,1112485,fit
train,1112812,validation
train,1113150,fit
train,1113171,fit
train,1113628,fit
train,1113650,fit
train,1113763,validation
train,1113804,validation
train,1113884,validation
train,1114346,fit
train,1114625,fit
train,1114746,fit
train,1114900,validation
train,1115201,fit
train,1115410,fit
train,1115487,fit
train,1115792,fit
train,1116050,fit
train,1116060,fit
train,1116261,fit
train,1116344,validation
train,1116645,fit
train,1116681,validation
train,1116897,fit
train,1117025,fit
train,1117082,validation
train,1117544,fit
train,1117723,fit
train,1117991,fit
train,1118163,fit
train,1118246,fit
train,1118260,fit
train,1118365,validation
train,1118457,fit
train,1119010,fit
train,1119036,fit
train,1119328,fit
train,1119680,fit
train,1120106,fit
train,1120134,fit
train,1120678,fit
train,1120791,fit
train,1120928,validation
train,1121255,fit
train,1121650,fit
train,1121917,fit
train,1122199,fit
train,1122245,fit
train,1122574,fit
train,1122662,fit
train,1122834,validation
train,1122857,fit
train,1123007,fit
train,1123118,validation
train,1123272,fit
train,1123311,fit
train,1123640,fit
train,1124395,fit
train,1124428,fit
train,1124631,fit
train,1125153,fit
train,1125348,fit
train,1125776,validation
train,1125953,fit
train,1126592,fit
train,1126963,fit
train,1127053,fit
train,1127547,fit
train,1127598,fit
train,1127738,fit
train,1128025,fit
train,1128164,fit
train,1128287,fit
train,1128719,fit
train,1128825,fit
train,1128870,fit
train,1128951,fit
train,1129400,fit
train,1129638,fit
train,1129705,fit
train,1130129,fit
train,1130180,fit
train,1130328,fit
train,1130332,fit
train,1130497,validation
train,1130807,fit
train,1131227,fit
train,1131334,validation
train,1131614,fit
train,1131655,validation
train,1131757,fit
train,1131898,fit
train,1131996,fit
train,1132029,validation
train,1132069,fit
train,1132071,fit
train,1132464,fit
train,1132561,validation
train,1132705,fit
train,1133016,fit
train,1133226,fit
train,1133494,fit
train,1133571,fit
train,1133695,fit
train,1133751,fit
train,1134549,fit
train,1134662,fit
train,1134943,validation
train,1135160,validation
train,1135434,fit
train,1135577,validation
train,1135688,fit
train,1135930,fit
train,1135943,fit
train,1135944,validation
train,1136592,fit
train,1136672,validation
train,1136833,fit
train,1137123,fit
train,1137162,fit
train,1137185,fit
train,1137366,fit
train,1137383,fit
train,1137500,fit
train,1137541,fit
train,1137605,fit
train,1137642,fit
train,1138044,fit
train,1138047,fit
train,1138154,fit
train,1138176,fit
train,1138351,fit
train,1138626,fit
train,1138769,fit
train,1138993,fit
train,1139035,fit
train,1139082,fit
train,1139221,validation
train,1139467,fit
train,1139564,validation
train,1139591,fit
train,1139628,fit
train,1139824,fit
train,1139912,fit
train,1140240,validation
train,1140303,fit
train,1140448,fit
train,1140516,validation
train,1140726,validation
train,1140861,fit
train,1141411,fit
train,1141590,fit
train,1141765,fit
train,1142093,validation
train,1142173,fit
train,1142447,validation
train,1142486,validation
train,1142644,validation
train,1142926,fit
train,1143022,fit
train,1143397,fit
train,1143413,fit
train,1143696,fit
train,1143762,fit
train,1144041,fit
train,1144290,fit
train,1144795,fit
train,1144861,fit
train,1144964,fit
train,1145065,fit
train,1145180,validation
train,1145380,validation
train,1146036,fit
train,1146181,fit
train,1146458,validation
train,1146498,fit
train,1146860,validation
train,1146943,fit
train,1146968,validation
train,1147125,fit
train,1147289,fit
train,1147455,fit
train,1147617,fit
train,1147622,fit
train,1147649,fit
train,1147870,fit
train,1148085,fit
train,1148193,fit
train,1148407,fit
train,1148918,fit
train,1148949,validation
train,1149134,fit
train,1149342,fit
train,1149607,fit
train,1149691,fit
train,1149953,fit
train,1150113,fit
train,1150123,fit
train,1150193,fit
train,1150410,fit
train,1150478,validation
train,1150641,fit
train,1150660,fit
train,1150706,fit
train,1150904,fit
train,1151227,validation
train,1151422,fit
train,1151449,fit
train,1151669,fit
train,1151747,validation
train,1152034,fit
train,1152502,fit
train,1152543,fit
train,1152834,fit
train,1153091,fit
train,1153191,fit
train,1153425,fit
train,1153663,fit
train,1154443,fit
train,1154877,fit
train,1155609,fit
train,1156097,fit
train,1156505,fit
train,1157173,fit
train,1157404,fit
train,1157585,fit
train,1157607,fit
train,1157796,fit
train,1157814,validation
train,1157907,fit
train,1158036,fit
train,1158111,fit
train,1158148,fit
train,1158266,fit
train,1158579,fit
train,1158670,fit
train,1158783,validation
train,1159182,fit
train,1159447,fit
train,1159661,fit
train,1159816,fit
train,1159859,fit
train,1159986,fit
train,1160333,validation
train,1160742,validation
train,1160791,validation
train,1161332,fit
train,1161400,fit
train,1161439,fit
train,1161546,fit
train,1161592,fit
train,1161836,validation
train,1161890,validation
train,1161981,fit
train,1162775,fit
train,1162912,validation
train,1163849,fit
train,1164049,fit
train,1164354,fit
train,1164374,fit
train,1164556,fit
train,1164564,fit
train,1165049,fit
train,1165224,fit
train,1165340,fit
train,1165577,fit
train,1165784,fit
train,1165840,validation
train,1166027,fit
train,1166303,validation
train,1166328,fit
train,1166609,fit
train,1166697,validation
train,1166773,fit
train,1166907,validation
train,1166910,fit
train,1167434,fit
train,1167660,fit
train,1167734,fit
train,1168759,fit
train,1168809,fit
train,1168996,fit
train,1169154,fit
train,1169482,fit
train,1169853,fit
train,1169883,fit
train,1170045,fit
train,1170299,validation
train,1171674,fit
train,1171811,fit
train,1172130,fit
train,1172302,fit
train,1172367,fit
train,1172410,validation
train,1172698,validation
train,1172811,fit
train,1172942,fit
train,1173737,fit
train,1174203,fit
train,1174348,fit
train,1174540,fit
train,1174729,validation
train,1174758,fit
train,1174876,fit
train,1175180,fit
train,1175204,fit
train,1175227,fit
train,1175485,fit
train,1175845,fit
train,1175878,validation
train,1175966,fit
train,1176018,validation
train,1176087,fit
train,1176198,fit
train,1176264,fit
train,1176272,fit
train,1176302,validation
train,1176585,fit
train,1176634,fit
train,1176737,fit
train,1176814,fit
train,1176891,fit
train,1177093,fit
train,1177118,fit
train,1177213,fit
train,1177329,fit
train,1177364,fit
train,1177512,fit
train,1177582,fit
train,1177639,fit
train,1177696,fit
train,1177896,fit
train,1178026,validation
train,1178031,fit
train,1178083,fit
train,1178099,fit
train,1178182,validation
train,1178212,validation
train,1178508,fit
train,1178702,fit
train,1178950,fit
train,1179311,fit
train,1179522,fit
train,1179541,fit
train,1179764,fit
train,1179932,fit
train,1179963,validation
train,1180051,fit
train,1180190,fit
train,1180261,fit
train,1180624,fit
train,1180681,fit
train,1180966,fit
train,1181042,fit
train,1181411,fit
train,1181937,fit
train,1182040,validation
train,1182089,validation
train,1182516,fit
train,1182818,fit
train,1182876,fit
train,1182970,fit
train,1183068,fit
train,1183094,fit
train,1183256,fit
train,1183504,fit
train,1183611,fit
train,1183640,fit
train,1184015,validation
train,1184135,fit
train,1184236,fit
train,1184459,fit
train,1184470,fit
train,1184552,fit
train,1184736,fit
train,1184819,fit
train,1184892,fit
train,1184923,validation
train,1185018,fit
train,1185026,fit
train,1185327,fit
train,1185563,fit
train,1185811,validation
train,1186255,fit
train,1186339,fit
train,1186456,fit
train,1186517,fit
train,1186593,fit
train,1186801,fit
train,1186859,fit
train,1187229,fit
train,1187326,validation
train,1187566,fit
train,1187575,fit
train,1187755,fit
train,1188022,fit
train,1188033,validation
train,1188062,fit
train,1188308,validation
train,1188452,fit
train,1188559,fit
train,1188806,fit
train,1188841,fit
train,1189076,fit
train,1189130,fit
train,1189260,fit
train,1189302,fit
train,1189500,fit
train,1189696,fit
train,1189822,fit
train,1189841,fit
train,1189854,fit
train,1189884,fit
train,1190016,fit
train,1190034,fit
train,1190469,fit
train,1190745,fit
train,1191084,validation
train,1191419,fit
train,1191771,fit
train,1191974,fit
train,1192680,fit
train,1192759,validation
train,1192908,fit
train,1193379,fit
train,1193722,fit
train,1194118,fit
train,1194208,fit
train,1194269,fit
train,1194297,fit
train,1194614,validation
train,1194668,fit
train,1194747,validation
train,1194801,fit
train,1195045,fit
train,1195322,fit
train,1195458,fit
train,1195547,fit
train,1195614,fit
train,1195615,fit
train,1195984,validation
train,1196562,fit
train,1196679,fit
train,1196712,fit
train,1196828,fit
train,1196853,fit
train,1197322,fit
train,1197396,fit
train,1197400,fit
train,1197524,fit
train,1197619,fit
train,1197730,fit
train,1197975,fit
train,1198016,fit
train,1198323,validation
train,1198442,fit
train,1199995,validation
train,1200088,fit
train,1200207,fit
train,1200357,fit
train,1200410,validation
train,1200435,fit
train,1201047,fit
train,1201617,fit
train,1201651,fit
train,1201793,fit
train,1201949,fit
train,1202126,fit
train,1202823,validation
train,1202939,fit
train,1203074,validation
train,1203093,fit
train,1203416,fit
train,1203431,fit
train,1203436,fit
train,1204484,fit
train,1204505,validation
train,1204712,fit
train,1204781,fit
train,1205277,fit
train,1205299,fit
train,1205756,fit
train,1206062,fit
train,1206179,fit
train,1206264,fit
train,1206668,fit
train,1206675,fit
train,1206702,fit
train,1207009,fit
train,1207145,validation
train,1207184,fit
train,1207290,validation
train,1207363,fit
train,1208033,validation
train,1208159,fit
train,1208205,validation
train,1208220,fit
train,1208437,fit
train,1208608,fit
train,1208658,fit
train,1208801,fit
train,1208916,fit
train,1209259,fit
train,1209433,fit
train,1209443,fit
train,1209484,fit
train,1209620,fit
train,1209723,fit
train,1209878,fit
train,1209921,fit
train,1209954,validation
train,1210140,fit
train,1210430,validation
train,1210841,fit
train,1211803,fit
train,1211974,fit
train,1212260,fit
train,1212347,fit
train,1212937,fit
train,1213024,fit
train,1213495,validation
train,1213804,fit
train,1213855,fit
train,1213870,fit
train,1213886,fit
train,1214092,fit
train,1214115,fit
train,1214154,fit
train,1214237,fit
train,1214745,validation
train,1215173,fit
train,1215262,fit
train,1215321,fit
train,1215549,fit
train,1215633,fit
train,1215997,fit
train,1216030,validation
train,1216789,validation
train,1217314,fit
train,1217509,fit
train,1218143,fit
train,1218277,fit
train,1218293,fit
train,1218298,fit
train,1218899,fit
train,1219659,validation
train,1219663,validation
train,1219852,fit
train,1220198,validation
train,1220354,fit
train,1220561,fit
train,1220888,fit
train,1221109,fit
train,1221365,fit
train,1221560,fit
train,1222014,validation
train,1222172,fit
train,1222173,fit
train,1222378,fit
train,1222415,fit
train,1222442,validation
train,1222554,fit
train,1222584,validation
train,1222775,fit
train,1222986,validation
train,1224018,fit
train,1224095,fit
train,1224110,fit
train,1224461,validation
train,1224930,fit
train,1225371,fit
train,1225415,validation
train,1225460,validation
train,1225915,fit
train,1226040,fit
train,1226247,fit
train,1226664,validation
train,1227077,fit
train,1227211,fit
train,1227416,fit
train,1227485,fit
train,1227494,fit
train,1227498,fit
train,1227678,fit
train,1227857,fit
train,1227868,fit
train,1227872,fit
train,1228135,fit
train,1228421,fit
train,1228440,fit
train,1228513,fit
train,1228781,fit
train,1228996,fit
train,1229265,fit
train,1229525,fit
train,1229543,fit
train,1229826,fit
train,1229833,validation
train,1229977,fit
train,1230099,fit
train,1230337,fit
train,1230439,fit
train,1230579,fit
train,1230665,fit
train,1230671,fit
train,1230992,fit
train,1231342,fit
train,1231383,fit
train,1231860,fit
train,1231901,fit
train,1232039,fit
train,1232091,validation
train,1232112,fit
train,1232642,validation
train,1232796,fit
train,1233118,fit
train,1233215,fit
train,1233744,fit
train,1233950,fit
train,1234107,fit
train,1234377,fit
train,1234668,validation
train,1234814,fit
train,1234998,fit
train,1235041,validation
train,1235100,fit
train,1235844,fit
train,1235880,validation
train,1236366,validation
train,1236388,fit
train,1236695,fit
train,1236837,fit
train,1237459,fit
train,1237533,validation
train,1237578,fit
train,1237645,fit
train,1237763,fit
train,1238041,fit
train,1238113,fit
train,1238280,fit
train,1238354,fit
train,1238475,fit
train,1238774,fit
train,1239038,validation
train,1239216,fit
train,1239351,fit
train,1239652,fit
train,1239788,fit
train,1240047,fit
train,1240480,validation
train,1240690,fit
train,1240693,fit
train,1240743,validation
train,1240763,fit
train,1240898,fit
train,1240922,fit
train,1241277,fit
train,1241407,fit
train,1241410,fit
train,1241639,validation
train,1241696,fit
train,1241776,fit
train,1241923,fit
train,1241988,fit
train,1242685,fit
train,1243302,fit
train,1243312,fit
train,1243314,fit
train,1243472,fit
train,1243695,fit
train,1244035,validation
train,1244251,fit
train,1244337,fit
train,1244662,fit
train,1244712,fit
train,1244748,fit
train,1244824,fit
train,1244976,validation
train,1245062,fit
train,1245310,fit
train,1245448,validation
train,1245474,fit
train,1245524,fit
train,1245533,fit
train,1245691,fit
train,1245701,validation
train,1245706,fit
train,1245798,validation
train,1245870,fit
train,1246122,fit
train,1246219,validation
train,1246414,validation
train,1246489,validation
train,1246770,fit
train,1246937,fit
train,1247176,fit
train,1247550,fit
train,1248191,fit
train,1248454,validation
train,1249160,fit
train,1249432,fit
train,1249634,fit
train,1249976,fit
train,1250008,fit
train,1250445,fit
train,1250483,fit
train,1250578,fit
train,1250731,fit
train,1250888,fit
train,1250913,fit
train,1250932,fit
train,1251007,fit
train,1251107,fit
train,1251127,fit
train,1251174,validation
train,1251213,fit
train,1251252,fit
train,1251267,fit
train,1251412,validation
train,1251465,fit
train,1251610,fit
train,1251839,fit
train,1251899,validation
train,1251910,fit
train,1252260,fit
train,1252315,fit
train,1252600,validation
train,1252635,fit
train,1252667,fit
train,1252857,fit
train,1253239,fit
train,1253338,fit
train,1253638,fit
train,1253821,fit
train,1254302,validation
train,1254369,fit
train,1254496,fit
train,1254562,fit
train,1254995,fit
train,1255184,fit
train,1255516,validation
train,1255518,fit
train,1255752,fit
train,1255852,fit
train,1256123,fit
train,1256448,fit
train,1256568,validation
train,1257012,validation
train,1257039,fit
train,1257075,fit
train,1257134,fit
train,1257201,fit
train,1257248,fit
train,1257373,fit
train,1257709,fit
train,1257819,fit
train,1257846,fit
train,1257851,fit
train,1257976,fit
train,1258011,fit
train,1258170,fit
train,1258241,fit
train,1258489,fit
train,1258500,validation
train,1258633,fit
train,1259036,fit
train,1259195,fit
train,1259246,fit
train,1259654,fit
train,1259740,fit
train,1259889,validation
train,1259914,fit
train,1260548,fit
train,1260671,fit
train,1260981,fit
train,1261167,fit
train,1261320,fit
train,1261534,fit
train,1261687,fit
train,1261776,validation
train,1261889,fit
train,1261926,fit
train,1262098,fit
train,1262664,fit
train,1263041,fit
train,1263442,validation
train,1263457,fit
train,1264037,fit
train,1264244,fit
train,1264680,fit
train,1265170,fit
train,1265228,fit
train,1265379,fit
train,1265665,fit
train,1265755,fit
train,1265824,validation
train,1265859,fit
train,1265929,fit
train,1266309,fit
train,1266363,validation
train,1266483,fit
train,1266960,fit
train,1267145,validation
train,1267551,validation
train,1267676,fit
train,1267704,fit
train,1267827,fit
train,1267864,validation
train,1267894,fit
train,1267904,fit
train,1267936,validation
train,1267987,validation
train,1267994,fit
train,1268157,fit
train,1268618,fit
train,1268621,fit
train,1268974,fit
train,1269010,fit
train,1269259,fit
train,1269318,fit
train,1269442,fit
train,1269856,fit
train,1269929,validation
train,1269956,fit
train,1270138,fit
train,1270206,validation
train,1270371,fit
train,1270565,fit
train,1270720,validation
train,1270787,fit
train,1270878,fit
train,1271061,fit
train,1271101,fit
train,1271427,fit
train,1271578,fit
train,1271592,validation
train,1271625,fit
train,1271635,fit
train,1271682,fit
train,1271783,fit
train,1272113,validation
train,1272137,fit
train,1272159,validation
train,1272515,fit
train,1272524,fit
train,1272662,fit
train,1272996,fit
train,1273060,fit
train,1273506,fit
train,1273517,fit
train,1273544,validation
train,1273777,fit
train,1274052,fit
train,1274278,validation
train,1274616,fit
train,1274965,validation
train,1275206,validation
train,1275332,fit
train,1275376,fit
train,1275958,fit
train,1276264,fit
train,1276538,fit
train,1276645,fit
train,1276810,fit
train,1276822,fit
train,1277160,fit
train,1278276,fit
train,1278300,fit
train,1278380,fit
train,1278701,fit
train,1278711,fit
train,1278806,fit
train,1279131,fit
train,1279571,fit
train,1279643,fit
train,1279683,validation
train,1280306,fit
train,1280628,fit
train,1280889,validation
train,1280921,fit
train,1281448,fit
train,1281559,fit
train,1282118,fit
train,1282216,fit
train,1282239,fit
train,1282724,fit
train,1282939,fit
train,1283045,fit
train,1283338,validation
train,1283424,fit
train,1283765,fit
train,1283781,fit
train,1283980,fit
train,1283987,fit
train,1284050,validation
train,1284117,fit
train,1284214,fit
train,1284256,fit
train,1284328,fit
train,1284345,validation
train,1284349,fit
train,1284712,validation
train,1284801,fit
train,1284808,fit
train,1284823,fit
train,1284944,fit
train,1284988,validation
train,1285282,validation
train,1285427,fit
train,1285463,fit
train,1286361,fit
train,1286794,fit
train,1286832,fit
train,1286872,fit
train,1287181,validation
train,1287524,validation
train,1287541,fit
train,1287641,fit
train,1287719,fit
train,1287780,validation
train,1287831,validation
train,1287898,fit
train,1287899,fit
train,1287997,fit
train,1288105,fit
train,1288331,fit
train,1288763,fit
train,1288837,fit
train,1288922,fit
train,1289198,fit
train,1289614,validation
train,1289684,fit
train,1289694,fit
train,1289831,fit
train,1289850,fit
train,1290366,fit
train,1291890,fit
train,1292064,fit
train,1292070,fit
train,1292108,fit
train,1292205,fit
train,1292247,fit
train,1292519,fit
train,1292785,validation
train,1292849,validation
train,1293053,fit
train,1293117,fit
train,1293187,validation
train,1293378,fit
train,1293725,fit
train,1293943,validation
train,1294108,validation
train,1294141,fit
train,1294226,fit
train,1294335,fit
train,1294504,fit
train,1294529,fit
train,1294604,validation
train,1294621,fit
train,1294696,fit
train,1294718,fit
train,1294804,fit
train,1294841,fit
train,1294943,fit
train,1295014,fit
train,1295024,fit
train,1295053,fit
train,1295169,fit
train,1295609,fit
train,1295939,fit
train,1295981,fit
train,1296123,fit
train,1296157,fit
train,1296491,fit
train,1296798,validation
train,1297114,validation
train,1297307,fit
train,1297321,validation
train,1297799,validation
train,1297818,fit
train,1297928,fit
train,1297965,fit
train,1298305,fit
train,1298353,fit
train,1298413,validation
train,1298544,fit
train,1298615,fit
train,1298824,validation
train,1299410,fit
train,1299672,validation
train,1299746,fit
train,1299909,validation
train,1299944,fit
train,1300004,fit
train,1300016,fit
train,1300166,fit
train,1300353,validation
train,1300404,fit
train,1300546,fit
train,1300594,fit
train,1300845,fit
train,1300926,validation
train,1300954,fit
train,1300982,validation
train,1301089,validation
train,1301346,fit
train,1301393,fit
train,1301659,fit
train,1301979,fit
train,1302212,fit
train,1302344,validation
train,1302774,fit
train,1302989,fit
train,1303189,fit
train,1303192,fit
train,1303264,fit
train,1303293,validation
train,1303550,fit
train,1303587,fit
train,1303842,fit
train,1304247,fit
train,1304620,fit
train,1304766,fit
train,1304798,fit
train,1304850,fit
train,1305129,fit
train,1305244,fit
train,1305607,fit
train,1305836,fit
train,1306147,fit
train,1306312,fit
train,1306510,validation
train,1306610,fit
train,1306625,fit
train,1306711,fit
train,1306726,fit
train,1306746,fit
train,1306862,fit
train,1306985,fit
train,1306994,fit
train,1307280,validation
train,1307376,fit
train,1307393,fit
train,1307622,fit
train,1307632,fit
train,1307775,fit
train,1307874,fit
train,1308053,fit
train,1308374,fit
train,1308474,fit
train,1308499,validation
train,1308663,fit
train,1308703,validation
train,1308803,fit
train,1308977,fit
train,1309164,fit
train,1309344,fit
train,1309399,validation
train,1309506,fit
train,1309585,fit
train,1309649,fit
train,1309852,validation
train,1309921,fit
train,1309940,fit
train,1309994,fit
train,1310016,fit
train,1310306,validation
train,1310552,fit
train,1310768,fit
train,1311170,fit
train,1311273,validation
train,1311407,validation
train,1311714,fit
train,1311960,fit
train,1312072,validation
train,1312329,fit
train,1312432,validation
train,1312546,fit
train,1312657,fit
train,1313265,fit
train,1313299,validation
train,1313437,fit
train,1313503,fit
train,1313513,fit
train,1313554,fit
train,1313661,fit
train,1313809,fit
train,1313925,fit
train,1314356,fit
train,1314389,fit
train,1314422,fit
train,1314566,fit
train,1314595,validation
train,1314950,fit
train,1315144,fit
train,1315170,fit
train,1315270,fit
train,1315362,validation
train,1315408,fit
train,1315488,fit
train,1315494,fit
train,1315503,fit
train,1315613,fit
train,1315722,fit
train,1315733,fit
train,1316100,validation
train,1316380,fit
train,1316435,validation
train,1316493,fit
train,1316572,fit
train,1316847,fit
train,1317067,fit
train,1317084,fit
train,1317141,validation
train,1317216,fit
train,1317441,fit
train,1317449,fit
train,1317521,fit
train,1317652,validation
train,1317912,fit
train,1317938,fit
train,1318081,fit
train,1318272,validation
train,1318599,fit
train,1318799,fit
train,1318865,fit
train,1319164,validation
train,1319416,fit
train,1319543,fit
train,1319695,fit
train,1320371,fit
train,1320411,fit
train,1320454,fit
train,1320694,fit
train,1320774,fit
train,1320986,fit
train,1321419,fit
train,1321486,fit
train,1321643,validation
train,1321934,fit
train,1322017,fit
train,1322207,validation
train,1322254,fit
train,1322844,fit
train,1322985,fit
train,1323108,validation
train,1323276,validation
train,1323352,fit
train,1323472,fit
train,1323477,fit
train,1323540,fit
train,1324056,fit
train,1324379,validation
train,1324511,fit
train,1324612,fit
train,1325035,fit
train,1326247,fit
train,1326863,validation
train,1326924,fit
train,1326935,fit
train,1326966,fit
train,1327795,fit
train,1327908,validation
train,1328556,fit
train,1328604,fit
train,1328808,fit
train,1329050,validation
train,1329102,fit
train,1329233,fit
train,1329563,fit
train,1329689,fit
train,1329696,validation
train,1329903,fit
train,1329990,validation
train,1330140,fit
train,1330577,fit
train,1330626,validation
train,1330647,fit
train,1330710,fit
train,1330853,fit
train,1331505,fit
train,1331605,fit
train,1331921,fit
train,1332703,validation
train,1332708,validation
train,1332786,validation
train,1333093,validation
train,1333284,fit
train,1333417,fit
train,1333722,fit
train,1333975,fit
train,1334126,fit
train,1334270,fit
train,1334276,validation
train,1334559,fit
train,1334907,fit
train,1334939,fit
train,1335095,fit
train,1335146,validation
train,1335358,fit
train,1335433,fit
train,1335487,fit
train,1335666,fit
train,1335707,fit
train,1335782,fit
train,1335907,fit
train,1335915,fit
train,1336027,fit
train,1336366,fit
train,1336640,fit
train,1336713,fit
train,1336736,fit
train,1336791,fit
train,1337050,fit
train,1337071,fit
train,1337132,fit
train,1337148,fit
train,1337341,fit
train,1337514,fit
train,1337854,validation
train,1337892,fit
train,1337895,fit
train,1337923,fit
train,1338026,validation
train,1338597,validation
train,1338648,fit
train,1338735,validation
train,1338995,validation
train,1339380,fit
train,1339451,fit
train,1339579,fit
train,1339892,fit
train,1339905,fit
train,1340077,fit
train,1340149,fit
train,1340383,fit
train,1340726,fit
train,1341018,validation
train,1341060,fit
train,1341094,fit
train,1341230,validation
train,1341262,fit
train,1341430,fit
train,1341581,fit
train,1342071,fit
train,1342320,validation
train,1342331,fit
train,1342432,fit
train,1342547,fit
train,1342997,fit
train,1343075,fit
train,1343077,validation
train,1343193,validation
train,1343273,fit
train,1343282,validation
train,1343448,fit
train,1343718,validation
train,1343723,fit
train,1343807,fit
train,1343837,fit
train,1344002,fit
train,1344109,fit
train,1344130,fit
train,1344532,fit
train,1344582,fit
train,1344743,fit
train,1344919,fit
train,1344972,fit
train,1345130,fit
train,1345242,validation
train,1345396,fit
train,1345465,fit
train,1345548,validation
train,1345789,fit
train,1345897,fit
train,1346313,fit
train,1346603,validation
train,1346638,fit
train,1346930,fit
train,1347077,fit
train,1347217,validation
train,1347547,fit
train,1347840,fit
train,1347972,fit
train,1348056,fit
train,1348625,fit
train,1348717,validation
train,1349619,fit
train,1349660,fit
train,1350586,fit
train,1350655,fit
train,1352017,fit
train,1352081,fit
train,1352128,fit
train,1352414,validation
train,1352502,fit
train,1352645,validation
train,1352907,validation
train,1352918,fit
train,1352944,fit
train,1353172,fit
train,1353293,fit
train,1353554,validation
train,1353579,validation
train,1353677,fit
train,1353993,fit
train,1354485,fit
train,1354598,fit
train,1354620,fit
train,1355088,validation
train,1355160,fit
train,1355721,fit
train,1355782,validation
train,1355953,fit
train,1355961,validation
train,1356015,fit
train,1356213,fit
train,1356529,validation
train,1357072,fit
train,1357250,fit
train,1357363,fit
train,1357945,fit
train,1358173,validation
train,1358283,fit
train,1358292,fit
train,1358356,fit
train,1358386,fit
train,1358505,fit
train,1358641,fit
train,1358690,fit
train,1359182,fit
train,1359244,validation
train,1359655,fit
train,1359766,fit
train,1359942,validation
train,1360127,fit
train,1360240,fit
train,1360340,fit
train,1360474,fit
train,1360525,fit
train,1360575,fit
train,1360808,fit
train,1361116,fit
train,1361263,validation
train,1361603,fit
train,1361621,fit
train,1361818,fit
train,1362270,fit
train,1362334,fit
train,1362446,fit
train,1362524,fit
train,1362538,fit
train,1362552,fit
train,1362801,fit
train,1363011,fit
train,1363127,fit
train,1363636,fit
train,1363803,fit
train,1364035,validation
train,1364055,fit
train,1364127,fit
train,1364195,fit
train,1364214,fit
train,1364391,fit
train,1364779,fit
train,1365226,fit
train,1365403,fit
train,1365434,fit
train,1365827,fit
train,1365980,fit
train,1366496,fit
train,1366818,fit
train,1367330,fit
train,1367585,fit
train,1368075,validation
train,1368244,fit
train,1368282,validation
train,1368594,fit
train,1368732,fit
train,1369045,validation
train,1369189,fit
train,1369423,fit
train,1369546,validation
train,1369650,validation
train,1369815,fit
train,1370041,fit
train,1370128,fit
train,1370583,fit
train,1370693,fit
train,1370928,fit
train,1370979,fit
train,1371602,fit
train,1371786,fit
train,1372057,fit
train,1372160,fit
train,1372446,fit
train,1372467,validation
train,1372575,fit
train,1372791,fit
train,1372907,validation
train,1373031,fit
train,1373194,validation
train,1373626,validation
train,1373892,fit
train,1374612,validation
train,1374681,validation
train,1374836,fit
train,1374935,fit
train,1375049,fit
train,1375117,validation
train,1375191,validation
train,1375459,fit
train,1375640,fit
train,1375970,fit
train,1376017,validation
train,1376023,fit
train,1376278,fit
train,1376405,fit
train,1376538,fit
train,1376571,fit
train,1376634,fit
train,1376675,fit
train,1376698,fit
train,1376706,fit
train,1376927,fit
train,1377186,fit
train,1377303,fit
train,1378487,fit
train,1378673,validation
train,1378705,fit
train,1378838,fit
train,1379063,fit
train,1379095,fit
train,1379514,fit
train,1379522,fit
train,1379673,fit
train,1379690,fit
train,1379708,fit
train,1379726,fit
train,1379825,fit
train,1380521,fit
train,1380525,fit
train,1380643,fit
train,1380907,fit
train,1381154,fit
train,1381680,fit
train,1381857,validation
train,1382120,fit
train,1382154,fit
train,1382197,validation
train,1382758,fit
train,1383145,fit
train,1383311,validation
train,1383380,fit
train,1383735,validation
train,1383822,validation
train,1383826,fit
train,1383835,fit
train,1384005,fit
train,1384031,fit
train,1384260,fit
train,1384564,fit
train,1384623,validation
train,1385142,fit
train,1385346,fit
train,1385810,fit
train,1385863,fit
train,1386072,fit
train,1386156,fit
train,1386195,fit
train,1386327,validation
train,1386397,validation
train,1386430,fit
train,1386629,fit
train,1386666,fit
train,1387482,fit
train,1387610,validation
train,1387967,fit
train,1388313,fit
train,1388438,fit
train,1389154,validation
train,1389200,fit
train,1389218,fit
train,1389372,fit
train,1389550,fit
train,1389603,validation
train,1389732,fit
train,1389831,fit
train,1390426,fit
train,1390530,fit
train,1390656,fit
train,1391112,validation
train,1391712,fit
train,1391862,fit
train,1392035,validation
train,1392039,fit
train,1392238,fit
train,1392442,validation
train,1392507,fit
train,1392594,fit
train,1392623,fit
train,1392770,fit
train,1392881,fit
train,1393038,fit
train,1393050,fit
train,1393242,fit
train,1393258,validation
train,1393450,fit
train,1393661,validation
train,1393725,fit
train,1393838,fit
train,1393995,fit
train,1394114,fit
train,1394246,fit
train,1394458,fit
train,1395125,validation
train,1395384,fit
train,1395562,fit
train,1395753,fit
train,1395940,validation
train,1396174,fit
train,1396215,fit
train,1396518,fit
train,1396642,validation
train,1396911,fit
train,1397025,fit
train,1397169,fit
train,1397375,fit
train,1397565,fit
train,1397626,fit
train,1397641,fit
train,1397704,fit
train,1397897,fit
train,1398125,fit
train,1398659,fit
train,1399156,fit
train,1399223,fit
train,1399855,fit
train,1399904,fit
train,1400043,fit
train,1400278,validation
train,1400348,fit
train,1400494,fit
train,1400775,fit
train,1400930,fit
train,1401103,fit
train,1401347,fit
train,1401350,fit
train,1401700,validation
train,1401767,fit
train,1401805,fit
train,1402346,validation
train,1403084,fit
train,1403276,fit
train,1403517,validation
train,1403850,fit
train,1403890,validation
train,1404022,validation
train,1404353,fit
train,1404434,fit
train,1404665,fit
train,1404674,fit
train,1405375,fit
train,1405871,fit
train,1405913,validation
train,1405944,fit
train,1406130,fit
train,1406268,fit
train,1406373,validation
train,1406432,fit
train,1406829,fit
train,1406930,fit
train,1407049,fit
train,1407236,fit
train,1407288,fit
train,1407355,fit
train,1407712,fit
train,1407907,fit
train,1408235,fit
train,1408680,validation
train,1408767,validation
train,1409082,fit
train,1409092,validation
train,1409124,validation
train,1409408,validation
train,1409428,fit
train,1409474,fit
train,1409604,fit
train,1409826,validation
train,1409858,fit
train,1410315,fit
train,1410740,fit
train,1410937,fit
train,1411109,fit
train,1411700,fit
train,1411939,fit
train,1411995,fit
train,1412099,fit
train,1412176,fit
train,1412265,fit
train,1412350,fit
train,1412417,fit
train,1412495,validation
train,1412696,fit
train,1412868,fit
train,1413079,fit
train,1413092,fit
train,1413176,fit
train,1413223,fit
train,1413638,validation
train,1413733,fit
train,1413767,fit
train,1414263,fit
train,1414821,validation
train,1414964,fit
train,1415055,fit
train,1415141,fit
train,1415182,validation
train,1415372,fit
train,1415409,validation
train,1415543,fit
train,1415631,fit
train,1415723,fit
train,1415909,fit
train,1416038,fit
train,1416255,fit
train,1416669,fit
train,1416904,fit
train,1416998,fit
train,1417014,fit
train,1417221,fit
train,1417242,fit
train,1417285,fit
train,1417319,fit
train,1417345,fit
train,1417424,fit
train,1417470,fit
train,1418205,fit
train,1418315,fit
train,1418350,fit
train,1418535,fit
train,1418679,fit
train,1418685,validation
train,1418712,fit
train,1418747,validation
train,1419068,fit
train,1419113,fit
train,1419133,fit
train,1419150,fit
train,1419237,fit
train,1419298,fit
train,1419613,validation
train,1419639,fit
train,1419664,fit
train,1419963,fit
train,1420042,fit
train,1420322,fit
train,1420472,fit
train,1420739,fit
train,1420932,fit
train,1421194,fit
train,1421450,validation
train,1421454,fit
train,1421517,validation
train,1421608,fit
train,1421643,fit
train,1421800,validation
train,1421962,fit
train,1422619,fit
train,1423040,fit
train,1423447,fit
train,1423822,fit
train,1423918,fit
train,1423959,fit
train,1424036,fit
train,1424437,fit
train,1424770,fit
train,1424806,fit
train,1424876,fit
train,1424930,fit
train,1425064,fit
train,1425165,fit
train,1425393,fit
train,1425841,fit
train,1425921,fit
train,1426460,fit
train,1426848,fit
train,1426901,fit
train,1427289,fit
train,1427509,fit
train,1427893,fit
train,1428071,validation
train,1428136,fit
train,1428184,validation
train,1428352,fit
train,1428513,validation
train,1428525,fit
train,1428548,fit
train,1428789,fit
train,1428950,fit
train,1428986,fit
train,1429404,validation
train,1429575,fit
train,1429639,fit
train,1430608,validation
train,1430789,validation
train,1431097,fit
train,1432004,validation
train,1432037,validation
train,1432169,fit
train,1432180,fit
train,1432392,fit
train,1432484,fit
train,1432617,fit
train,1432755,validation
train,1432822,fit
train,1433312,fit
train,1433415,fit
train,1433449,fit
train,1433601,fit
train,1433754,validation
train,1433785,fit
train,1433861,fit
train,1434040,validation
train,1434049,fit
train,1434285,fit
train,1434289,fit
train,1434296,validation
train,1434555,fit
train,1434616,fit
train,1434707,fit
train,1434788,fit
train,1435013,validation
train,1435014,fit
train,1435148,fit
train,1435449,fit
train,1435613,fit
train,1435866,fit
train,1435909,validation
train,1435919,fit
train,1435923,fit
train,1435941,fit
train,1435977,fit
train,1435986,fit
train,1435994,fit
train,1436158,fit
train,1436186,fit
train,1436202,fit
train,1436217,validation
train,1436241,fit
train,1437007,fit
train,1437055,fit
train,1437315,validation
train,1437334,fit
train,1437969,fit
train,1438133,fit
train,1438146,fit
train,1438273,fit
train,1438323,fit
train,1439131,validation
train,1439304,fit
train,1439516,fit
train,1439528,fit
train,1439637,fit
train,1440385,fit
train,1440622,fit
train,1440775,fit
train,1440835,validation
train,1440945,fit
train,1441140,fit
train,1441143,fit
train,1441223,fit
train,1441515,fit
train,1441583,fit
train,1441859,fit
train,1441981,fit
train,1442578,fit
train,1442737,fit
train,1442806,fit
train,1443083,fit
train,1443088,fit
train,1443130,fit
train,1443164,fit
train,1443405,validation
train,1443407,fit
train,1443619,fit
train,1443837,fit
train,1443861,fit
train,1443981,fit
train,1443999,fit
train,1444000,validation
train,1444015,fit
train,1444077,fit
train,1444097,validation
train,1444412,validation
train,1444414,fit
train,1444629,fit
train,1444668,fit
train,1444845,fit
train,1444960,fit
train,1444976,fit
train,1445017,fit
train,1445151,fit
train,1445155,fit
train,1445215,fit
train,1445297,fit
train,1445298,fit
train,1445331,validation
train,1445467,fit
train,1445678,fit
train,1445767,fit
train,1445828,fit
train,1446279,fit
train,1446317,fit
train,1446501,fit
train,1446710,fit
train,1446783,validation
train,1446861,fit
train,1447458,fit
train,1447583,fit
train,1447677,fit
train,1447834,fit
train,1448234,fit
train,1448276,validation
train,1448363,validation
train,1448748,validation
train,1448925,fit
train,1449019,fit
train,1449326,fit
train,1449869,validation
train,1449873,validation
train,1450021,fit
train,1450274,fit
train,1450339,fit
train,1450384,fit
train,1450404,fit
train,1450422,fit
train,1451162,fit
train,1451264,validation
train,1451325,fit
train,1451587,fit
train,1451857,fit
train,1451954,fit
train,1451974,fit
train,1452176,fit
train,1452194,fit
train,1452349,fit
train,1452363,fit
train,1452511,fit
train,1453566,fit
train,1453738,fit
train,1453762,fit
train,1453929,validation
train,1454668,fit
train,1454774,fit
train,1454937,fit
train,1454999,fit
train,1455024,fit
train,1455268,fit
train,1455328,fit
train,1455395,fit
train,1455765,fit
train,1456351,fit
train,1456364,fit
train,1456369,fit
train,1456728,fit
train,1456763,fit
train,1456767,fit
train,1456892,fit
train,1457081,fit
train,1457266,validation
train,1457467,validation
train,1457471,fit
train,1457524,fit
train,1457569,fit
train,1457582,fit
train,1457674,fit
train,1458294,fit
train,1458335,fit
train,1458417,fit
train,1458812,fit
train,1458918,fit
train,1459324,fit
train,1459389,fit
train,1459461,fit
train,1459633,fit
train,1459895,fit
train,1460038,fit
train,1460186,fit
train,1460207,fit
train,1460215,fit
train,1460535,fit
train,1460557,fit
train,1460793,validation
train,1460968,fit
train,1461051,fit
train,1461110,fit
train,1461160,validation
train,1461275,fit
train,1461404,fit
train,1462230,fit
train,1462744,fit
train,1462912,validation
train,1463049,fit
train,1463337,fit
train,1463436,fit
train,1463672,fit
train,1463763,fit
train,1463810,validation
train,1464078,fit
train,1464480,fit
train,1464506,fit
train,1464744,validation
train,1464956,validation
train,1465066,fit
train,1465109,fit
train,1465128,fit
train,1465156,fit
train,1465329,fit
train,1465553,fit
train,1465569,fit
train,1465582,fit
train,1465713,fit
train,1465778,fit
train,1465782,fit
train,1465826,fit
train,1466014,fit
train,1466022,fit
train,1466028,fit
train,1466301,validation
train,1466590,fit
train,1466607,fit
train,1466933,fit
train,1467150,fit
train,1467316,fit
train,1467377,fit
train,1467604,validation
train,1467719,fit
train,1467735,fit
train,1467776,fit
train,1468024,fit
train,1468265,validation
train,1469169,fit
train,1469454,validation
train,1469678,fit
train,1469787,fit
train,1469810,fit
train,1469958,fit
train,1470092,fit
train,1470106,fit
train,1470170,fit
train,1470347,fit
train,1470366,fit
train,1470376,fit
train,1470470,validation
train,1470571,validation
train,1470615,fit
train,1470784,fit
train,1471051,fit
train,1471400,fit
train,1471559,validation
train,1472116,validation
train,1472523,fit
train,1472576,validation
train,1472703,fit
train,1472959,fit
train,1473054,fit
train,1473243,fit
train,1473304,fit
train,1473313,fit
train,1473555,fit
train,1473749,fit
train,1473780,fit
train,1473960,fit
train,1474064,validation
train,1474265,fit
train,1474437,fit
train,1474504,fit
train,1474620,validation
train,1474694,fit
train,1474775,fit
train,1475091,validation
train,1475503,fit
train,1475523,fit
train,1475761,validation
train,1475765,fit
train,1475897,fit
train,1475907,fit
train,1475917,fit
train,1477965,fit
train,1478015,fit
train,1478031,fit
train,1478125,fit
train,1478496,fit
train,1478509,fit
train,1478645,fit
train,1478688,fit
train,1478718,validation
train,1478850,validation
train,1478988,fit
train,1479058,fit
train,1479200,validation
train,1479452,validation
train,1479502,fit
train,1479963,fit
train,1480217,fit
train,1480341,fit
train,1480486,fit
train,1480506,validation
train,1480511,fit
train,1480538,fit
train,1481221,fit
train,1481319,fit
train,1481347,fit
train,1481419,fit
train,1481489,fit
train,1481637,fit
train,1481801,fit
train,1481809,fit
train,1481911,validation
train,1481915,fit
train,1482012,fit
train,1482027,fit
train,1482031,fit
train,1482188,fit
train,1482370,fit
train,1482725,fit
train,1482964,fit
train,1483066,fit
train,1483084,fit
train,1483523,fit
train,1483765,fit
train,1483854,fit
train,1484013,fit
train,1484026,fit
train,1484266,fit
train,1484504,fit
train,1484768,fit
train,1485449,validation
train,1485564,fit
train,1485752,fit
train,1485995,fit
train,1486023,fit
train,1486619,fit
train,1486654,fit
train,1486670,fit
train,1486727,fit
train,1486945,fit
train,1487001,validation
train,1487129,fit
train,1487222,fit
train,1487296,fit
train,1487818,fit
train,1487901,fit
train,1488415,fit
train,1488529,fit
train,1488811,validation
train,1488839,validation
train,1488928,fit
train,1488997,fit
train,1489000,validation
train,1489125,validation
train,1489128,fit
train,1489282,fit
train,1489353,fit
train,1489729,validation
train,1490180,fit
train,1490555,fit
train,1490573,fit
train,1490631,fit
train,1490819,validation
train,1491024,fit
train,1491261,validation
train,1491523,fit
train,1491571,fit
train,1491767,fit
train,1492207,fit
train,1492233,fit
train,1492265,validation
train,1492638,fit
train,1492744,fit
train,1493271,fit
train,1493338,fit
train,1493623,fit
train,1493757,fit
train,1493779,validation
train,1494063,fit
train,1494095,fit
train,1494140,fit
train,1494216,fit
train,1494298,fit
train,1494849,fit
train,1494961,fit
train,1495194,fit
train,1495397,fit
train,1495447,fit
train,1495597,fit
train,1496017,fit
train,1496105,fit
train,1496127,fit
train,1496277,fit
train,1496312,validation
train,1496472,fit
train,1496571,fit
train,1496611,fit
train,1496935,fit
train,1496962,fit
train,1497299,fit
train,1497570,fit
train,1497757,fit
train,1498024,validation
train,1498207,fit
train,1498224,fit
train,1498396,fit
train,1498932,validation
train,1499080,fit
train,1499321,validation
train,1499562,fit
train,1499926,validation
train,1500277,validation
train,1500626,validation
train,1500641,validation
train,1500676,fit
train,1500865,validation
train,1501011,fit
train,1501012,fit
train,1501645,fit
train,1501671,validation
train,1501686,validation
train,1501729,fit
train,1501776,validation
train,1502055,fit
train,1502243,fit
train,1502300,fit
train,1502393,validation
train,1502657,fit
train,1502875,fit
train,1503088,fit
train,1503236,fit
train,1503296,validation
train,1503496,fit
train,1503517,fit
train,1503762,fit
train,1503780,validation
train,1504033,validation
train,1504039,fit
train,1504068,validation
train,1504392,fit
train,1504539,fit
train,1504701,fit
train,1504803,fit
train,1504885,fit
train,1504979,fit
train,1505191,validation
train,1505192,validation
train,1505360,fit
train,1505420,fit
train,1505973,fit
train,1506153,fit
train,1506193,fit
train,1506199,fit
train,1506242,fit
train,1506513,validation
train,1506704,fit
train,1506967,validation
train,1506992,fit
train,1507384,validation
train,1507385,fit
train,1507625,fit
train,1507688,fit
train,1507699,fit
train,1507721,fit
train,1508152,fit
train,1508166,fit
train,1508875,fit
train,1508928,fit
train,1508959,fit
train,1509172,fit
train,1509191,fit
train,1509292,fit
train,1509528,validation
train,1509547,fit
train,1509648,fit
train,1509828,validation
train,1510156,fit
train,1510285,fit
train,1510720,fit
train,1510752,validation
train,1510840,validation
train,1510912,validation
train,1510933,fit
train,1510985,fit
train,1511014,fit
train,1511105,fit
train,1511327,fit
train,1511643,fit
train,1511868,fit
train,1511878,fit
train,1511935,fit
train,1512099,fit
train,1512295,fit
train,1512417,validation
train,1512518,validation
train,1512568,validation
train,1512658,fit
train,1512676,fit
train,1512890,fit
train,1513029,fit
train,1513191,validation
train,1513218,fit
train,1513389,fit
train,1513613,fit
train,1513853,fit
train,1513903,fit
train,1513960,fit
train,1513998,validation
train,1514051,validation
train,1514434,validation
train,1515147,fit
train,1515208,fit
train,1515229,validation
train,1515325,fit
train,1515547,fit
train,1515605,validation
train,1516027,fit
train,1516338,fit
train,1516540,fit
train,1516965,fit
train,1517043,fit
train,1517111,fit
train,1517156,fit
train,1517298,fit
train,1517332,validation
train,1517392,validation
train,1517829,validation
train,1517919,fit
train,1518132,fit
train,1518171,fit
train,1518348,fit
train,1518563,fit
train,1518771,validation
train,1518876,fit
train,1518897,fit
train,1518992,fit
train,1519078,fit
train,1519114,validation
train,1519517,fit
train,1519699,fit
train,1519718,fit
train,1519825,fit
train,1520044,fit
train,1520211,validation
train,1520894,fit
train,1521275,fit
train,1521414,validation
train,1521460,fit
train,1521526,fit
train,1521548,validation
train,1521593,fit
train,1521622,fit
train,1521680,fit
train,1521911,fit
train,1522004,fit
train,1522128,validation
train,1522558,fit
train,1522626,validation
train,1522929,fit
train,1523350,validation
train,1523491,validation
train,1523652,fit
train,1524112,fit
train,1524230,fit
train,1524302,fit
train,1524903,fit
train,1525071,fit
train,1525153,fit
train,1525211,validation
train,1525289,validation
train,1525454,fit
train,1525576,fit
train,1525598,fit
train,1525607,fit
train,1525700,fit
train,1526364,fit
train,1526385,validation
train,1526503,fit
train,1526609,validation
train,1526876,fit
train,1527031,fit
train,1527164,fit
train,1527220,fit
train,1527804,fit
train,1527808,fit
train,1527810,fit
train,1528132,fit
train,1528314,fit
train,1528526,validation
train,1528664,validation
train,1529228,validation
train,1529360,fit
train,1529366,validation
train,1529520,fit
train,1529697,fit
train,1529923,fit
train,1530128,fit
train,1530220,fit
train,1530472,fit
train,1530569,fit
train,1530984,fit
train,1531108,validation
train,1531158,fit
train,1531179,fit
train,1531233,fit
train,1531270,fit
train,1531436,fit
train,1531555,fit
train,1531558,fit
train,1532050,fit
train,1532543,validation
train,1532595,fit
train,1532745,fit
train,1533152,validation
train,1533412,fit
train,1533519,fit
train,1533586,fit
train,1533712,validation
train,1533917,fit
train,1534185,validation
train,1534202,fit
train,1534360,validation
train,1534516,fit
train,1534521,fit
train,1534532,validation
train,1534810,fit
train,1534876,fit
train,1535121,validation
train,1536051,fit
train,1536187,fit
train,1536463,fit
train,1536882,fit
train,1537780,fit
train,1537833,fit
train,1537924,fit
train,1538011,fit
train,1538493,fit
train,1539290,fit
train,1539334,validation
train,1539533,validation
train,1539659,fit
train,1539673,fit
train,1539914,fit
train,1539933,fit
train,1540205,fit
train,1540586,fit
train,1540619,fit
train,1540921,fit
train,1541056,validation
train,1541290,fit
train,1541409,fit
train,1541518,fit
train,1541651,fit
train,1542281,fit
train,1542347,fit
train,1542762,validation
train,1543521,validation
train,1543793,validation
train,1544493,fit
train,1544514,fit
train,1544530,fit
train,1544564,fit
train,1544699,fit
train,1544702,fit
train,1544780,validation
train,1544829,validation
train,1544982,fit
train,1545533,fit
train,1546095,validation
train,1546319,fit
train,1546546,fit
train,1546625,validation
train,1546941,fit
train,1546997,fit
train,1547165,fit
train,1547188,validation
train,1547436,fit
train,1547494,fit
train,1547524,fit
train,1547628,fit
train,1547770,validation
train,1548000,validation
train,1548205,validation
train,1548445,fit
train,1548891,fit
train,1548958,fit
train,1548975,validation
train,1549310,fit
train,1549546,fit
train,1549577,fit
train,1549672,fit
train,1549673,fit
train,1549820,fit
train,1549993,fit
train,1550558,validation
train,1550698,fit
train,1550849,fit
train,1550977,fit
train,1551227,fit
train,1551532,fit
train,1551801,validation
train,1551951,validation
train,1551952,fit
train,1551959,fit
train,1552391,validation
train,1552594,fit
train,1553182,fit
train,1553186,fit
train,1553325,validation
train,1553693,validation
train,1553739,fit
train,1553818,fit
train,1553975,fit
train,1554093,fit
train,1554253,validation
train,1554276,fit
train,1554432,fit
train,1554666,fit
train,1554734,fit
train,1554776,fit
train,1554934,fit
train,1555033,fit
train,1555561,validation
train,1555918,fit
train,1556116,fit
train,1556246,fit
train,1556363,fit
train,1556409,fit
train,1556472,fit
train,1556490,fit
train,1556668,fit
train,1556883,fit
train,1556962,fit
train,1557172,fit
train,1557385,fit
train,1557416,fit
train,1557441,validation
train,1557491,validation
train,1557626,fit
train,1557628,fit
train,1557809,validation
train,1557874,fit
train,1558276,fit
train,1558294,fit
train,1558553,fit
train,1558574,fit
train,1558607,validation
train,1558670,fit
train,1559083,fit
train,1559423,fit
train,1559802,fit
train,1559920,fit
train,1560160,validation
train,1560724,fit
train,1560833,fit
train,1560849,fit
train,1561119,validation
train,1561139,fit
train,1561235,fit
train,1561296,fit
train,1561434,fit
train,1561479,fit
train,1561714,fit
train,1561810,fit
train,1561962,fit
train,1561985,fit
train,1562011,fit
train,1562342,validation
train,1562353,fit
train,1562461,fit
train,1562493,fit
train,1562502,validation
train,1562603,fit
train,1562662,fit
train,1562940,validation
train,1563229,fit
train,1563334,fit
train,1563540,fit
train,1564302,fit
train,1564554,fit
train,1564673,fit
train,1564808,validation
train,1564838,fit
train,1564905,fit
train,1564911,fit
train,1564970,validation
train,1565265,fit
train,1565728,fit
train,1565745,fit
train,1565928,validation
train,1566036,fit
train,1566166,validation
train,1566294,fit
train,1566304,validation
train,1566643,fit
train,1567063,fit
train,1567480,validation
train,1567842,validation
train,1568001,fit
train,1568391,fit
train,1568452,fit
train,1568676,validation
train,1568685,fit
train,1568889,fit
train,1568905,validation
train,1568983,fit
train,1569291,fit
train,1569392,fit
train,1569557,fit
train,1569616,fit
train,1569844,fit
train,1570131,fit
train,1570475,fit
train,1570634,fit
train,1570722,fit
train,1570980,fit
train,1571006,fit
train,1571024,fit
train,1571070,fit
train,1571305,fit
train,1571328,fit
train,1571437,fit
train,1571719,fit
train,1572024,fit
train,1572419,fit
train,1573068,fit
train,1573203,fit
train,1573220,fit
train,1573434,fit
train,1573756,fit
train,1573779,fit
train,1573827,fit
train,1574026,validation
train,1574276,fit
train,1574410,fit
train,1574417,fit
train,1574769,fit
train,1575540,fit
train,1575968,fit
train,1576162,fit
train,1576188,fit
train,1576215,fit
train,1576452,validation
train,1576564,fit
train,1576605,fit
train,1576639,fit
train,1576783,fit
train,1577055,fit
train,1577190,fit
train,1577488,fit
train,1577597,fit
train,1577929,fit
train,1577946,validation
train,1578357,fit
train,1578511,fit
train,1578707,fit
train,1578709,validation
train,1578724,fit
train,1579257,validation
train,1579430,fit
train,1579442,validation
train,1579786,fit
train,1579862,fit
train,1579933,validation
train,1579969,fit
train,1579998,fit
train,1580132,fit
train,1580360,fit
train,1580860,fit
train,1581743,fit
train,1581824,fit
train,1581894,validation
train,1582033,fit
train,1582106,validation
train,1582215,fit
train,1582482,fit
train,1582578,fit
train,1582687,fit
train,1582931,fit
train,1582941,validation
train,1582984,fit
train,1583013,fit
train,1583423,fit
train,1583756,fit
train,1583853,fit
train,1584122,fit
train,1584129,validation
train,1584176,fit
train,1584379,fit
train,1584417,fit
train,1584458,fit
train,1584557,fit
train,1584584,fit
train,1584762,fit
train,1584765,fit
train,1584832,validation
train,1584883,validation
train,1585161,fit
train,1585333,validation
train,1585343,fit
train,1585467,fit
train,1585545,validation
train,1585636,fit
train,1585731,fit
train,1585794,fit
train,1586226,fit
train,1586259,fit
train,1586284,fit
train,1586504,fit
train,1586579,fit
train,1586591,fit
train,1586732,fit
train,1587102,fit
train,1587812,fit
train,1587855,validation
train,1587921,fit
train,1588054,fit
train,1588119,fit
train,1588151,fit
train,1588225,fit
train,1588462,fit
train,1589030,fit
train,1589196,fit
train,1589275,fit
train,1589310,fit
train,1589412,fit
train,1589803,fit
train,1590029,fit
train,1590293,validation
train,1590888,fit
train,1591262,validation
train,1591377,fit
train,1591437,fit
train,1591482,fit
train,1591628,fit
train,1591708,fit
train,1591824,fit
train,1591910,validation
train,1592227,validation
train,1592512,fit
train,1592570,fit
train,1592709,fit
train,1592912,fit
train,1593043,fit
train,1593768,fit
train,1593804,fit
train,1594101,fit
train,1594121,fit
train,1594261,fit
train,1594277,validation
train,1594289,fit
train,1594551,fit
train,1594690,fit
train,1594865,validation
train,1594876,validation
train,1594980,fit
train,1595186,fit
train,1595419,validation
train,1595492,fit
train,1595494,fit
train,1595547,fit
train,1596032,fit
train,1596172,validation
train,1596316,validation
train,1596456,fit
train,1596472,fit
train,1596639,fit
train,1597269,fit
train,1597318,validation
train,1597324,fit
train,1597394,fit
train,1598093,fit
train,1598461,fit
train,1598592,validation
train,1598713,fit
train,1599066,fit
train,1599067,fit
train,1599101,validation
train,1599178,fit
train,1599443,fit
train,1599608,fit
train,1600355,validation
train,1600701,fit
train,1600767,fit
train,1600963,fit
train,1601258,validation
train,1601339,fit
train,1601511,fit
train,1601623,fit
train,1601697,validation
train,1601889,fit
train,1601899,fit
train,1601988,fit
train,1602141,fit
train,1602222,fit
train,1602324,fit
train,1602390,validation
train,1602422,validation
train,1602713,validation
train,1602784,fit
train,1603108,validation
train,1603321,fit
train,1603380,fit
train,1603497,fit
train,1603500,fit
train,1603540,fit
train,1603949,fit
train,1604404,fit
train,1604513,fit
train,1605157,fit
train,1605175,fit
train,1605291,fit
train,1605340,fit
train,1605674,validation
train,1605797,validation
train,1605926,fit
train,1606098,fit
train,1607147,fit
train,1607338,fit
train,1607369,fit
train,1607609,fit
train,1607761,validation
train,1607790,fit
train,1608113,validation
train,1608207,fit
train,1608431,validation
train,1608505,fit
train,1608515,fit
train,1609194,validation
train,1609201,fit
train,1609278,fit
train,1609404,fit
train,1610295,fit
train,1610350,fit
train,1610521,fit
train,1610817,fit
train,1610827,fit
train,1610881,fit
train,1610948,fit
train,1610959,fit
train,1611005,fit
train,1611044,fit
train,1611120,fit
train,1611199,fit
train,1611434,fit
train,1611541,fit
train,1612134,validation
train,1612235,fit
train,1612289,fit
train,1612438,fit
train,1612460,fit
train,1612733,fit
train,1612768,fit
train,1613545,fit
train,1614008,fit
train,1614083,fit
train,1614145,fit
train,1614230,validation
train,1614312,validation
train,1614491,validation
train,1614554,fit
train,1614577,fit
train,1614746,fit
train,1615042,validation
train,1615064,fit
train,1615078,validation
train,1615369,fit
train,1615567,fit
train,1615692,validation
train,1615738,fit
train,1616586,fit
train,1616657,fit
train,1616739,validation
train,1616820,validation
train,1617366,fit
train,1617435,fit
train,1617585,fit
train,1618396,validation
train,1618453,validation
train,1618630,fit
train,1618638,validation
train,1618670,validation
train,1618962,fit
train,1618986,validation
train,1619012,validation
train,1619024,fit
train,1619179,validation
train,1619577,fit
train,1619876,fit
train,1620325,fit
train,1620470,fit
train,1620556,fit
train,1620687,fit
train,1620765,fit
train,1620978,validation
train,1621307,fit
train,1621415,fit
train,1622074,fit
train,1622395,fit
train,1622655,fit
train,1622735,fit
train,1622754,fit
train,1622787,fit
train,1622852,fit
train,1622933,fit
train,1623092,fit
train,1623134,fit
train,1623764,validation
train,1623842,fit
train,1623897,fit
train,1623943,fit
train,1623959,fit
train,1624124,fit
train,1624234,fit
train,1624260,fit
train,1624625,fit
train,1624717,fit
train,1624809,fit
train,1624852,fit
train,1625449,fit
train,1625532,fit
train,1625563,fit
train,1625630,validation
train,1626001,validation
train,1626008,fit
train,1626226,validation
train,1626228,fit
train,1626576,fit
train,1626601,fit
train,1626758,fit
train,1626786,fit
train,1626862,fit
train,1627009,fit
train,1627068,fit
train,1627134,validation
train,1627627,validation
train,1627748,fit
train,1627771,fit
train,1627838,validation
train,1627942,fit
train,1627947,fit
train,1628175,fit
train,1628205,fit
train,1628306,fit
train,1628502,fit
train,1629090,fit
train,1629134,fit
train,1629218,validation
train,1629837,fit
train,1629875,fit
train,1630011,fit
train,1630348,fit
train,1630490,fit
train,1630612,fit
train,1630641,fit
train,1630782,fit
train,1630887,fit
train,1631004,fit
train,1631258,fit
train,1631446,fit
train,1631750,fit
train,1631754,fit
train,1632235,validation
train,1632442,fit
train,1632571,fit
train,1632689,validation
train,1632801,validation
train,1632808,fit
train,1633288,fit
train,1633386,fit
train,1633510,fit
train,1633693,fit
train,1633804,validation
train,1633991,validation
train,1634406,fit
train,1634435,fit
train,1634770,fit
train,1634812,fit
train,1635292,validation
train,1635331,validation
train,1635469,validation
train,1635834,fit
train,1636144,validation
train,1636179,fit
train,1636235,fit
train,1636243,fit
train,1636251,fit
train,1636309,fit
train,1636472,validation
train,1636501,fit
train,1636687,fit
train,1636727,fit
train,1637025,validation
train,1637104,fit
train,1637106,fit
train,1637148,validation
train,1637199,fit
train,1637287,fit
train,1638009,validation
train,1638448,fit
train,1638794,fit
train,1638812,fit
train,1638972,fit
train,1639088,fit
train,1639445,fit
train,1639503,fit
train,1639529,fit
train,1639639,fit
train,1639690,fit
train,1639789,fit
train,1640008,fit
train,1640216,validation
train,1640238,fit
train,1640283,fit
train,1640707,fit
train,1640719,fit
train,1640943,validation
train,1641007,fit
train,1641118,fit
train,1641472,validation
train,1641874,fit
train,1641891,fit
train,1641915,fit
train,1641998,fit
train,1642077,fit
train,1642375,fit
train,1642485,validation
train,1642587,validation
train,1642767,fit
train,1642982,fit
train,1643155,fit
train,1643371,fit
train,1643590,fit
train,1643609,fit
train,1643760,fit
train,1643914,fit
train,1643964,fit
train,1644268,fit
train,1645237,fit
train,1645869,validation
train,1645890,fit
train,1646225,fit
train,1646574,fit
train,1646859,fit
train,1646961,validation
train,1647118,fit
train,1647148,fit
train,1647300,fit
train,1647541,fit
train,1647595,fit
train,1647810,fit
train,1648340,fit
train,1648426,fit
train,1648511,fit
train,1648611,fit
train,1648647,fit
train,1648729,fit
train,1648851,fit
train,1649471,fit
train,1649731,fit
train,1649732,fit
train,1649787,fit
train,1650048,fit
train,1650338,validation
train,1650438,fit
train,1650571,validation
train,1650636,fit
train,1650692,fit
train,1650702,fit
train,1651168,fit
train,1651928,fit
train,1652042,fit
train,1652094,fit
train,1652317,fit
train,1652517,fit
train,1652636,fit
train,1652733,validation
train,1652768,fit
train,1652817,fit
train,1653212,fit
train,1653223,fit
train,1653359,fit
train,1653383,fit
train,1653401,validation
train,1654104,fit
train,1654137,fit
train,1654356,fit
train,1654757,fit
train,1654799,fit
train,1654813,fit
train,1654930,fit
train,1655004,fit
train,1655188,validation
train,1655268,fit
train,1655329,fit
train,1655399,fit
train,1655549,fit
train,1655871,fit
train,1656186,validation
train,1656210,validation
train,1656370,fit
train,1656424,fit
train,1656583,fit
train,1656649,fit
train,1656819,fit
train,1657931,validation
train,1658284,fit
train,1658362,fit
train,1658595,fit
train,1658773,fit
train,1659000,fit
train,1659032,fit
train,1659495,fit
train,1659663,fit
train,1659728,fit
train,1660402,fit
train,1660565,validation
train,1660589,fit
train,1660768,fit
train,1660811,fit
train,1661230,fit
train,1661626,fit
train,1662298,fit
train,1662616,fit
train,1662893,fit
train,1662975,fit
train,1663612,validation
train,1663639,fit
train,1663650,fit
train,1663738,validation
train,1663740,fit
train,1663961,fit
train,1664271,fit
train,1664504,fit
train,1664611,fit
train,1664683,fit
train,1665049,fit
train,1665218,fit
train,1665308,fit
train,1665552,fit
train,1665641,validation
train,1665724,fit
train,1665885,fit
train,1666059,fit
train,1666108,fit
train,1666143,validation
train,1666476,fit
train,1666791,validation
train,1666827,validation
train,1666895,validation
train,1666924,fit
train,1667261,validation
train,1667366,fit
train,1667490,fit
train,1667781,fit
train,1667867,fit
train,1667912,fit
train,1668235,fit
train,1668556,fit
train,1668657,fit
train,1668845,validation
train,1668907,fit
train,1669214,fit
train,1669498,validation
train,1669529,fit
train,1669545,fit
train,1669658,validation
train,1669669,fit
train,1669948,validation
train,1670284,fit
train,1670649,fit
train,1670793,validation
train,1670818,fit
train,1670829,fit
train,1670912,fit
train,1670949,fit
train,1671325,fit
train,1671416,fit
train,1671545,fit
train,1671586,fit
train,1671795,fit
train,1672003,fit
train,1672033,fit
train,1672058,fit
train,1672282,fit
train,1672351,validation
train,1672721,fit
train,1672785,fit
train,1672881,fit
train,1673466,validation
train,1673667,fit
train,1673736,fit
train,1673911,fit
train,1674076,validation
train,1674114,fit
train,1674680,fit
train,1674688,validation
train,1674988,fit
train,1675010,fit
train,1675314,fit
train,1675479,fit
train,1675495,fit
train,1675538,validation
train,1675999,fit
train,1676201,validation
train,1676363,fit
train,1676835,fit
train,1676973,fit
train,1677324,fit
train,1677329,fit
train,1677465,validation
train,1677475,validation
train,1677506,fit
train,1677577,fit
train,1677591,fit
train,1678198,fit
train,1678217,validation
train,1678300,fit
train,1678338,fit
train,1678400,validation
train,1678446,validation
train,1678800,fit
train,1678874,fit
train,1679032,fit
train,1679039,validation
train,1679219,fit
train,1679502,fit
train,1679549,fit
train,1679637,fit
train,1679736,fit
train,1679828,validation
train,1679974,fit
train,1679990,fit
train,1680323,fit
train,1680599,fit
train,1680704,fit
train,1680853,fit
train,1680921,fit
train,1680992,fit
train,1681067,validation
train,1681075,fit
train,1681252,fit
train,1681286,fit
train,1681359,fit
train,1681627,fit
train,1681675,fit
train,1682120,validation
train,1682148,fit
train,1682272,validation
train,1682382,fit
train,1682482,fit
train,1683155,fit
train,1683209,fit
train,1683226,fit
train,1683641,fit
train,1683780,fit
train,1683858,fit
train,1683966,fit
train,1683971,fit
train,1683979,fit
train,1684197,fit
train,1684289,fit
train,1684445,fit
train,1684568,fit
train,1684809,fit
train,1685053,fit
train,1685266,fit
train,1685539,fit
train,1685829,fit
train,1685845,fit
train,1686013,fit
train,1686337,validation
train,1686377,fit
train,1686533,fit
train,1686633,fit
train,1686642,fit
train,1686860,fit
train,1687437,fit
train,1687937,fit
train,1688022,fit
train,1688036,fit
train,1688149,fit
train,1688171,fit
train,1688391,fit
train,1688515,fit
train,1689191,fit
train,1689250,fit
train,1689453,fit
train,1689670,fit
train,1689744,validation
train,1690218,fit
train,1690662,fit
train,1690904,fit
train,1690968,validation
train,1691094,validation
train,1691246,fit
train,1691592,fit
train,1691804,fit
train,1692000,fit
train,1692046,fit
train,1692166,fit
train,1692320,fit
train,1692370,fit
train,1692407,fit
train,1692441,fit
train,1692756,validation
train,1693296,fit
train,1693660,fit
train,1694233,fit
train,1694382,fit
train,1694438,fit
train,1694570,fit
train,1694627,validation
train,1694701,fit
train,1694987,fit
train,1695037,fit
train,1695043,fit
train,1695263,validation
train,1695535,fit
train,1696046,validation
train,1696455,fit
train,1696521,fit
train,1696791,validation
train,1696908,validation
train,1697169,fit
train,1697179,fit
train,1697292,fit
train,1697489,validation
train,1697921,fit
train,1697959,fit
train,1697972,fit
train,1698082,fit
train,1698440,fit
train,1698653,fit
train,1698847,validation
train,1698904,validation
train,1699763,fit
train,1699850,fit
train,1700029,fit
train,1700535,validation
train,1700913,fit
train,1701167,fit
train,1701240,fit
train,1701446,fit
train,1701578,fit
train,1701602,fit
train,1701789,fit
train,1701794,fit
train,1701958,fit
train,1702741,fit
train,1702772,fit
train,1703016,fit
train,1703457,validation
train,1703567,fit
train,1703797,validation
train,1703961,fit
train,1704060,fit
train,1704100,validation
train,1704270,fit
train,1704353,fit
train,1704568,fit
train,1704731,validation
train,1704855,fit
train,1704906,fit
train,1705060,fit
train,1705153,fit
train,1705357,fit
train,1705397,fit
train,1705417,fit
train,1705440,fit
train,1705803,fit
train,1705865,validation
train,1705904,fit
train,1705913,fit
train,1705978,fit
train,1706012,fit
train,1706185,validation
train,1706312,validation
train,1706480,fit
train,1706585,fit
train,1706870,fit
train,1706998,validation
train,1707034,fit
train,1707142,fit
train,1707292,fit
train,1707324,fit
train,1707499,fit
train,1707577,fit
train,1707785,validation
train,1708090,fit
train,1708387,validation
train,1708569,validation
train,1708922,fit
train,1709003,fit
train,1709204,fit
train,1709244,fit
train,1709729,fit
train,1709916,fit
train,1709967,fit
train,1709982,fit
train,1710335,validation
train,1710593,fit
train,1710919,fit
train,1711081,fit
train,1711333,fit
train,1711582,fit
train,1711602,fit
train,1711639,fit
train,1711776,fit
train,1711780,fit
train,1711977,fit
train,1712352,fit
train,1712488,fit
train,1712494,fit
train,1712581,fit
train,1712744,validation
train,1712769,validation
train,1712855,fit
train,1713183,fit
train,1713326,fit
train,1713403,fit
train,1713410,fit
train,1713739,fit
train,1713745,fit
train,1713795,validation
train,1713886,fit
train,1714037,fit
train,1714040,fit
train,1714319,fit
train,1714639,validation
train,1714698,fit
train,1714894,validation
train,1714989,validation
train,1715039,fit
train,1715248,fit
train,1715295,fit
train,1715346,fit
train,1715970,validation
train,1716386,fit
train,1716498,fit
train,1716634,fit
train,1717162,fit
train,1717840,validation
train,1717920,fit
train,1718162,fit
train,1718273,fit
train,1718394,fit
train,1718559,validation
train,1718567,fit
train,1718777,fit
train,1719017,fit
train,1719749,fit
train,1719754,validation
train,1719776,fit
train,1720626,validation
train,1720659,fit
train,1720717,fit
train,1720830,fit
train,1720897,fit
train,1720898,fit
train,1720899,fit
train,1721281,fit
train,1721292,validation
train,1721462,fit
train,1721710,validation
train,1721748,validation
train,1721793,fit
train,1721877,validation
train,1722189,validation
train,1722256,fit
train,1722833,fit
train,1722933,validation
train,1723613,validation
train,1723668,fit
train,1723693,fit
train,1723763,fit
train,1723959,fit
train,1724592,validation
train,1724598,fit
train,1724713,fit
train,1724868,fit
train,1725052,fit
train,1725210,validation
train,1725265,fit
train,1725306,fit
train,1725318,fit
train,1725334,fit
train,1725353,fit
train,1725410,fit
train,1725636,fit
train,1725778,fit
train,1725879,fit
train,1725983,fit
train,1726043,fit
train,1726126,fit
train,1726179,fit
train,1726657,validation
train,1726782,fit
train,1726849,fit
train,1726901,fit
train,1727017,fit
train,1727167,fit
train,1727281,fit
train,1727548,fit
train,1728244,fit
train,1728803,fit
train,1728971,fit
train,1729056,fit
train,1729091,validation
train,1729233,fit
train,1729366,fit
train,1729371,fit
train,1729677,fit
train,1729866,fit
train,1730166,fit
train,1730203,fit
train,1730356,validation
train,1730420,fit
train,1730629,fit
train,1730655,fit
train,1730927,fit
train,1731092,fit
train,1731354,fit
train,1731388,validation
train,1731860,fit
train,1731925,validation
train,1732069,fit
train,1732267,fit
train,1732391,fit
train,1732554,fit
train,1732617,fit
train,1732761,fit
train,1732856,validation
train,1732948,fit
train,1733062,validation
train,1733106,fit
train,1733203,fit
train,1733210,fit
train,1733393,validation
train,1733918,fit
train,1734321,fit
train,1734411,fit
train,1734567,validation
train,1734757,fit
train,1734767,validation
train,1734828,fit
train,1735226,fit
train,1735294,fit
train,1735531,validation
train,1735580,fit
train,1735664,fit
train,1735720,fit
train,1736007,fit
train,1736029,fit
train,1736709,validation
train,1736894,validation
train,1736983,fit
train,1737219,fit
train,1737670,fit
train,1737913,fit
train,1737914,validation
train,1737957,validation
train,1738151,validation
train,1738205,fit
train,1738462,fit
train,1738570,fit
train,1738621,fit
train,1738908,validation
train,1738983,fit
train,1739001,fit
train,1739159,fit
train,1739213,fit
train,1739387,fit
train,1739922,fit
train,1740057,fit
train,1740757,fit
train,1740811,fit
train,1740881,validation
train,1741098,fit
train,1741423,fit
train,1741655,validation
train,1741802,fit
train,1741881,fit
train,1741921,fit
train,1741956,fit
train,1742020,fit
train,1742453,fit
train,1742532,fit
train,1742890,validation
train,1743087,fit
train,1743437,validation
train,1743737,fit
train,1743745,fit
train,1743799,fit
train,1743817,fit
train,1743853,fit
train,1744328,validation
train,1744490,validation
train,1744546,validation
train,1744810,fit
train,1745045,fit
train,1745088,fit
train,1745112,validation
train,1745118,fit
train,1745223,fit
train,1745360,fit
train,1745578,fit
train,1746108,fit
train,1746656,fit
train,1746732,validation
train,1747177,fit
train,1747801,fit
train,1747911,validation
train,1747926,validation
train,1747999,fit
train,1748152,fit
train,1748168,fit
train,1748212,fit
train,1748590,fit
train,1748801,fit
train,1748815,fit
train,1748826,fit
train,1748922,fit
train,1749059,fit
train,1749117,fit
train,1749194,fit
train,1749218,fit
train,1749240,fit
train,1749296,fit
train,1749365,fit
train,1749448,validation
train,1749654,fit
train,1749850,fit
train,1749862,fit
train,1749877,fit
train,1750141,fit
train,1750626,fit
train,1750959,fit
train,1750961,validation
train,1751250,fit
train,1751731,validation
train,1752008,fit
train,1752077,fit
train,1752223,validation
train,1752274,fit
train,1752419,fit
train,1752460,fit
train,1752949,fit
train,1753082,fit
train,1753146,fit
train,1753447,fit
train,1753460,fit
train,1753503,validation
train,1753773,validation
train,1753818,fit
train,1753824,fit
train,1753956,fit
train,1754054,fit
train,1754166,fit
train,1754409,validation
train,1754692,fit
train,1754890,fit
train,1755045,fit
train,1755578,fit
train,1756206,fit
train,1756250,fit
train,1756352,fit
train,1756603,fit
train,1756702,validation
train,1756979,fit
train,1757176,fit
train,1757288,validation
train,1757386,validation
train,1757532,fit
train,1757858,validation
train,1758021,fit
train,1758425,fit
train,1758814,fit
train,1759336,fit
train,1759453,fit
train,1759472,fit
train,1759553,fit
train,1759738,fit
train,1759829,fit
train,1759934,fit
train,1760247,fit
train,1760303,fit
train,1760380,validation
train,1760482,fit
train,1760498,fit
train,1760523,fit
train,1761170,fit
train,1761236,fit
train,1761869,fit
train,1762197,fit
train,1762600,fit
train,1762961,fit
train,1763047,fit
train,1763092,fit
train,1763202,fit
train,1763303,fit
train,1763356,fit
train,1763615,fit
train,1763688,fit
train,1763764,fit
train,1764233,validation
train,1764432,fit
train,1764501,validation
train,1764610,fit
train,1764648,fit
train,1765068,fit
train,1765743,fit
train,1765945,validation
train,1766074,validation
train,1766108,fit
train,1766305,validation
train,1766429,fit
train,1766668,fit
train,1766979,fit
train,1767087,fit
train,1767987,fit
train,1768225,fit
train,1768291,validation
train,1768462,fit
train,1768708,fit
train,1769486,fit
train,1769575,fit
train,1769957,fit
train,1769970,fit
train,1770121,fit
train,1770260,validation
train,1770545,fit
train,1770591,validation
train,1770630,validation
train,1771010,validation
train,1771046,fit
train,1771194,fit
train,1771215,validation
train,1771301,fit
train,1771568,validation
train,1771584,fit
train,1771587,fit
train,1771804,fit
train,1771829,fit
train,1771851,validation
train,1771952,fit
train,1771992,fit
train,1772470,fit
train,1772817,fit
train,1773221,fit
train,1773323,fit
train,1773413,validation
train,1773436,fit
train,1773653,fit
train,1773727,fit
train,1773729,fit
train,1773887,fit
train,1773953,fit
train,1774294,validation
train,1774686,fit
train,1774815,validation
train,1774892,fit
train,1774965,fit
train,1775086,fit
train,1775276,fit
train,1775536,fit
train,1775678,fit
train,1776041,fit
train,1776050,fit
train,1776456,fit
train,1776621,fit
train,1776740,fit
train,1777333,fit
train,1777357,fit
train,1777415,fit
train,1777612,fit
train,1777649,fit
train,1777681,validation
train,1777806,fit
train,1778372,fit
train,1778423,fit
train,1778536,fit
train,1778574,fit
train,1778644,fit
train,1778734,fit
train,1778907,fit
train,1779312,fit
train,1779443,validation
train,1780603,fit
train,1780636,fit
train,1780989,fit
train,1781084,fit
train,1781797,fit
train,1781906,validation
train,1782455,validation
train,1782467,fit
train,1782731,fit
train,1782835,validation
train,1782967,fit
train,1783342,fit
train,1783471,fit
train,1784212,validation
train,1784268,fit
train,1784286,fit
train,1784868,fit
train,1784979,validation
train,1785139,fit
train,1785260,validation
train,1785329,fit
train,1785850,fit
train,1785890,validation
train,1785930,validation
train,1786636,fit
train,1786646,fit
train,1786654,fit
train,1786875,fit
train,1787082,fit
train,1787267,validation
train,1787402,fit
train,1787589,fit
train,1787667,fit
train,1787760,validation
train,1787944,fit
train,1788122,fit
train,1788146,fit
train,1788149,fit
train,1788211,validation
train,1788592,fit
train,1788731,fit
train,1789059,fit
train,1789133,fit
train,1789622,fit
train,1789670,fit
train,1789803,fit
train,1789843,fit
train,1789930,fit
train,1790016,fit
train,1790518,fit
train,1790716,fit
train,1791707,fit
train,1791803,fit
train,1792016,fit
train,1792363,fit
train,1792371,fit
train,1792517,fit
train,1792603,fit
train,1792698,fit
train,1792734,fit
train,1792851,fit
train,1792900,fit
train,1793771,fit
train,1794398,validation
train,1794520,validation
train,1794580,fit
train,1795033,fit
train,1795585,fit
train,1795628,validation
train,1796027,fit
train,1796251,fit
train,1796414,fit
train,1796754,fit
train,1797282,fit
train,1797350,fit
train,1797538,fit
train,1797795,fit
train,1798248,validation
train,1798287,fit
train,1798732,fit
train,1798815,fit
train,1799480,fit
train,1799743,fit
train,1800166,fit
train,1800213,validation
train,1800229,fit
train,1800400,fit
train,1800611,fit
train,1800630,fit
train,1800675,fit
train,1800809,fit
train,1801157,fit
train,1801240,validation
train,1801358,fit
train,1801676,validation
train,1801849,fit
train,1801856,fit
train,1801887,fit
train,1801981,fit
train,1802031,fit
train,1802121,fit
train,1802289,fit
train,1802370,fit
train,1802440,fit
train,1802548,fit
train,1802838,fit
train,1802896,fit
train,1802933,validation
train,1803113,fit
train,1803181,fit
train,1803208,fit
train,1803447,fit
train,1804280,fit
train,1804422,fit
train,1804601,fit
train,1804776,validation
train,1804780,fit
train,1805079,fit
train,1805124,validation
train,1805379,fit
train,1805808,fit
train,1806326,fit
train,1806761,fit
train,1806807,fit
train,1807267,fit
train,1808040,fit
train,1808141,fit
train,1808268,fit
train,1808338,fit
train,1808365,fit
train,1808514,fit
train,1808597,fit
train,1808707,fit
train,1808719,fit
train,1809013,fit
train,1809085,validation
train,1809143,fit
train,1809430,fit
train,1809560,validation
train,1809724,fit
train,1810357,fit
train,1810423,validation
train,1810573,fit
train,1810923,fit
train,1810992,fit
train,1810999,validation
train,1811178,fit
train,1811464,fit
train,1811856,fit
train,1812294,fit
train,1812626,fit
train,1813140,fit
train,1813751,validation
train,1813937,fit
train,1813976,fit
train,1814089,fit
train,1814209,fit
train,1814591,fit
train,1814682,validation
train,1814957,fit
train,1814970,validation
train,1815015,fit
train,1815344,validation
train,1815739,fit
train,1816219,validation
train,1816456,fit
train,1816826,fit
train,1816832,fit
train,1816942,fit
train,1817018,validation
train,1817233,fit
train,1817581,fit
train,1817623,validation
train,1817661,validation
train,1817950,fit
train,1818657,fit
train,1818917,fit
train,1818950,fit
train,1819631,validation
train,1819688,fit
train,1819754,fit
train,1820025,fit
train,1820083,fit
train,1820110,fit
train,1820113,fit
train,1820481,fit
train,1820539,fit
train,1820615,fit
train,1820659,fit
train,1820835,fit
train,1820853,validation
train,1820870,validation
train,1820886,fit
train,1821205,fit
train,1821483,fit
train,1821606,fit
train,1821623,fit
train,1821682,fit
train,1821848,validation
train,1821963,fit
train,1822200,validation
train,1822316,fit
train,1822375,fit
train,1822419,fit
train,1822715,fit
train,1822938,fit
train,1823308,fit
train,1823554,fit
train,1823663,fit
train,1823714,validation
train,1823800,fit
train,1823822,validation
train,1824050,validation
train,1824073,fit
train,1824095,validation
train,1824101,validation
train,1824114,fit
train,1824135,fit
train,1824156,validation
train,1824206,fit
train,1824245,fit
train,1824659,fit
train,1824773,fit
train,1824889,fit
train,1824937,fit
train,1824957,fit
train,1825099,validation
train,1825104,fit
train,1825110,fit
train,1825148,fit
train,1825322,fit
train,1825363,fit
train,1825939,fit
train,1825953,fit
train,1826012,fit
train,1826107,fit
train,1826352,fit
train,1826447,fit
train,1826856,validation
train,1826966,validation
train,1827489,fit
train,1827887,validation
train,1827951,fit
train,1828073,validation
train,1828118,fit
train,1828170,fit
train,1828344,validation
train,1828346,fit
train,1828525,fit
train,1828571,fit
train,1828741,validation
train,1828781,fit
train,1828983,fit
train,1828993,fit
train,1829005,validation
train,1829295,fit
train,1829460,fit
train,1829670,fit
train,1829692,fit
train,1829826,fit
train,1829843,fit
train,1829903,fit
train,1829914,fit
train,1830330,validation
train,1830656,fit
train,1830915,fit
train,1830975,fit
train,1830997,fit
train,1831196,fit
train,1831249,fit
train,1831302,fit
train,1832253,fit
train,1832256,validation
train,1832378,fit
train,1832396,fit
train,1832481,validation
train,1832676,validation
train,1832779,fit
train,1832821,fit
train,1833195,validation
train,1833223,fit
train,1833270,fit
train,1834178,fit
train,1834590,fit
train,1834714,validation
train,1834881,fit
train,1835023,fit
train,1835034,fit
train,1835263,fit
train,1835274,fit
train,1835417,fit
train,1835854,fit
train,1835962,fit
train,1836072,fit
train,1836365,fit
train,1836816,fit
train,1836971,validation
train,1837185,validation
train,1837323,fit
train,1837595,fit
train,1837916,fit
train,1838029,fit
train,1838681,fit
train,1838747,fit
train,1838828,fit
train,1839011,fit
train,1839280,validation
train,1839355,fit
train,1839475,fit
train,1839520,fit
train,1839529,fit
train,1839604,fit
train,1839708,validation
train,1839998,fit
train,1840392,validation
train,1840532,validation
train,1840642,fit
train,1840710,fit
train,1841020,fit
train,1841054,fit
train,1841206,fit
train,1841416,fit
train,1841646,fit
train,1841727,fit
train,1842102,fit
train,1842431,fit
train,1842437,fit
train,1842494,fit
train,1842568,validation
train,1842593,fit
train,1842614,validation
train,1842713,fit
train,1843044,fit
train,1843259,fit
train,1843455,validation
train,1843630,fit
train,1843949,fit
train,1844019,validation
train,1844028,fit
train,1844441,fit
train,1844627,fit
train,1844635,validation
train,1844651,fit
train,1844886,fit
train,1844955,fit
train,1845046,fit
train,1845073,fit
train,1845138,fit
train,1845647,fit
train,1846048,fit
train,1846349,fit
train,1846506,fit
train,1846613,fit
train,1846662,fit
train,1846701,fit
train,1846813,validation
train,1847286,fit
train,1847651,validation
train,1847705,fit
train,1847884,fit
train,1847893,fit
train,1847951,validation
train,1847973,fit
train,1848071,fit
train,1848202,fit
train,1848772,fit
train,1848911,fit
train,1848948,validation
train,1849076,validation
train,1849271,fit
train,1849288,fit
train,1849310,fit
train,1849371,fit
train,1849865,fit
train,1849954,validation
train,1849998,fit
train,1850039,fit
train,1850535,fit
train,1850540,fit
train,1850715,validation
train,1851031,fit
train,1851257,fit
train,1851646,fit
train,1851809,fit
train,1852120,fit
train,1852218,validation
train,1852294,fit
train,1852652,fit
train,1852673,fit
train,1852873,fit
train,1853587,fit
train,1853748,fit
train,1853780,fit
train,1853866,fit
train,1854347,fit
train,1854586,fit
train,1854657,fit
train,1854854,validation
train,1854994,fit
train,1855276,fit
train,1855559,fit
train,1855642,fit
train,1855687,validation
train,1856019,validation
train,1856025,validation
train,1856034,fit
train,1856037,validation
train,1856118,validation
train,1856270,validation
train,1856389,validation
train,1856398,fit
train,1857311,fit
train,1857471,validation
train,1857591,fit
train,1857791,fit
train,1857946,validation
train,1858026,fit
train,1858085,fit
train,1858841,fit
train,1858997,fit
train,1859232,fit
train,1859590,fit
train,1859798,fit
train,1859804,fit
train,1859937,fit
train,1860045,fit
train,1860054,fit
train,1860073,fit
train,1860186,validation
train,1860487,fit
train,1860492,validation
train,1860675,validation
train,1861292,fit
train,1861353,validation
train,1861708,fit
train,1861871,fit
train,1862319,fit
train,1862511,fit
train,1862669,fit
train,1862856,fit
train,1862876,validation
train,1863625,fit
train,1863919,fit
train,1864382,fit
train,1864763,fit
train,1864852,fit
train,1864901,fit
train,1864935,fit
train,1864942,fit
train,1865065,fit
train,1865262,fit
train,1865267,fit
train,1865332,fit
train,1865481,fit
train,1865491,fit
train,1865668,fit
train,1865938,fit
train,1866006,fit
train,1866116,fit
train,1866274,fit
train,1866348,fit
train,1866422,fit
train,1866479,fit
train,1866633,fit
train,1866988,validation
train,1867213,fit
train,1867517,fit
train,1867557,fit
train,1867670,fit
train,1867927,fit
train,1868272,validation
train,1868571,validation
train,1868910,fit
train,1869054,validation
train,1869491,fit
train,1869640,fit
train,1869683,fit
train,1869894,validation
train,1870064,fit
train,1870099,fit
train,1870908,fit
train,1871013,fit
train,1871052,fit
train,1871276,fit
train,1871718,fit
train,1871990,fit
train,1872063,fit
train,1872173,fit
train,1872226,fit
train,1872353,fit
train,1872744,fit
train,1872876,validation
train,1872948,fit
train,1873144,fit
train,1873463,fit
train,1873505,fit
train,1873547,fit
train,1873810,validation
train,1873834,validation
train,1874468,fit
train,1874710,fit
train,1874815,validation
train,1874884,fit
train,1874949,fit
train,1874975,fit
train,1875098,fit
train,1875378,fit
train,1875384,fit
train,1875514,fit
train,1875653,fit
train,1876328,validation
train,1876552,fit
train,1876590,fit
train,1876732,fit
train,1876822,fit
train,1876970,fit
train,1876995,fit
train,1877588,fit
train,1877591,fit
train,1877608,fit
train,1877633,fit
train,1878005,fit
train,1878076,fit
train,1878278,fit
train,1878384,validation
train,1878518,fit
train,1878694,fit
train,1878754,fit
train,1879376,fit
train,1879378,fit
train,1879577,fit
train,1879615,fit
train,1879998,validation
train,1880112,validation
train,1880116,fit
train,1880184,fit
train,1880228,fit
train,1880330,fit
train,1880566,validation
train,1880806,fit
train,1880938,validation
train,1880966,fit
train,1881122,validation
train,1881141,fit
train,1881153,validation
train,1881235,fit
train,1881376,fit
train,1881398,validation
train,1881499,fit
train,1881691,fit
train,1881791,fit
train,1881939,fit
train,1881988,fit
train,1882016,validation
train,1882235,fit
train,1882720,fit
train,1882776,fit
train,1882890,fit
train,1882957,fit
train,1882961,fit
train,1883095,fit
train,1883226,validation
train,1883229,fit
train,1884910,fit
train,1885083,validation
train,1885133,fit
train,1885282,fit
train,1885294,fit
train,1886642,validation
train,1886659,fit
train,1886713,validation
train,1886831,fit
train,1886856,fit
train,1886928,fit
train,1887213,fit
train,1887314,validation
train,1887447,fit
train,1888012,fit
train,1888032,fit
train,1888063,fit
train,1888115,validation
train,1888335,fit
train,1888411,validation
train,1888414,fit
train,1888449,fit
train,1888579,validation
train,1888632,fit
train,1888651,fit
train,1888691,fit
train,1888760,fit
train,1889036,fit
train,1889178,fit
train,1889300,fit
train,1889634,fit
train,1889738,fit
train,1889754,fit
train,1890137,validation
train,1890502,fit
train,1890508,fit
train,1890615,fit
train,1890719,fit
train,1890781,fit
train,1890873,fit
train,1890883,fit
train,1891105,validation
train,1891355,fit
train,1891813,fit
train,1892109,validation
train,1892177,fit
train,1892194,fit
train,1892573,fit
train,1892593,validation
train,1892632,fit
train,1892642,fit
train,1892715,fit
train,1892771,fit
train,1893185,fit
train,1893438,fit
train,1894251,fit
train,1894429,fit
train,1894523,validation
train,1894546,fit
train,1894564,validation
train,1894703,fit
train,1894737,fit
train,1894755,fit
train,1894878,fit
train,1894966,fit
train,1894974,validation
train,1895023,fit
train,1895141,validation
train,1895274,fit
train,1895377,fit
train,1895605,fit
train,1896034,fit
train,1896805,fit
train,1896921,validation
train,1897463,fit
train,1897751,fit
train,1897767,validation
train,1898048,fit
train,1898208,fit
train,1898317,validation
train,1898493,fit
train,1899563,fit
train,1899821,fit
train,1899966,fit
train,1900103,fit
train,1900477,fit
train,1900494,validation
train,1900738,fit
train,1900790,fit
train,1900827,fit
train,1901069,fit
train,1901073,validation
train,1901254,fit
train,1901412,fit
train,1901413,validation
train,1901514,fit
train,1901671,fit
train,1901760,fit
train,1901796,fit
train,1901877,fit
train,1901949,validation
train,1902493,validation
train,1902672,fit
train,1902916,fit
train,1903509,validation
train,1903644,fit
train,1903655,fit
train,1903688,fit
train,1904233,validation
train,1904307,fit
train,1904386,fit
train,1904462,validation
train,1904469,fit
train,1904503,fit
train,1905169,fit
train,1906200,fit
train,1906221,fit
train,1906532,fit
train,1906569,fit
train,1906654,fit
train,1907442,validation
train,1907479,fit
train,1907491,fit
train,1907785,fit
train,1908087,validation
train,1908279,fit
train,1908304,fit
train,1908424,fit
train,1908437,fit
train,1908737,validation
train,1908775,validation
train,1908815,fit
train,1909144,fit
train,1909210,fit
train,1909564,fit
train,1909761,fit
train,1909913,fit
train,1910365,validation
train,1910447,fit
train,1910505,fit
train,1910533,fit
train,1910745,fit
train,1910983,fit
train,1911037,fit
train,1911078,fit
train,1911172,fit
train,1911321,fit
train,1911428,fit
train,1911459,fit
train,1911489,fit
train,1911618,fit
train,1911699,fit
train,1912079,fit
train,1912132,validation
train,1913001,fit
train,1913158,fit
train,1913293,fit
train,1913422,fit
train,1913503,fit
train,1913576,fit
train,1913593,validation
train,1913671,fit
train,1914173,fit
train,1914285,fit
train,1915093,validation
train,1915130,fit
train,1915159,fit
train,1915329,fit
train,1915438,fit
train,1915711,fit
train,1916383,validation
train,1916634,fit
train,1916716,fit
train,1916817,fit
train,1916960,fit
train,1917148,validation
train,1917330,fit
train,1917457,fit
train,1917468,validation
train,1917501,validation
train,1917619,fit
train,1917633,fit
train,1917965,fit
train,1918175,validation
train,1918645,fit
train,1919028,fit
train,1919218,fit
train,1919422,validation
train,1919497,fit
train,1919833,fit
train,1919878,fit
train,1920058,validation
train,1920168,fit
train,1920402,fit
train,1920637,fit
train,1921260,fit
train,1921563,fit
train,1921571,fit
train,1921583,fit
train,1921952,validation
train,1922402,fit
train,1922444,fit
train,1922693,fit
train,1922708,fit
train,1922782,fit
train,1922980,fit
train,1923310,fit
train,1923334,fit
train,1923579,validation
train,1923698,fit
train,1923761,fit
train,1923898,fit
train,1924315,fit
train,1924330,fit
train,1924523,fit
train,1924562,fit
train,1924650,fit
train,1924781,fit
train,1924863,fit
train,1924995,fit
train,1925001,validation
train,1925083,fit
train,1925230,fit
train,1925791,fit
train,1926129,fit
train,1926593,fit
train,1926711,fit
train,1926728,fit
train,1926779,fit
train,1926826,fit
train,1927113,fit
train,1927253,fit
train,1927651,validation
train,1927717,validation
train,1927732,fit
train,1927818,fit
train,1927992,fit
train,1928181,validation
train,1928315,validation
train,1928411,fit
train,1928597,validation
train,1928763,validation
train,1928798,fit
train,1928960,validation
train,1929027,fit
train,1929147,fit
train,1929196,fit
train,1929281,fit
train,1929296,fit
train,1929425,fit
train,1929529,fit
train,1929863,fit
train,1930215,fit
train,1930218,fit
train,1930258,fit
train,1930277,fit
train,1930471,fit
train,1930693,fit
train,1930720,fit
train,1931039,validation
train,1931511,fit
train,1931721,fit
train,1931740,fit
train,1931844,fit
train,1932029,validation
train,1932052,fit
train,1932094,fit
train,1932259,fit
train,1932564,fit
train,1932964,validation
train,1933347,fit
train,1933879,fit
train,1934103,fit
train,1934555,validation
train,1934566,validation
train,1934630,validation
train,1935042,validation
train,1935078,fit
train,1935111,fit
train,1935483,fit
train,1935630,validation
train,1935711,fit
train,1935885,fit
train,1936590,fit
train,1937268,fit
train,1937368,fit
train,1937707,fit
train,1937969,fit
train,1938344,fit
train,1938430,fit
train,1938652,validation
train,1938721,fit
train,1938735,fit
train,1939678,fit
train,1939698,fit
train,1939945,fit
train,1940106,fit
train,1940320,fit
train,1940928,fit
train,1941005,fit
train,1941179,validation
train,1941338,fit
train,1942075,fit
train,1942195,fit
train,1942330,fit
train,1942471,validation
train,1942812,fit
train,1943362,fit
train,1943368,fit
train,1943585,fit
train,1943600,fit
train,1943721,fit
train,1943774,fit
train,1944234,fit
train,1944655,fit
train,1944743,fit
train,1944823,fit
train,1944852,fit
train,1944858,validation
train,1945165,fit
train,1945572,fit
train,1945862,fit
train,1946130,fit
train,1946189,validation
train,1946354,validation
train,1946731,fit
train,1946891,fit
train,1947139,validation
train,1947153,fit
train,1947267,fit
train,1947336,fit
train,1947397,fit
train,1947464,validation
train,1947869,fit
train,1947953,fit
train,1948067,fit
train,1948099,fit
train,1948142,validation
train,1948194,fit
train,1948225,validation
train,1948870,fit
train,1949156,fit
train,1949184,fit
train,1949224,fit
train,1949391,fit
train,1949619,fit
train,1949679,fit
train,1949751,fit
train,1950155,fit
train,1950644,validation
train,1950789,fit
train,1950996,fit
train,1951149,fit
train,1951165,fit
train,1951288,fit
train,1951350,fit
train,1951385,fit
train,1951825,fit
train,1952091,validation
train,1952270,validation
train,1952650,fit
train,1952880,fit
train,1952914,fit
train,1953187,fit
train,1953216,fit
train,1954006,fit
train,1954094,fit
train,1954613,fit
train,1954631,fit
train,1954657,validation
train,1954718,fit
train,1954964,fit
train,1955402,fit
train,1955404,fit
train,1955700,fit
train,1955736,fit
train,1956039,fit
train,1956440,validation
train,1956496,fit
train,1956707,fit
train,1957477,fit
train,1957586,fit
train,1957713,fit
train,1957938,validation
train,1958117,validation
train,1958134,fit
train,1958165,validation
train,1958212,validation
train,1958294,fit
train,1958404,validation
train,1958754,fit
train,1958857,fit
train,1958871,fit
train,1958878,fit
train,1959114,fit
train,1959191,fit
train,1959280,fit
train,1959366,fit
train,1959424,fit
train,1959518,validation
train,1959806,fit
train,1959855,fit
train,1959935,fit
train,1960110,fit
train,1960172,fit
train,1960337,fit
train,1960722,fit
train,1960981,validation
train,1960998,fit
train,1961033,validation
train,1961334,fit
train,1961421,fit
train,1961505,validation
train,1961608,fit
train,1961648,fit
train,1961786,fit
train,1962013,fit
train,1962401,fit
train,1962408,fit
train,1963074,fit
train,1963433,validation
train,1963439,fit
train,1963683,fit
train,1963701,fit
train,1963960,fit
train,1964077,fit
train,1964150,fit
train,1964179,fit
train,1964187,fit
train,1964629,fit
train,1964646,fit
train,1964685,fit
train,1964845,fit
train,1965198,fit
train,1965597,fit
train,1965799,validation
train,1966004,fit
train,1966097,fit
train,1966161,fit
train,1966173,fit
train,1966192,fit
train,1966485,fit
train,1966626,fit
train,1966778,fit
train,1967005,validation
train,1967056,fit
train,1967147,fit
train,1967154,fit
train,1967314,validation
train,1967450,fit
train,1967522,fit
train,1967809,fit
train,1968655,fit
train,1968693,fit
train,1968702,validation
train,1968772,validation
train,1968996,fit
train,1969030,fit
train,1969317,fit
train,1969356,fit
train,1969528,fit
train,1969549,fit
train,1969566,fit
train,1969838,fit
train,1969977,fit
train,1970328,fit
train,1970448,fit
train,1970534,fit
train,1970600,fit
train,1971107,fit
train,1971594,fit
train,1972008,fit
train,1972714,fit
train,1973238,fit
train,1973274,fit
train,1973295,validation
train,1973317,fit
train,1973442,fit
train,1973589,fit
train,1973694,fit
train,1973736,fit
train,1973964,validation
train,1974372,fit
train,1974442,fit
train,1974691,fit
train,1974773,fit
train,1974868,fit
train,1975027,fit
train,1975164,fit
train,1975263,validation
train,1975428,fit
train,1975499,fit
train,1975584,fit
train,1976037,fit
train,1976260,validation
train,1976485,validation
train,1976577,validation
train,1976588,fit
train,1976659,fit
train,1976661,fit
train,1976784,validation
train,1976890,fit
train,1976912,fit
train,1977289,fit
train,1977338,fit
train,1977444,fit
train,1977482,fit
train,1977559,fit
train,1978069,fit
train,1978166,fit
train,1978452,fit
train,1978555,fit
train,1978966,fit
train,1979406,fit
train,1979655,fit
train,1979679,validation
train,1979810,fit
train,1979972,validation
train,1980132,fit
train,1980243,fit
train,1980518,fit
train,1980602,fit
train,1981114,fit
train,1981350,fit
train,1981365,fit
train,1981596,fit
train,1982035,fit
train,1982375,fit
train,1982565,fit
train,1982717,fit
train,1983076,fit
train,1983087,fit
train,1983172,fit
train,1983324,fit
train,1983424,fit
train,1983524,fit
train,1983567,fit
train,1983579,validation
train,1983643,fit
train,1983708,fit
train,1984000,fit
train,1984031,fit
train,1984138,fit
train,1984341,fit
train,1985183,fit
train,1985302,fit
train,1985842,fit
train,1986170,fit
train,1986632,fit
train,1986714,fit
train,1986898,fit
train,1987006,fit
train,1987396,fit
train,1987409,fit
train,1987502,fit
train,1987503,fit
train,1987562,fit
train,1988090,fit
train,1988137,fit
train,1988200,fit
train,1988258,fit
train,1988413,fit
train,1988507,fit
train,1988747,fit
train,1988947,fit
train,1989043,fit
train,1989101,fit
train,1989423,fit
train,1989841,fit
train,1989987,fit
train,1990086,fit
train,1990184,fit
train,1990402,fit
train,1990465,fit
train,1991437,fit
train,1991517,validation
train,1991588,validation
train,1991716,fit
train,1992551,fit
train,1992575,fit
train,1992847,fit
train,1993565,validation
train,1993695,fit
train,1993837,fit
train,1993885,fit
train,1994000,fit
train,1994015,fit
train,1994110,fit
train,1994427,validation
train,1994768,validation
train,1995401,fit
train,1995513,fit
train,1995676,fit
train,1995799,fit
train,1995949,validation
train,1996085,validation
train,1996502,fit
train,1997032,fit
train,1997110,validation
train,1997112,fit
train,1997371,fit
train,1997494,validation
train,1997539,fit
train,1997603,validation
train,1997604,fit
train,1997726,fit
train,1997736,validation
train,1997739,fit
train,1997802,fit
train,1997903,fit
train,1998253,fit
train,1998299,fit
train,1998387,fit
train,1998483,fit
train,1998744,fit
train,1998907,fit
train,1998965,validation
train,1998968,fit
train,1999151,fit
train,1999221,fit
train,1999565,fit
train,1999653,fit
train,1999692,validation
train,1999850,fit
train,1999852,fit
train,2000069,fit
train,2000288,fit
train,2000291,validation
train,2000443,validation
train,2000596,fit
train,2000616,fit
train,2000954,fit
train,2001102,fit
train,2001168,fit
train,2001289,fit
train,2001713,validation
train,2001852,fit
train,2002063,validation
train,2002104,fit
train,2002220,validation
train,2002318,fit
train,2002803,fit
train,2003019,fit
train,2003427,fit
train,2003689,fit
train,2003955,fit
train,2004009,validation
train,2004110,fit
train,2004151,validation
train,2004296,fit
train,2005247,fit
train,2005677,fit
train,2005765,fit
train,2005792,validation
train,2005837,fit
train,2005884,fit
train,2006021,validation
train,2006194,fit
train,2006409,fit
train,2006419,fit
train,2006504,fit
train,2007468,fit
train,2007714,fit
train,2007957,fit
train,2008133,fit
train,2008560,fit
train,2008665,fit
train,2008735,fit
train,2008737,fit
train,2008859,fit
train,2008998,fit
train,2009001,validation
train,2009298,fit
train,2009317,fit
train,2009548,fit
train,2009890,fit
train,2009922,validation
train,2009944,fit
train,2010085,fit
train,2010220,fit
train,2010239,fit
train,2010461,fit
train,2010606,validation
train,2010711,fit
train,2011259,fit
train,2011270,fit
train,2011365,validation
train,2011541,fit
train,2011608,fit
train,2011920,validation
train,2012770,validation
train,2012783,fit
train,2012816,validation
train,2012890,fit
train,2012896,fit
train,2013021,fit
train,2013651,fit
train,2013725,fit
train,2013939,fit
train,2014065,fit
train,2014313,validation
train,2014637,fit
train,2014661,fit
train,2014960,fit
train,2015106,validation
train,2015120,validation
train,2015536,fit
train,2016060,fit
train,2016197,fit
train,2016371,fit
train,2016420,fit
train,2016654,validation
train,2016678,fit
train,2016697,validation
train,2016707,fit
train,2016832,fit
train,2017090,fit
train,2017116,fit
train,2017519,validation
train,2017759,validation
train,2018120,fit
train,2018152,validation
train,2018285,fit
train,2018857,fit
train,2018868,fit
train,2019267,fit
train,2019517,fit
train,2019640,validation
train,2019806,fit
train,2019890,validation
train,2020249,fit
train,2020375,fit
train,2020462,fit
train,2020486,fit
train,2020704,validation
train,2020952,fit
train,2020983,fit
train,2021435,fit
train,2021572,validation
train,2021614,fit
train,2021664,fit
train,2021710,fit
train,2021888,fit
train,2021944,fit
train,2021955,fit
train,2022023,fit
train,2022460,fit
train,2022484,fit
train,2023160,fit
train,2023229,fit
train,2023923,fit
train,2024298,validation
train,2024468,fit
train,2024850,fit
train,2024876,validation
train,2024994,fit
train,2025002,fit
train,2025601,validation
train,2025603,validation
train,2025809,validation
train,2025859,fit
train,2026084,fit
train,2026409,validation
train,2026651,fit
train,2026684,fit
train,2026692,fit
train,2026701,fit
train,2026720,fit
train,2026925,validation
train,2027302,validation
train,2027366,fit
train,2027506,fit
train,2027770,fit
train,2027999,validation
train,2028397,fit
train,2028462,fit
train,2028519,fit
train,2028580,fit
train,2028598,fit
train,2028907,validation
train,2028941,fit
train,2029572,fit
train,2029693,fit
train,2030014,fit
train,2030380,fit
train,2030381,fit
train,2030426,fit
train,2030427,validation
train,2030447,fit
train,2030667,fit
train,2030706,validation
train,2030782,fit
train,2030904,fit
train,2031428,fit
train,2031481,fit
train,2031565,fit
train,2031566,fit
train,2031796,fit
train,2031947,fit
train,2032230,fit
train,2032274,validation
train,2032277,fit
train,2032772,validation
train,2032791,fit
train,2032918,validation
train,2032973,fit
train,2033152,fit
train,2033314,fit
train,2033570,fit
train,2033575,fit
train,2033871,fit
train,2034037,fit
train,2034161,fit
train,2034644,fit
train,2034660,fit
train,2034912,fit
train,2035348,fit
train,2035442,fit
train,2035443,fit
train,2035454,fit
train,2035462,fit
train,2035644,fit
train,2035785,fit
train,2035802,fit
train,2035881,fit
train,2035888,fit
train,2035892,validation
train,2035910,validation
train,2036782,fit
train,2036833,fit
train,2036915,validation
train,2037080,validation
train,2037101,fit
train,2037221,fit
train,2037235,fit
train,2037373,fit
train,2037440,validation
train,2037516,fit
train,2037604,fit
train,2037899,fit
train,2038036,fit
train,2038228,fit
train,2038328,fit
train,2038525,fit
train,2038670,fit
train,2039231,validation
train,2039442,fit
train,2039543,fit
train,2039725,validation
train,2039776,fit
train,2040014,fit
train,2040171,fit
train,2040251,fit
train,2040646,fit
train,2041193,fit
train,2041305,fit
train,2041496,fit
train,2041587,fit
train,2041638,validation
train,2041795,fit
train,2042218,fit
train,2042520,fit
train,2042704,fit
train,2043228,fit
train,2043424,fit
train,2043442,fit
train,2043545,validation
train,2043700,fit
train,2043756,fit
train,2043841,fit
train,2043926,fit
train,2044172,validation
train,2044397,fit
train,2044553,fit
train,2044931,fit
train,2044979,fit
train,2045003,fit
train,2045344,fit
train,2045636,fit
train,2045720,fit
train,2046324,fit
train,2046632,validation
train,2046684,fit
train,2046687,fit
train,2046955,fit
train,2047050,validation
train,2047274,validation
train,2047666,fit
train,2047798,fit
train,2047957,fit
train,2048041,fit
train,2048187,fit
train,2048581,fit
train,2048625,validation
train,2048656,fit
train,2049765,validation
train,2050177,fit
train,2050338,validation
train,2050367,fit
train,2050683,fit
train,2050930,fit
train,2051321,fit
train,2051548,fit
train,2051695,fit
train,2051751,fit
train,2051931,validation
train,2052109,validation
train,2052252,validation
train,2052442,validation
train,2052566,fit
train,2052679,fit
train,2052743,fit
train,2052962,fit
train,2053032,fit
train,2053093,fit
train,2053227,fit
train,2053542,fit
train,2053566,validation
train,2053746,fit
train,2053760,fit
train,2053786,fit
train,2053853,fit
train,2053924,fit
train,2054211,validation
train,2054282,fit
train,2054561,fit
train,2054622,fit
train,2054850,validation
train,2054975,fit
train,2055054,validation
train,2055349,fit
train,2055622,fit
train,2055719,validation
train,2055802,fit
train,2056072,fit
train,2056135,fit
train,2056161,fit
train,2056253,fit
train,2056317,fit
train,2056324,validation
train,2056418,fit
train,2056619,fit
train,2056712,validation
train,2056806,fit
train,2056835,fit
train,2056964,fit
train,2057012,fit
train,2057064,fit
train,2057351,fit
train,2058162,fit
train,2058204,fit
train,2058343,validation
train,2058626,fit
train,2058918,fit
train,2058964,fit
train,2058968,fit
train,2058999,validation
train,2059750,validation
train,2059810,fit
train,2059990,fit
train,2060076,fit
train,2060291,fit
train,2060406,fit
train,2060734,fit
train,2060820,fit
train,2060831,fit
train,2060859,fit
train,2061243,validation
train,2061700,fit
train,2062135,fit
train,2062492,fit
train,2062511,fit
train,2062705,fit
train,2062819,fit
train,2062920,fit
train,2063039,validation
train,2063106,fit
train,2063328,validation
train,2063522,validation
train,2063580,fit
train,2063714,fit
train,2064014,fit
train,2064056,fit
train,2064363,validation
train,2064609,validation
train,2064756,fit
train,2065020,fit
train,2065313,fit
train,2065334,fit
train,2065967,fit
train,2066113,fit
train,2066912,fit
train,2066976,fit
train,2067066,fit
train,2067095,fit
train,2067252,fit
train,2067342,validation
train,2067344,fit
train,2067373,fit
train,2067420,fit
train,2067447,fit
train,2067895,validation
train,2068598,fit
train,2068808,fit
train,2069036,fit
train,2069119,validation
train,2069157,validation
train,2069193,fit
train,2069216,fit
train,2069241,fit
train,2069610,fit
train,2069825,fit
train,2070121,fit
train,2070199,fit
train,2070554,fit
train,2070612,validation
train,2071332,fit
train,2072123,fit
train,2072278,fit
train,2072440,fit
train,2072622,fit
train,2073030,fit
train,2073586,validation
train,2073594,fit
train,2073685,fit
train,2073715,fit
train,2073736,fit
train,2073758,fit
train,2073941,fit
train,2074140,validation
train,2074240,validation
train,2074677,fit
train,2074786,fit
train,2074789,fit
train,2074836,fit
train,2074853,validation
train,2075421,fit
train,2075535,fit
train,2075653,fit
train,2075771,fit
train,2075795,validation
train,2076037,fit
train,2076342,fit
train,2076411,fit
train,2076441,validation
train,2076508,fit
train,2076531,validation
train,2076781,fit
train,2076830,fit
train,2077044,validation
train,2077162,fit
train,2077338,fit
train,2077491,fit
train,2077640,fit
train,2077654,fit
train,2077668,fit
train,2077821,validation
train,2077923,fit
train,2079509,fit
train,2079537,validation
train,2079659,validation
train,2080119,fit
train,2080158,fit
train,2080164,fit
train,2080281,validation
train,2080364,fit
train,2080387,fit
train,2080716,validation
train,2080786,fit
train,2081046,fit
train,2081436,fit
train,2081790,fit
train,2081810,validation
train,2082365,fit
train,2082514,fit
train,2082753,fit
train,2082890,fit
train,2082921,validation
train,2083077,fit
train,2083138,fit
train,2083260,fit
train,2083287,fit
train,2083500,fit
train,2083586,fit
train,2083710,validation
train,2084127,fit
train,2084147,fit
train,2084222,validation
train,2084362,fit
train,2084454,fit
train,2084669,fit
train,2085097,fit
train,2085164,fit
train,2085186,validation
train,2085364,validation
train,2085840,fit
train,2086125,fit
train,2086156,validation
train,2086477,fit
train,2086665,fit
train,2086883,validation
train,2086932,fit
train,2087099,fit
train,2087185,validation
train,2087724,fit
train,2088219,fit
train,2088302,fit
train,2088835,fit
train,2088863,fit
train,2089105,validation
train,2089460,fit
train,2089796,validation
train,2089934,fit
train,2089943,fit
train,2090006,fit
train,2090025,fit
train,2090218,validation
train,2090230,fit
train,2090298,fit
train,2090397,validation
train,2090788,fit
train,2090843,fit
train,2091097,fit
train,2091610,fit
train,2092315,fit
train,2092831,fit
train,2092837,fit
train,2092935,fit
train,2093007,fit
train,2093114,fit
train,2093219,fit
train,2093439,validation
train,2093575,validation
train,2093717,fit
train,2093723,fit
train,2093908,fit
train,2093937,fit
train,2094115,validation
train,2094437,validation
train,2094511,fit
train,2094605,fit
train,2094623,fit
train,2095013,fit
train,2095081,fit
train,2095307,fit
train,2095526,fit
train,2095592,fit
train,2095643,validation
train,2095669,fit
train,2096271,fit
train,2096566,fit
train,2096570,fit
train,2096688,fit
train,2096790,fit
train,2097095,fit
train,2097185,fit
train,2097511,fit
train,2098165,fit
train,2098437,fit
train,2098612,validation
train,2099472,fit
train,2099513,validation
train,2099535,fit
train,2099549,fit
train,2099914,fit
train,2100125,fit
train,2100135,fit
train,2100525,fit
train,2100629,fit
train,2100889,fit
train,2101104,fit
train,2101309,fit
train,2101552,fit
train,2102131,fit
train,2102458,fit
train,2102734,fit
train,2102797,fit
train,2102842,fit
train,2103119,fit
train,2103341,fit
train,2103554,fit
train,2103830,fit
train,2103923,fit
train,2104087,fit
train,2104155,fit
train,2104212,fit
train,2104694,fit
train,2104763,fit
train,2105177,fit
train,2105529,fit
train,2105660,validation
train,2105891,fit
train,2105903,fit
train,2106139,fit
train,2106222,fit
train,2106825,fit
train,2107178,fit
train,2107247,fit
train,2107360,fit
train,2107410,fit
train,2107421,fit
train,2107454,fit
train,2107473,validation
train,2107807,fit
train,2107897,fit
train,2108149,fit
train,2108244,fit
train,2108605,fit
train,2109102,fit
train,2109366,fit
train,2109419,fit
train,2109575,fit
train,2109669,fit
train,2109770,fit
train,2110258,fit
train,2110456,fit
train,2110508,fit
train,2110687,fit
train,2110996,fit
train,2111268,fit
train,2111317,fit
train,2111430,fit
train,2111788,fit
train,2112612,fit
train,2112734,fit
train,2112856,fit
train,2113909,fit
train,2113955,fit
train,2113962,fit
train,2113996,fit
train,2114079,fit
train,2114087,fit
train,2114400,fit
train,2114686,fit
train,2114691,validation
train,2115199,fit
train,2115393,fit
train,2115418,fit
train,2115471,validation
train,2115519,fit
train,2115681,fit
train,2115714,fit
train,2115997,fit
train,2116005,fit
train,2116018,fit
train,2116292,fit
train,2116329,validation
train,2116491,validation
train,2116790,validation
train,2116950,fit
train,2117123,fit
train,2117217,fit
train,2117224,fit
train,2117237,fit
train,2117274,fit
train,2117602,fit
train,2117745,fit
train,2118173,fit
train,2118460,fit
train,2118600,fit
train,2118603,fit
train,2118693,fit
train,2118781,fit
train,2118987,validation
train,2119025,fit
train,2119109,fit
train,2119201,fit
train,2119203,fit
train,2119410,fit
train,2119714,fit
train,2119779,fit
train,2119967,validation
train,2120082,fit
train,2120424,fit
train,2120529,validation
train,2120689,fit
train,2120790,fit
train,2120827,fit
train,2120992,fit
train,2121520,fit
train,2121667,fit
train,2121871,fit
train,2121879,fit
train,2121917,validation
train,2121956,validation
train,2122191,fit
train,2122244,fit
train,2122296,fit
train,2122302,fit
train,2122462,validation
train,2122660,fit
train,2122742,validation
train,2122751,validation
train,2123180,fit
train,2123344,fit
train,2123390,fit
train,2123608,validation
train,2123697,fit
train,2123719,fit
train,2123782,fit
train,2123916,validation
train,2123970,fit
train,2124240,fit
train,2124284,fit
train,2124314,fit
train,2124346,fit
train,2124449,validation
train,2124498,validation
train,2124527,fit
train,2124807,fit
train,2125163,fit
train,2125276,fit
train,2125307,fit
train,2125568,fit
train,2125597,fit
train,2125739,fit
train,2125927,fit
train,2126088,validation
train,2126502,fit
train,2126564,validation
train,2126645,fit
train,2126674,validation
train,2126698,validation
train,2126843,fit
train,2126976,fit
train,2127067,fit
train,2127350,validation
train,2127477,fit
train,2127650,fit
train,2127670,fit
train,2127790,fit
train,2127804,fit
train,2127819,validation
train,2127837,fit
train,2128332,validation
train,2128532,fit
train,2128592,fit
train,2129017,fit
train,2129059,fit
train,2129355,fit
train,2129463,fit
train,2129733,fit
train,2129863,fit
train,2130141,fit
train,2130345,fit
train,2130843,fit
train,2130956,validation
train,2131079,fit
train,2131637,fit
train,2131899,fit
train,2131947,fit
train,2131984,fit
train,2132043,fit
train,2132281,fit
train,2132342,validation
train,2132494,fit
train,2133057,fit
train,2133336,validation
train,2133518,fit
train,2133610,fit
train,2133612,fit
train,2133797,validation
train,2134007,validation
train,2134078,fit
train,2134083,fit
train,2134232,validation
train,2134388,fit
train,2134406,fit
train,2134584,validation
train,2134773,fit
train,2134775,validation
train,2134912,fit
train,2135372,fit
train,2135397,fit
train,2135636,fit
train,2135658,fit
train,2135723,fit
train,2136274,fit
train,2136529,validation
train,2136792,fit
train,2136911,fit
train,2136981,validation
train,2137047,fit
train,2137126,fit
train,2137197,fit
train,2137203,fit
train,2137497,fit
train,2137596,fit
train,2137837,fit
train,2137928,fit
train,2137944,fit
train,2137960,fit
train,2138169,fit
train,2138459,fit
train,2138469,fit
train,2138545,fit
train,2138573,fit
train,2139077,fit
train,2139098,validation
train,2139175,fit
train,2139770,fit
train,2139774,fit
train,2139881,validation
train,2139957,fit
train,2139998,fit
train,2140318,fit
train,2140552,fit
train,2140602,fit
train,2140605,fit
train,2140733,fit
train,2140870,fit
train,2141153,fit
train,2141162,fit
train,2141195,fit
train,2141240,fit
train,2141494,fit
train,2141997,fit
train,2142132,fit
train,2142469,validation
train,2142614,fit
train,2143624,fit
train,2143874,fit
train,2143889,fit
train,2143997,fit
train,2144052,fit
train,2144184,fit
train,2144427,validation
train,2144970,validation
train,2145207,validation
train,2145520,fit
train,2145588,validation
train,2145832,validation
train,2145868,fit
train,2146457,fit
train,2146458,validation
train,2146528,fit
train,2146710,fit
train,2146727,fit
train,2147034,fit
train,2147035,validation
train,2147337,fit
train,2147410,fit
train,2147464,fit
train,2147671,validation
train,2147762,fit
train,2147830,fit
train,2147848,fit
train,2147919,validation
train,2148183,validation
train,2148303,fit
train,2148406,fit
train,2148507,validation
train,2149262,fit
train,2149328,fit
train,2149506,validation
train,2149842,fit
train,2150103,fit
train,2150106,fit
train,2150208,fit
train,2150305,fit
train,2150796,fit
train,2150944,fit
train,2151080,validation
train,2151194,fit
train,2151399,fit
train,2151497,fit
train,2151912,fit
train,2151952,fit
train,2152090,validation
train,2152472,fit
train,2152592,fit
train,2152725,fit
train,2152777,fit
train,2152843,fit
train,2153062,fit
train,2153083,validation
train,2153166,fit
train,2153240,fit
train,2153258,fit
train,2153463,fit
train,2153776,fit
train,2153993,fit
train,2154168,fit
train,2154322,validation
train,2154414,fit
train,2154595,fit
train,2154665,fit
train,2154771,fit
train,2154878,fit
train,2154893,validation
train,2154901,validation
train,2154981,fit
train,2155208,fit
train,2155232,fit
train,2155646,fit
train,2155987,fit
train,2156063,fit
train,2156579,fit
train,2156582,fit
train,2156625,fit
train,2156670,fit
train,2156838,validation
train,2156986,validation
train,2157011,fit
train,2157513,validation
train,2158070,fit
train,2158275,fit
train,2158336,fit
train,2158743,fit
train,2158768,fit
train,2159071,validation
train,2159175,validation
train,2159183,fit
train,2159212,validation
train,2159408,fit
train,2159412,fit
train,2159575,fit
train,2159593,fit
train,2159837,fit
train,2160034,fit
train,2160052,fit
train,2160214,fit
train,2160317,fit
train,2160587,fit
train,2160681,fit
train,2160909,fit
train,2160996,validation
train,2161194,fit
train,2161325,fit
train,2161498,fit
train,2161591,fit
train,2161676,fit
train,2161699,fit
train,2161703,fit
train,2161852,fit
train,2162062,validation
train,2162341,fit
train,2162405,fit
train,2162490,fit
train,2162513,fit
train,2162610,fit
train,2162631,fit
train,2162632,validation
train,2162677,fit
train,2162715,fit
train,2162892,fit
train,2163044,fit
train,2163100,fit
train,2163187,fit
train,2163468,validation
train,2163480,fit
train,2164217,validation
train,2164322,validation
train,2164796,fit
train,2165068,fit
train,2165222,validation
train,2165407,fit
train,2165775,fit
train,2165965,validation
train,2165988,fit
train,2166328,validation
train,2166398,fit
train,2166483,fit
train,2166521,validation
train,2166669,validation
train,2166753,fit
train,2166786,fit
train,2166916,fit
train,2166925,fit
train,2166963,validation
train,2166994,fit
train,2167033,validation
train,2167060,fit
train,2167080,fit
train,2167088,validation
train,2167094,fit
train,2167182,fit
train,2167533,fit
train,2167996,fit
train,2168084,fit
train,2168224,validation
train,2168723,fit
train,2168849,fit
train,2169108,fit
train,2169244,validation
train,2169390,fit
train,2169482,fit
train,2169731,validation
train,2169772,validation
train,2169871,fit
train,2170045,fit
train,2170054,fit
train,2170419,fit
train,2170500,validation
train,2170765,fit
train,2170885,fit
train,2171399,fit
train,2171443,fit
train,2171537,validation
train,2171572,fit
train,2172036,fit
train,2172088,fit
train,2172140,validation
train,2172223,validation
train,2172284,fit
train,2172729,fit
train,2173456,fit
train,2173562,fit
train,2173619,validation
train,2173655,fit
train,2174240,fit
train,2174366,fit
train,2174476,fit
train,2174494,fit
train,2174533,fit
train,2174589,validation
train,2174912,fit
train,2175095,validation
train,2175168,fit
train,2175311,fit
train,2175760,fit
train,2175945,fit
train,2176020,fit
train,2176063,fit
train,2176317,fit
train,2176428,fit
train,2177117,validation
train,2177264,fit
train,2177640,fit
train,2177823,fit
train,2178241,fit
train,2178531,fit
train,2178684,fit
train,2178747,validation
train,2178888,fit
train,2178960,fit
train,2179037,fit
train,2179056,fit
train,2179088,fit
train,2179252,fit
train,2179283,fit
train,2179502,validation
train,2179727,fit
train,2179903,fit
train,2179962,fit
train,2180048,fit
train,2180694,fit
train,2180835,validation
train,2181196,fit
train,2181306,fit
train,2181424,validation
train,2181806,fit
train,2181828,fit
train,2181873,fit
train,2181980,fit
train,2183038,fit
train,2183046,fit
train,2183132,validation
train,2183368,fit
train,2183746,fit
train,2184259,fit
train,2184319,fit
train,2184498,fit
train,2184669,fit
train,2184822,validation
train,2184867,fit
train,2185256,validation
train,2185727,fit
train,2186091,fit
train,2186142,fit
train,2186618,fit
train,2186846,fit
train,2186994,fit
train,2187110,fit
train,2187318,fit
train,2187397,fit
train,2187640,fit
train,2188389,validation
train,2188464,fit
train,2188934,fit
train,2189031,validation
train,2189523,fit
train,2189549,fit
train,2189816,fit
train,2190214,validation
train,2190350,fit
train,2190446,validation
train,2190715,fit
train,2190723,fit
train,2190736,fit
train,2190996,fit
train,2191443,fit
train,2191548,fit
train,2191883,validation
train,2191941,validation
train,2192086,fit
train,2192348,fit
train,2192609,validation
train,2192622,fit
train,2192628,fit
train,2192933,fit
train,2193044,fit
train,2193568,fit
train,2195333,fit
train,2195509,validation
train,2195603,fit
train,2195621,validation
train,2195881,fit
train,2196064,fit
train,2196143,fit
train,2196440,validation
train,2196503,validation
train,2196903,fit
train,2197034,fit
train,2197239,fit
train,2197471,fit
train,2197553,fit
train,2197706,validation
train,2197951,validation
train,2198041,fit
train,2198471,fit
train,2198610,fit
train,2198669,validation
train,2198679,fit
train,2198973,validation
train,2198978,fit
train,2199083,fit
train,2199508,fit
train,2199660,fit
train,2199708,fit
train,2199751,validation
train,2200041,fit
train,2200067,fit
train,2200068,validation
train,2200351,fit
train,2200401,fit
train,2200541,fit
train,2200681,fit
train,2200817,fit
train,2200840,fit
train,2201217,fit
train,2201252,fit
train,2201424,fit
train,2201650,fit
train,2201854,fit
train,2202044,fit
train,2202389,fit
train,2202600,fit
train,2202645,fit
train,2203070,fit
train,2203504,fit
train,2203648,fit
train,2203752,fit
train,2203880,validation
train,2204006,validation
train,2204031,fit
train,2204323,fit
train,2204435,validation
train,2204443,fit
train,2204450,fit
train,2204491,fit
train,2204601,validation
train,2204751,fit
train,2204945,fit
train,2205055,validation
train,2205356,fit
train,2205629,fit
train,2205761,fit
train,2205875,fit
train,2205901,fit
train,2206106,fit
train,2206177,fit
train,2206242,validation
train,2206541,fit
train,2206625,fit
train,2207209,fit
train,2207659,fit
train,2207702,fit
train,2207790,fit
train,2208243,fit
train,2208347,fit
train,2208391,fit
train,2208557,validation
train,2209410,fit
train,2209533,fit
train,2209794,validation
train,2209895,fit
train,2209919,fit
train,2209996,fit
train,2210361,fit
train,2210374,fit
train,2210410,validation
train,2210490,fit
train,2210807,fit
train,2210810,fit
train,2210823,fit
train,2211044,fit
train,2211050,fit
train,2211365,fit
train,2211619,validation
train,2211842,fit
train,2212059,fit
train,2212110,fit
train,2212250,fit
train,2212656,validation
train,2212863,validation
train,2212894,validation
train,2212967,validation
train,2213158,fit
train,2213389,fit
train,2213866,fit
train,2214074,fit
train,2214104,fit
train,2214271,fit
train,2214319,validation
train,2214327,fit
train,2214409,fit
train,2214662,fit
train,2214675,fit
train,2214886,fit
train,2215088,validation
train,2215126,fit
train,2215147,validation
train,2215764,validation
train,2216282,fit
train,2216433,validation
train,2216500,fit
train,2216560,fit
train,2216692,fit
train,2216721,fit
train,2216736,fit
train,2217132,fit
train,2217220,fit
train,2217312,fit
train,2217396,fit
train,2218078,fit
train,2218265,fit
train,2218658,fit
train,2218781,validation
train,2218796,fit
train,2218840,fit
train,2219004,fit
train,2219135,validation
train,2219292,fit
train,2219585,fit
train,2219805,fit
train,2219968,fit
train,2220242,validation
train,2220284,fit
train,2220344,fit
train,2220539,fit
train,2220624,fit
train,2220864,validation
train,2221093,fit
train,2221265,fit
train,2221435,fit
train,2221489,fit
train,2221771,fit
train,2222041,validation
train,2222378,fit
train,2222763,fit
train,2223160,fit
train,2223433,validation
train,2223504,fit
train,2223839,fit
train,2224060,validation
train,2224252,fit
train,2224885,fit
train,2225431,validation
train,2225432,fit
train,2225597,fit
train,2225862,fit
train,2225865,fit
train,2225964,validation
train,2225992,fit
train,2226238,validation
train,2226700,fit
train,2226747,fit
train,2226797,fit
train,2226960,fit
train,2227806,validation
train,2227864,fit
train,2228078,fit
train,2228777,fit
train,2228963,fit
train,2229064,fit
train,2229074,fit
train,2229089,fit
train,2229184,fit
train,2229243,fit
train,2229817,fit
train,2229931,fit
train,2230054,fit
train,2230055,fit
train,2230083,validation
train,2230148,fit
train,2230332,validation
train,2230409,validation
train,2230534,fit
train,2230728,validation
train,2230905,validation
train,2230974,validation
train,2231062,fit
train,2231323,fit
train,2231370,validation
train,2231563,fit
train,2231775,fit
train,2231781,fit
train,2231996,fit
train,2232323,validation
train,2232356,validation
train,2232374,fit
train,2232603,fit
train,2232838,fit
train,2232866,fit
train,2233402,fit
train,2233414,fit
train,2233478,fit
train,2233546,fit
train,2233832,validation
train,2233976,validation
train,2234183,fit
train,2234198,fit
train,2234218,fit
train,2234331,fit
train,2234404,validation
train,2234532,fit
train,2234822,fit
train,2235266,validation
train,2235350,fit
train,2235777,fit
train,2235884,fit
train,2236075,fit
train,2236104,fit
train,2236147,fit
train,2236263,fit
train,2236537,fit
train,2236982,fit
train,2237176,fit
train,2237685,fit
train,2237867,fit
train,2237921,fit
train,2238003,fit
train,2238563,fit
train,2238689,fit
train,2238755,fit
train,2238804,fit
train,2238909,fit
train,2239250,fit
train,2239288,fit
train,2239350,fit
train,2239456,validation
train,2239886,fit
train,2239944,validation
train,2239966,fit
train,2240192,fit
train,2240306,fit
train,2240340,fit
train,2240387,fit
train,2240473,fit
train,2240515,validation
train,2240668,fit
train,2240955,fit
train,2240958,fit
train,2241052,fit
train,2241150,fit
train,2241214,fit
train,2241234,fit
train,2241245,fit
train,2242180,fit
train,2242214,fit
train,2242263,fit
train,2242337,fit
train,2242658,fit
train,2243095,fit
train,2243281,fit
train,2243455,fit
train,2243491,fit
train,2243871,validation
train,2244079,fit
train,2244496,fit
train,2244511,validation
train,2244771,validation
train,2244943,fit
train,2245007,fit
train,2245134,fit
train,2245369,fit
train,2246103,fit
train,2246171,fit
train,2246172,validation
train,2246664,fit
train,2246699,fit
train,2246717,fit
train,2246725,validation
train,2246804,validation
train,2247238,fit
train,2247366,fit
train,2247376,fit
train,2247659,fit
train,2247872,validation
train,2247897,fit
train,2248078,validation
train,2248294,validation
train,2248346,fit
train,2248425,fit
train,2248622,fit
train,2248677,fit
train,2248816,validation
train,2249169,fit
train,2249410,fit
train,2249447,fit
train,2249872,validation
train,2250357,fit
train,2250395,fit
train,2250461,fit
train,2250878,fit
train,2251261,fit
train,2251697,fit
train,2251734,fit
train,2251857,fit
train,2251883,fit
train,2252342,fit
train,2252447,fit
train,2252474,fit
train,2252518,fit
train,2252541,fit
train,2252782,fit
train,2252805,fit
train,2252923,fit
train,2253029,fit
train,2253102,validation
train,2253253,fit
train,2253412,validation
train,2253479,fit
train,2253660,fit
train,2253751,fit
train,2254113,validation
train,2254972,fit
train,2255180,fit
train,2255387,fit
train,2255749,fit
train,2256017,fit
train,2256237,fit
train,2256927,fit
train,2257034,fit
train,2257139,fit
train,2257270,validation
train,2257782,fit
train,2257786,fit
train,2257879,fit
train,2258018,validation
train,2258131,fit
train,2258315,fit
train,2259196,fit
train,2259496,fit
train,2259534,fit
train,2259568,validation
train,2259683,fit
train,2259866,fit
train,2260113,fit
train,2260204,fit
train,2260254,fit
train,2260635,fit
train,2260712,validation
train,2260821,validation
train,2260922,fit
train,2260996,validation
train,2261141,fit
train,2261678,fit
train,2261959,fit
train,2261965,validation
train,2262122,fit
train,2262177,validation
train,2262386,validation
train,2262617,validation
train,2262718,fit
train,2262742,fit
train,2262777,fit
train,2262818,fit
train,2262866,fit
train,2263064,fit
train,2263270,fit
train,2263279,validation
train,2263638,fit
train,2263788,fit
train,2264043,validation
train,2264137,fit
train,2264204,fit
train,2264838,fit
train,2265093,fit
train,2265095,fit
train,2265169,fit
train,2265201,fit
train,2265202,fit
train,2265209,fit
train,2265212,validation
train,2265420,fit
train,2265533,validation
train,2265566,fit
train,2265581,fit
train,2265622,fit
train,2265894,fit
train,2266453,fit
train,2266580,fit
train,2266712,validation
train,2266767,fit
train,2267078,fit
train,2267302,fit
train,2267971,fit
train,2268156,fit
train,2268395,validation
train,2268590,validation
train,2268685,validation
train,2268789,validation
train,2269642,fit
train,2269822,fit
train,2269874,fit
train,2270055,fit
train,2270139,fit
train,2270441,fit
train,2270730,fit
train,2270816,fit
train,2271282,fit
train,2271464,fit
train,2271890,fit
train,2272541,validation
train,2272647,fit
train,2272807,validation
train,2273490,fit
train,2273560,fit
train,2273666,validation
train,2273698,fit
train,2273900,fit
train,2273955,fit
train,2274200,fit
train,2274203,fit
train,2274293,fit
train,2274380,fit
train,2274404,fit
train,2274718,fit
train,2274817,fit
train,2274947,fit
train,2275284,fit
train,2275581,fit
train,2275704,validation
train,2275709,fit
train,2275733,fit
train,2276097,validation
train,2276307,fit
train,2276324,fit
train,2276390,fit
train,2276490,validation
train,2276571,fit
train,2276614,fit
train,2276886,fit
train,2277247,fit
train,2277304,fit
train,2277607,fit
train,2277703,validation
train,2277803,fit
train,2278091,fit
train,2278098,fit
train,2278297,fit
train,2278458,fit
train,2278600,validation
train,2278633,fit
train,2278974,fit
train,2279121,fit
train,2279316,fit
train,2279352,fit
train,2279626,validation
train,2279821,fit
train,2279976,fit
train,2280134,fit
train,2280180,fit
train,2280251,validation
train,2280348,fit
train,2280422,fit
train,2280470,fit
train,2280521,validation
train,2280739,fit
train,2280762,validation
train,2280995,fit
train,2281067,fit
train,2281476,fit
train,2281705,fit
train,2281886,validation
train,2281960,fit
train,2281965,validation
train,2282096,fit
train,2282166,fit
train,2282224,fit
train,2282605,fit
train,2283176,fit
train,2284462,validation
train,2284771,fit
train,2284957,fit
train,2285326,fit
train,2285340,validation
train,2285352,fit
train,2285684,fit
train,2285765,fit
train,2285986,validation
train,2286345,fit
train,2286448,fit
train,2286451,fit
train,2286565,fit
train,2286804,fit
train,2286894,fit
train,2287076,fit
train,2287421,fit
train,2287895,validation
train,2288038,fit
train,2288162,fit
train,2288250,fit
train,2288288,validation
train,2288662,fit
train,2288965,validation
train,2289282,fit
train,2289313,fit
train,2289334,fit
train,2289481,fit
train,2289483,fit
train,2289654,fit
train,2289752,fit
train,2289838,validation
train,2289937,fit
train,2290062,fit
train,2290235,fit
train,2290340,fit
train,2290368,fit
train,2290506,fit
train,2290953,fit
train,2291120,fit
train,2291434,fit
train,2291944,fit
train,2291947,fit
train,2292212,fit
train,2292738,fit
train,2292870,fit
train,2292897,fit
train,2293326,fit
train,2293523,fit
train,2293532,fit
train,2293654,validation
train,2293779,validation
train,2293862,fit
train,2293869,fit
train,2293985,fit
train,2294195,fit
train,2294200,fit
train,2294710,validation
train,2294712,fit
train,2294836,fit
train,2295125,fit
train,2295175,fit
train,2295582,fit
train,2295727,fit
train,2296395,validation
train,2296564,fit
train,2296869,fit
train,2297069,validation
train,2297112,validation
train,2297214,fit
train,2297440,fit
train,2297649,fit
train,2297893,fit
train,2297929,fit
train,2298192,validation
train,2298302,fit
train,2298509,fit
train,2298524,fit
train,2298967,fit
train,2299010,fit
train,2299149,fit
train,2299257,fit
train,2299665,fit
train,2299776,fit
train,2299831,fit
train,2300210,fit
train,2300509,fit
train,2300679,fit
train,2301066,validation
train,2301538,fit
train,2301602,fit
train,2301658,fit
train,2302185,fit
train,2302467,fit
train,2302640,fit
train,2302758,fit
train,2302764,fit
train,2302850,fit
train,2302878,fit
train,2302880,fit
train,2302981,validation
train,2303143,fit
train,2303326,validation
train,2303573,fit
train,2303665,fit
train,2303765,fit
train,2303947,fit
train,2303956,fit
train,2304386,fit
train,2304647,fit
train,2304748,validation
train,2304967,fit
train,2305051,fit
train,2305197,fit
train,2305258,fit
train,2305475,validation
train,2306164,validation
train,2306254,fit
train,2306764,validation
train,2307044,fit
train,2307259,fit
train,2308225,fit
train,2308298,fit
train,2308325,fit
train,2308670,fit
train,2308782,fit
train,2308975,fit
train,2309310,validation
train,2309340,fit
train,2309588,fit
train,2309689,fit
train,2310436,fit
train,2310572,fit
train,2311415,validation
train,2311461,fit
train,2311505,fit
train,2311581,fit
train,2311725,fit
train,2311803,validation
train,2312284,fit
train,2312406,fit
train,2313003,fit
train,2313104,fit
train,2313797,fit
train,2314068,fit
train,2314678,validation
train,2314959,fit
train,2315105,fit
train,2315552,fit
train,2315735,fit
train,2315773,fit
train,2315781,fit
train,2315869,fit
train,2315953,fit
train,2315962,fit
train,2316133,fit
train,2316494,validation
train,2316799,fit
train,2316992,fit
train,2317098,fit
train,2317161,fit
train,2317514,fit
train,2317608,fit
train,2317610,fit
train,2317660,fit
train,2317844,fit
train,2318105,validation
train,2318492,fit
train,2318684,fit
train,2318742,validation
train,2318813,fit
train,2319363,fit
train,2319449,fit
train,2319482,validation
train,2319527,fit
train,2319566,fit
train,2319856,fit
train,2319985,fit
train,2320400,validation
train,2320418,validation
train,2320427,fit
train,2320696,fit
train,2320768,validation
train,2320903,fit
train,2321177,fit
train,2321202,fit
train,2321216,fit
train,2321325,fit
train,2321523,fit
train,2321544,fit
train,2321659,fit
train,2322449,validation
train,2322574,fit
train,2322902,fit
train,2323112,fit
train,2323200,validation
train,2323429,fit
train,2323461,validation
train,2323653,fit
train,2323728,fit
train,2323874,fit
train,2324034,fit
train,2324208,validation
train,2324309,fit
train,2324436,fit
train,2324657,validation
train,2324716,fit
train,2324728,fit
train,2325428,fit
train,2325527,validation
train,2326044,fit
train,2326125,fit
train,2326465,fit
train,2326582,validation
train,2326647,fit
train,2326685,fit
train,2326970,fit
train,2327002,fit
train,2327253,validation
train,2327822,validation
train,2328065,fit
train,2328109,validation
train,2328591,fit
train,2328734,fit
train,2328787,fit
train,2328935,fit
train,2329021,fit
train,2329037,fit
train,2329082,fit
train,2329148,fit
train,2329193,fit
train,2329278,validation
train,2329741,fit
train,2329937,validation
train,2330022,fit
train,2330094,fit
train,2330318,fit
train,2330473,fit
train,2330735,fit
train,2331489,fit
train,2332045,fit
train,2332128,fit
train,2332237,fit
train,2332399,fit
train,2332652,fit
train,2332689,validation
train,2332737,fit
train,2333033,fit
train,2333549,validation
train,2333712,fit
train,2333877,fit
train,2334148,fit
train,2334254,validation
train,2334266,fit
train,2334837,validation
train,2334844,fit
train,2334927,fit
train,2335041,fit
train,2335262,fit
train,2335325,fit
train,2335433,fit
train,2335940,fit
train,2336006,fit
train,2336128,fit
train,2336511,fit
train,2336677,fit
train,2336700,fit
train,2336702,fit
train,2337090,fit
train,2337101,validation
train,2337120,fit
train,2337750,fit
train,2337787,validation
train,2338352,validation
train,2338779,fit
train,2339002,fit
train,2339216,fit
train,2339278,fit
train,2339438,validation
train,2339455,fit
train,2339598,fit
train,2339696,fit
train,2340223,fit
train,2340307,validation
train,2340311,fit
train,2340554,fit
train,2340781,fit
train,2341144,fit
train,2341276,fit
train,2341463,fit
train,2341733,fit
train,2342021,fit
train,2342065,fit
train,2342542,fit
train,2342569,validation
train,2342975,fit
train,2343070,fit
train,2343113,fit
train,2343151,validation
train,2343563,fit
train,2343591,fit
train,2343793,fit
train,2343907,fit
train,2343910,fit
train,2344015,fit
train,2344204,fit
train,2344348,fit
train,2344657,fit
train,2344724,fit
train,2344777,validation
train,2344846,fit
train,2345151,fit
train,2345169,fit
train,2345410,validation
train,2345541,fit
train,2345581,fit
train,2345585,fit
train,2345592,fit
train,2345656,fit
train,2346142,validation
train,2346273,fit
train,2346522,fit
train,2346549,validation
train,2346854,fit
train,2346942,validation
train,2347281,validation
train,2347567,fit
train,2347840,fit
train,2348344,fit
train,2348629,fit
train,2348858,fit
train,2349641,validation
train,2350065,fit
train,2350232,fit
train,2350272,fit
train,2350295,fit
train,2350456,fit
train,2350907,fit
train,2351029,fit
train,2351106,fit
train,2351160,fit
train,2351199,fit
train,2351521,fit
train,2351536,fit
train,2351568,fit
train,2351640,fit
train,2351650,fit
train,2351725,fit
train,2351847,fit
train,2352092,fit
train,2352164,fit
train,2352424,fit
train,2352532,validation
train,2352535,fit
train,2352948,fit
train,2353030,fit
train,2353281,fit
train,2353303,fit
train,2353510,validation
train,2353819,fit
train,2354345,fit
train,2354659,fit
train,2354699,fit
train,2354727,fit
train,2354806,fit
train,2354995,fit
train,2355313,fit
train,2355503,fit
train,2355738,fit
train,2355789,fit
train,2356275,validation
train,2356736,fit
train,2356912,fit
train,2357304,fit
train,2357400,validation
train,2357520,fit
train,2357616,fit
train,2357621,fit
train,2357632,fit
train,2357719,fit
train,2357758,fit
train,2357944,fit
train,2357965,fit
train,2358105,fit
train,2358784,fit
train,2358861,fit
train,2358910,fit
train,2359115,fit
train,2359350,fit
train,2359508,validation
train,2359529,validation
train,2359809,fit
train,2359948,fit
train,2360138,validation
train,2360212,validation
train,2360478,fit
train,2360571,fit
train,2360737,fit
train,2360865,fit
train,2361057,validation
train,2361092,fit
train,2361152,fit
train,2361300,fit
train,2361421,fit
train,2361442,fit
train,2361444,fit
train,2361451,fit
train,2361648,fit
train,2361838,fit
train,2362002,fit
train,2362172,fit
train,2362269,validation
train,2362402,validation
train,2362600,validation
train,2362657,validation
train,2362720,validation
train,2363016,fit
train,2363941,fit
train,2364326,fit
train,2364980,validation
train,2365766,fit
train,2365801,validation
train,2365836,fit
train,2366039,fit
train,2366040,validation
train,2366540,fit
train,2366922,fit
train,2367558,fit
train,2367790,fit
train,2367866,fit
train,2367979,fit
train,2368000,fit
train,2368303,fit
train,2368604,validation
train,2368617,fit
train,2368628,fit
train,2368687,fit
train,2368850,fit
train,2368968,fit
train,2369368,fit
train,2369456,fit
train,2369574,fit
train,2369640,fit
train,2369665,fit
train,2369883,fit
train,2370119,fit
train,2370206,fit
train,2370629,fit
train,2370767,validation
train,2370913,fit
train,2370928,validation
train,2371367,fit
train,2371604,fit
train,2371976,fit
train,2372419,fit
train,2372572,fit
train,2372656,validation
train,2372717,fit
train,2372774,fit
train,2372943,fit
train,2373120,validation
train,2373414,fit
train,2373475,fit
train,2373536,fit
train,2373680,fit
train,2373760,validation
train,2374337,fit
train,2374380,fit
train,2374430,fit
train,2374470,fit
train,2374626,fit
train,2374643,fit
train,2374734,fit
train,2374739,fit
train,2374759,fit
train,2374828,fit
train,2375024,fit
train,2375093,fit
train,2375390,fit
train,2375756,fit
train,2375761,fit
train,2375963,fit
train,2376017,fit
train,2376053,fit
train,2376303,validation
train,2376458,fit
train,2376790,fit
train,2376922,fit
train,2377091,validation
train,2377162,fit
train,2377308,fit
train,2377450,fit
train,2377614,fit
train,2378050,fit
train,2378140,fit
train,2378190,fit
train,2378199,fit
train,2378249,fit
train,2378294,fit
train,2378439,fit
train,2378574,fit
train,2378620,fit
train,2378683,fit
train,2378867,fit
train,2379213,fit
train,2379237,fit
train,2379280,fit
train,2379333,fit
train,2379351,fit
train,2379522,fit
train,2379931,fit
train,2379940,validation
train,2379966,fit
train,2379989,validation
train,2380047,fit
train,2380219,fit
train,2380224,fit
train,2380263,fit
train,2380274,validation
train,2380855,fit
train,2380966,fit
train,2381159,fit
train,2381230,fit
train,2381298,fit
train,2381420,fit
train,2381559,fit
train,2382221,fit
train,2382271,fit
train,2382592,validation
train,2382993,fit
train,2383163,validation
train,2383255,fit
train,2383272,fit
train,2383590,fit
train,2383957,validation
train,2383961,validation
train,2384218,fit
train,2384349,fit
train,2384531,validation
train,2384592,fit
train,2384715,fit
train,2384887,fit
train,2384894,fit
train,2385303,validation
train,2385412,validation
train,2385427,validation
train,2385447,fit
train,2385521,validation
train,2385618,validation
train,2385764,fit
train,2385925,fit
train,2386064,fit
train,2386146,fit
train,2386357,fit
train,2386477,fit
train,2386878,fit
train,2386981,fit
train,2387175,fit
train,2387498,validation
train,2387624,fit
train,2387633,fit
train,2387682,fit
train,2387752,fit
train,2387809,fit
train,2387881,fit
train,2388063,validation
train,2388897,fit
train,2388912,fit
train,2389162,fit
train,2389200,fit
train,2389291,fit
train,2390032,fit
train,2390071,fit
train,2390164,fit
train,2390182,fit
train,2391027,fit
train,2391612,validation
train,2391818,fit
train,2391952,fit
train,2392025,fit
train,2392073,fit
train,2392679,fit
train,2392936,fit
train,2393290,fit
train,2393376,fit
train,2393498,validation
train,2393505,validation
train,2393666,fit
train,2394007,validation
train,2394369,validation
train,2394576,fit
train,2394808,fit
train,2395256,fit
train,2395464,fit
train,2395507,validation
train,2395676,validation
train,2395991,fit
train,2396057,validation
train,2396070,validation
train,2396168,fit
train,2396520,fit
train,2396601,validation
train,2396858,fit
train,2397590,fit
train,2397634,fit
train,2397716,fit
train,2398005,fit
train,2398222,fit
train,2398524,fit
train,2398921,fit
train,2399129,fit
train,2399184,fit
train,2399205,fit
train,2399223,validation
train,2399344,validation
train,2399386,fit
train,2399714,fit
train,2399814,fit
train,2399833,validation
train,2400343,fit
train,2400423,fit
train,2400512,validation
train,2400563,fit
train,2400987,fit
train,2401134,validation
train,2401163,validation
train,2401293,fit
train,2401728,fit
train,2402239,validation
train,2402597,fit
train,2402652,fit
train,2402765,fit
train,2402791,validation
train,2402797,fit
train,2402929,fit
train,2403007,fit
train,2403342,fit
train,2403502,fit
train,2403549,fit
train,2403565,fit
train,2403589,fit
train,2403655,validation
train,2404153,fit
train,2404235,validation
train,2404285,validation
train,2404293,fit
train,2404307,fit
train,2404666,fit
train,2404713,fit
train,2404831,fit
train,2405115,fit
train,2405139,fit
train,2405252,fit
train,2406092,fit
train,2406155,validation
train,2406180,fit
train,2406295,fit
train,2406838,fit
train,2407031,fit
train,2407096,validation
train,2407258,fit
train,2407402,fit
train,2407529,fit
train,2407793,fit
train,2407964,fit
train,2408133,validation
train,2408236,validation
train,2409036,fit
train,2409163,validation
train,2409251,fit
train,2409265,validation
train,2409274,fit
train,2409276,fit
train,2409344,fit
train,2409450,validation
train,2409523,fit
train,2409566,fit
train,2409816,fit
train,2410037,fit
train,2410582,fit
train,2410827,fit
train,2411312,fit
train,2411349,fit
train,2411383,validation
train,2411579,validation
train,2411590,fit
train,2411690,fit
train,2412027,fit
train,2412034,fit
train,2412094,validation
train,2412583,fit
train,2412824,fit
train,2412865,fit
train,2412976,fit
train,2413026,validation
train,2413192,fit
train,2413223,fit
train,2413293,validation
train,2413565,fit
train,2413678,fit
train,2413994,validation
train,2414029,fit
train,2414286,fit
train,2414325,fit
train,2414394,validation
train,2414482,fit
train,2414559,fit
train,2414584,fit
train,2414636,fit
train,2414813,fit
train,2414845,fit
train,2415228,fit
train,2415231,fit
train,2415385,fit
train,2416000,fit
train,2416017,fit
train,2416028,fit
train,2416116,fit
train,2416121,fit
train,2416230,fit
train,2416699,fit
train,2416863,fit
train,2416864,validation
train,2417008,fit
train,2417092,fit
train,2417146,fit
train,2417412,fit
train,2417416,fit
train,2417466,validation
train,2417622,fit
train,2417643,validation
train,2417657,fit
train,2417745,fit
train,2417878,fit
train,2417956,fit
train,2418179,validation
train,2418250,validation
train,2418415,fit
train,2418557,fit
train,2418656,validation
train,2419030,fit
train,2419157,fit
train,2419182,validation
train,2419293,fit
train,2419449,fit
train,2419685,fit
train,2419873,fit
train,2419926,fit
train,2419968,fit
train,2420065,fit
train,2420146,fit
train,2420250,fit
train,2420558,fit
train,2420623,fit
train,2420641,validation
train,2420751,fit
train,2420754,fit
train,2420789,fit
train,2420900,fit
train,2421214,fit
train,2421355,validation
train,2421425,validation
train,2421594,fit
train,2422515,fit
train,2422544,fit
train,2422792,fit
train,2422875,fit
train,2422921,fit
train,2422959,fit
train,2423321,fit
train,2423464,fit
train,2423608,fit
train,2424236,fit
train,2424252,fit
train,2424385,fit
train,2424643,validation
train,2424705,validation
train,2424814,fit
train,2424994,fit
train,2425098,fit
train,2425100,fit
train,2425130,fit
train,2425187,validation
train,2425199,fit
train,2425252,fit
train,2425293,fit
train,2425382,validation
train,2425916,validation
train,2425969,fit
train,2425971,fit
train,2426131,fit
train,2426455,validation
train,2426586,fit
train,2426644,fit
train,2426820,fit
train,2427159,fit
train,2427194,fit
train,2427206,fit
train,2427811,fit
train,2427843,fit
train,2427877,fit
train,2427984,fit
train,2428067,fit
train,2428363,fit
train,2428677,validation
train,2428691,fit
train,2428879,validation
train,2428999,fit
train,2429014,validation
train,2429053,fit
train,2429201,fit
train,2429416,validation
train,2429637,fit
train,2429724,fit
train,2430040,fit
train,2430605,fit
train,2430881,fit
train,2431046,validation
train,2431098,fit
train,2431101,fit
train,2431206,fit
train,2431486,fit
train,2431740,fit
train,2431808,validation
train,2432206,fit
train,2432232,fit
train,2432328,fit
train,2432354,fit
train,2432556,fit
train,2432650,fit
train,2432674,fit
train,2433063,fit
train,2433206,fit
train,2433249,fit
train,2433251,fit
train,2433372,fit
train,2433680,fit
train,2433884,fit
train,2433966,validation
train,2433974,fit
train,2434125,validation
train,2434159,fit
train,2434204,fit
train,2434214,fit
train,2434321,validation
train,2434418,fit
train,2434501,fit
train,2434550,fit
train,2434578,validation
train,2434692,fit
train,2434850,fit
train,2434866,fit
train,2434971,fit
train,2435247,fit
train,2435407,validation
train,2435418,fit
train,2435522,fit
train,2435713,fit
train,2435908,fit
train,2436270,fit
train,2436400,validation
train,2436432,validation
train,2436575,fit
train,2436714,validation
train,2436786,fit
train,2436945,fit
train,2437358,validation
train,2437366,fit
train,2437390,fit
train,2437729,fit
train,2437987,validation
train,2438213,fit
train,2438403,fit
train,2438490,fit
train,2438546,fit
train,2438854,fit
train,2438960,fit
train,2438994,fit
train,2439005,fit
train,2439027,fit
train,2439083,validation
train,2439232,fit
train,2439557,fit
train,2439647,fit
train,2440235,fit
train,2440304,fit
train,2440315,fit
train,2440384,fit
train,2440432,fit
train,2440765,fit
train,2440948,fit
train,2441145,fit
train,2441163,fit
train,2441277,fit
train,2441474,fit
train,2441685,fit
train,2441704,validation
train,2441728,fit
train,2441899,fit
train,2442341,validation
train,2442909,fit
train,2443149,validation
train,2443332,fit
train,2443581,fit
train,2443601,fit
train,2443771,validation
train,2444158,fit
train,2444200,fit
train,2444639,validation
train,2444863,validation
train,2444969,fit
train,2445408,fit
train,2446021,fit
train,2446443,validation
train,2446484,validation
train,2446998,fit
train,2447322,fit
train,2447441,validation
train,2447669,validation
train,2447893,fit
train,2448214,fit
train,2448297,fit
train,2448641,fit
train,2448853,fit
train,2449402,fit
train,2449859,fit
train,2449989,fit
train,2450044,fit
train,2450075,fit
train,2450327,fit
train,2450568,fit
train,2450598,validation
train,2450883,fit
train,2451108,fit
train,2451125,fit
train,2451158,fit
train,2451264,fit
train,2451413,fit
train,2451570,fit
train,2451707,fit
train,2451796,fit
train,2451902,fit
train,2452134,fit
train,2452192,fit
train,2452364,fit
train,2452820,fit
train,2452991,fit
train,2453291,fit
train,2453348,fit
train,2453365,fit
train,2453620,fit
train,2453682,validation
train,2453980,fit
train,2454010,validation
train,2454055,fit
train,2454522,fit
train,2454710,fit
train,2454877,fit
train,2454964,fit
train,2454970,fit
train,2455301,fit
train,2455375,fit
train,2455415,fit
train,2455434,fit
train,2455788,validation
train,2455821,fit
train,2455839,fit
train,2456526,fit
train,2456676,fit
train,2456716,fit
train,2456771,fit
train,2457524,validation
train,2457653,fit
train,2457824,validation
train,2458102,fit
train,2458183,fit
train,2458184,fit
train,2458258,fit
train,2458414,fit
train,2458723,fit
train,2459147,fit
train,2459226,fit
train,2459309,fit
train,2459441,fit
train,2459763,fit
train,2460334,fit
train,2460507,fit
train,2460557,fit
train,2461237,fit
train,2461497,fit
train,2461676,fit
train,2461758,validation
train,2461790,fit
train,2461972,fit
train,2462033,fit
train,2462144,fit
train,2462285,fit
train,2463078,fit
train,2463295,validation
train,2463421,fit
train,2463615,fit
train,2463616,fit
train,2464340,fit
train,2464377,fit
train,2464420,fit
train,2464424,validation
train,2464447,fit
train,2464647,fit
train,2464650,fit
train,2464975,fit
train,2465038,fit
train,2465158,fit
train,2465690,fit
train,2465996,validation
train,2466400,fit
train,2466416,fit
train,2466433,fit
train,2466501,validation
train,2466753,fit
train,2466994,fit
train,2467068,fit
train,2467117,validation
train,2467196,fit
train,2467779,fit
train,2467891,fit
train,2468074,fit
train,2468405,fit
train,2468413,fit
train,2468444,fit
train,2468811,fit
train,2468818,fit
train,2469087,fit
train,2469281,fit
train,2469497,fit
train,2469700,validation
train,2469779,fit
train,2470228,fit
train,2470260,fit
train,2470376,fit
train,2470534,fit
train,2470627,validation
train,2470910,validation
train,2471242,validation
train,2471620,fit
train,2471849,validation
train,2471987,fit
train,2472094,validation
train,2472482,fit
train,2472868,fit
train,2472882,fit
train,2472893,fit
train,2473221,validation
train,2473267,fit
train,2473621,fit
train,2473974,fit
train,2474023,validation
train,2474094,fit
train,2474142,validation
train,2474245,fit
train,2474511,validation
train,2474643,validation
train,2474967,validation
train,2475267,fit
train,2475762,fit
train,2475801,fit
train,2475803,fit
train,2475818,fit
train,2475940,fit
train,2476177,fit
train,2476458,fit
train,2476651,fit
train,2477621,fit
train,2477832,fit
train,2477849,fit
train,2477972,validation
train,2478132,fit
train,2478238,fit
train,2478415,fit
train,2478499,fit
train,2478503,fit
train,2479461,validation
train,2479640,fit
train,2479656,fit
train,2480449,fit
train,2480617,fit
train,2480781,fit
train,2480865,validation
train,2481010,fit
train,2481046,fit
train,2481195,fit
train,2481420,validation
train,2481514,fit
train,2481596,fit
train,2481649,validation
train,2481802,validation
train,2481833,validation
train,2481933,fit
train,2481980,validation
train,2482175,fit
train,2482290,fit
train,2482328,fit
train,2482373,validation
train,2482374,validation
train,2482605,fit
train,2482904,fit
train,2483202,validation
train,2483302,fit
train,2483324,fit
train,2483364,fit
train,2483414,validation
train,2484092,fit
train,2484239,fit
train,2484365,fit
train,2484627,fit
train,2484787,validation
train,2484842,fit
train,2484882,fit
train,2485015,fit
train,2485102,validation
train,2485239,fit
train,2485280,fit
train,2485371,fit
train,2485422,fit
train,2485493,fit
train,2485565,validation
train,2485712,fit
train,2485747,fit
train,2486161,fit
train,2486346,fit
train,2486504,fit
train,2486578,validation
train,2486689,validation
train,2486718,validation
train,2487009,fit
train,2487232,fit
train,2487362,fit
train,2487538,fit
train,2487586,fit
train,2487810,fit
train,2488283,fit
train,2488343,fit
train,2488399,fit
train,2489124,validation
train,2489157,fit
train,2489237,fit
train,2489309,fit
train,2489316,validation
train,2489471,fit
train,2489517,fit
train,2490025,fit
train,2490420,fit
train,2490436,fit
train,2490677,fit
train,2490792,fit
train,2490931,validation
train,2490978,validation
train,2491150,fit
train,2491159,fit
train,2491265,validation
train,2491421,fit
train,2491817,validation
train,2491818,fit
train,2492040,fit
train,2492417,fit
train,2492676,validation
train,2492685,fit
train,2492715,fit
train,2493037,validation
train,2493039,fit
train,2493336,fit
train,2493488,fit
train,2493569,fit
train,2493914,validation
train,2493922,fit
train,2494265,fit
train,2494404,fit
train,2494635,fit
train,2495112,validation
train,2495128,fit
train,2495277,fit
train,2495305,validation
train,2495372,fit
train,2495419,fit
train,2495437,fit
train,2495733,fit
train,2495900,validation
train,2495901,validation
train,2496000,validation
train,2496038,fit
train,2496151,fit
train,2496156,fit
train,2496221,fit
train,2496228,fit
train,2496721,fit
train,2496764,fit
train,2496972,validation
train,2496984,fit
train,2496999,validation
train,2497089,fit
train,2497240,fit
train,2497672,validation
train,2498072,fit
train,2498382,fit
train,2498692,validation
train,2498763,fit
train,2498934,fit
train,2499297,fit
train,2499378,fit
train,2499826,fit
train,2499886,fit
train,2500259,validation
train,2500282,validation
train,2500685,fit
train,2500902,fit
train,2500958,fit
train,2501043,fit
train,2501702,validation
train,2501840,fit
train,2502048,fit
train,2502332,fit
train,2502380,fit
train,2502631,fit
train,2502754,fit
train,2503064,fit
train,2503154,fit
train,2503214,fit
train,2503240,fit
train,2503286,fit
train,2503447,fit
train,2503494,validation
train,2503554,fit
train,2503770,fit
train,2503817,fit
train,2504447,fit
train,2504478,fit
train,2504811,fit
train,2504948,fit
train,2505204,fit
train,2505361,fit
train,2505418,fit
train,2505643,validation
train,2505756,fit
train,2505849,fit
train,2506083,fit
train,2506164,fit
train,2506377,fit
train,2507199,validation
train,2507319,fit
train,2507774,fit
train,2507806,fit
train,2508162,fit
train,2508484,fit
train,2509051,fit
train,2509118,fit
train,2509122,validation
train,2509243,validation
train,2509315,fit
train,2509573,fit
train,2510325,validation
train,2510434,fit
train,2510469,fit
train,2510547,fit
train,2510639,fit
train,2510679,validation
train,2510779,validation
train,2510801,validation
train,2511010,fit
train,2511239,validation
train,2511517,fit
train,2511548,fit
train,2511714,fit
train,2511752,fit
train,2511851,fit
train,2512015,fit
train,2512037,validation
train,2512080,fit
train,2512103,validation
train,2512184,fit
train,2512337,fit
train,2512415,fit
train,2512508,fit
train,2512630,fit
train,2513010,fit
train,2513186,fit
train,2513447,fit
train,2513671,fit
train,2513767,fit
train,2513808,fit
train,2513895,fit
train,2513934,validation
train,2514044,validation
train,2514171,validation
train,2514212,fit
train,2514728,validation
train,2515447,fit
train,2515499,fit
train,2515538,fit
train,2515604,fit
train,2515701,fit
train,2515727,fit
train,2516134,fit
train,2516803,validation
train,2516978,validation
train,2517409,fit
train,2517650,validation
train,2517672,fit
train,2517717,fit
train,2517765,fit
train,2517934,validation
train,2517972,validation
train,2518388,fit
train,2518416,fit
train,2518673,validation
train,2518681,fit
train,2518849,fit
train,2519128,fit
train,2519256,fit
train,2519324,fit
train,2519512,fit
train,2519682,fit
train,2519722,fit
train,2520495,fit
train,2520529,fit
train,2520990,fit
train,2520998,validation
train,2521036,fit
train,2521052,fit
train,2521545,validation
train,2521731,validation
train,2521775,fit
train,2522140,fit
train,2522607,fit
train,2523004,fit
train,2523284,fit
train,2523517,fit
train,2523655,fit
train,2523656,validation
train,2523718,fit
train,2523933,validation
train,2524018,validation
train,2524212,fit
train,2524504,fit
train,2524688,fit
train,2524780,validation
train,2525072,fit
train,2525129,validation
train,2525926,fit
train,2525999,fit
train,2526086,validation
train,2526173,validation
train,2526193,fit
train,2526248,fit
train,2526647,fit
train,2526773,validation
train,2526907,fit
train,2527078,fit
train,2527205,fit
train,2527262,fit
train,2527889,validation
train,2528134,fit
train,2528233,fit
train,2528239,validation
train,2528540,validation
train,2529201,validation
train,2529254,fit
train,2529456,validation
train,2529792,fit
train,2529802,fit
train,2530039,fit
train,2530094,fit
train,2530334,validation
train,2530487,fit
train,2530693,validation
train,2531056,validation
train,2531067,validation
train,2531163,fit
train,2531371,validation
train,2531855,validation
train,2532972,validation
train,2533069,fit
train,2533351,fit
train,2533438,fit
train,2533654,fit
train,2533676,fit
train,2533761,fit
train,2533762,fit
train,2533918,fit
train,2533932,fit
train,2534143,fit
train,2534673,fit
train,2534739,fit
train,2534904,fit
train,2535102,fit
train,2535611,fit
train,2535652,fit
train,2535711,fit
train,2536177,fit
train,2536483,fit
train,2536556,validation
train,2536613,fit
train,2537138,fit
train,2537496,validation
train,2537699,fit
train,2537826,validation
train,2537860,validation
train,2537991,fit
train,2538055,fit
train,2538361,fit
train,2538405,fit
train,2538481,fit
train,2538820,fit
train,2538835,fit
train,2538954,fit
train,2539225,validation
train,2539874,validation
train,2540989,validation
train,2541092,fit
train,2541133,fit
train,2542098,fit
train,2542324,fit
train,2542346,validation
train,2542449,validation
train,2542605,fit
train,2542963,fit
train,2543285,fit
train,2543507,fit
train,2543644,fit
train,2543687,fit
train,2544062,validation
train,2544285,fit
train,2544334,validation
train,2544411,fit
train,2544730,fit
train,2544773,fit
train,2544963,fit
train,2545010,fit
train,2545147,fit
train,2545166,fit
train,2545199,fit
train,2545268,fit
train,2545331,fit
train,2546015,fit
train,2546304,validation
train,2546338,fit
train,2546567,fit
train,2546807,fit
train,2547126,fit
train,2547261,validation
train,2547280,fit
train,2547629,fit
train,2547776,validation
train,2547782,fit
train,2547837,fit
train,2547882,fit
train,2548178,fit
train,2548295,fit
train,2548915,fit
train,2549085,fit
train,2549251,fit
train,2549480,validation
train,2549529,fit
train,2549552,fit
train,2549727,fit
train,2549745,validation
train,2549800,fit
train,2550280,fit
train,2550644,fit
train,2550709,fit
train,2550751,validation
train,2550765,fit
train,2550960,validation
train,2551144,fit
train,2551249,fit
train,2551624,validation
train,2551655,fit
train,2551683,validation
train,2552124,validation
train,2552602,fit
train,2552878,fit
train,2552899,fit
train,2553240,fit
train,2553308,fit
train,2553339,validation
train,2554065,validation
train,2554141,fit
train,2554571,fit
train,2554751,fit
train,2554755,fit
train,2554956,fit
train,2555135,fit
train,2555221,fit
train,2555236,fit
train,2555470,fit
train,2555658,fit
train,2555869,fit
train,2555872,fit
train,2555894,fit
train,2555959,validation
train,2555987,fit
train,2556357,fit
train,2556815,fit
train,2557273,fit
train,2557292,fit
train,2557394,fit
train,2557437,fit
train,2557506,fit
train,2557848,fit
train,2557972,fit
train,2558086,fit
train,2558194,fit
train,2558206,fit
train,2558267,fit
train,2558541,fit
train,2558816,fit
train,2558912,fit
train,2559080,fit
train,2559386,fit
train,2559408,fit
train,2559560,fit
train,2559878,fit
train,2560095,fit
train,2560372,fit
train,2560441,fit
train,2560445,validation
train,2560557,validation
train,2560662,validation
train,2560985,fit
train,2561270,validation
train,2561428,fit
train,2561488,fit
train,2561495,validation
train,2561515,fit
train,2561572,fit
train,2561674,fit
train,2561740,fit
train,2561915,fit
train,2562019,fit
train,2562134,fit
train,2562239,fit
train,2562430,fit
train,2562518,fit
train,2562559,validation
train,2562728,fit
train,2562885,fit
train,2563121,fit
train,2563370,fit
train,2563409,fit
train,2563540,fit
train,2563561,validation
train,2563827,fit
train,2564022,fit
train,2564160,validation
train,2564273,fit
train,2564282,validation
train,2564492,fit
train,2564714,fit
train,2564724,fit
train,2564831,fit
train,2564921,fit
train,2565002,fit
train,2565163,fit
train,2565256,fit
train,2565348,fit
train,2565487,fit
train,2565778,fit
train,2565824,fit
train,2565837,validation
train,2565928,fit
train,2565944,fit
train,2566240,fit
train,2566317,fit
train,2566377,fit
train,2566959,fit
train,2567715,fit
train,2567753,fit
train,2567754,fit
train,2567954,fit
train,2568246,fit
train,2568867,fit
train,2569104,fit
train,2569136,fit
train,2569143,fit
train,2569315,validation
train,2569490,validation
train,2569781,fit
train,2570372,fit
train,2570534,validation
train,2570556,fit
train,2570595,fit
train,2570687,validation
train,2571088,fit
train,2571244,fit
train,2571396,fit
train,2571589,fit
train,2572129,validation
train,2572467,fit
train,2572483,fit
train,2572658,fit
train,2572833,fit
train,2572992,fit
train,2573000,fit
train,2573029,fit
train,2573295,fit
train,2573591,fit
train,2573618,fit
train,2573886,fit
train,2573898,fit
train,2574133,fit
train,2574268,fit
train,2574352,fit
train,2574502,validation
train,2574668,fit
train,2574898,fit
train,2575154,fit
train,2575324,validation
train,2575569,fit
train,2575895,fit
train,2576236,validation
train,2576282,fit
train,2576390,validation
train,2576434,fit
train,2576464,fit
train,2576483,validation
train,2576563,fit
train,2576705,fit
train,2576796,fit
train,2577311,validation
train,2577366,fit
train,2577497,validation
train,2577694,validation
train,2577787,validation
train,2578022,validation
train,2578904,fit
train,2579102,fit
train,2579407,fit
train,2580390,validation
train,2580481,validation
train,2580489,validation
train,2580676,fit
train,2580693,fit
train,2580730,fit
train,2580761,fit
train,2580769,fit
train,2580964,fit
train,2581358,fit
train,2581651,fit
train,2581911,fit
train,2581974,fit
train,2582204,fit
train,2582243,fit
train,2582268,fit
train,2582483,fit
train,2582578,fit
train,2582759,fit
train,2582771,fit
train,2582839,fit
train,2582891,fit
train,2583351,fit
train,2583520,fit
train,2583738,fit
train,2584309,validation
train,2584425,validation
train,2584566,fit
train,2584594,validation
train,2584652,validation
train,2584773,fit
train,2585277,validation
train,2585360,fit
train,2585377,validation
train,2585506,fit
train,2585544,validation
train,2585569,validation
train,2585708,validation
train,2585794,fit
train,2585933,fit
train,2586516,fit
train,2586772,fit
train,2586923,fit
train,2587115,fit
train,2587135,fit
train,2587301,validation
train,2587512,fit
train,2587646,fit
train,2587840,fit
train,2587883,fit
train,2588198,validation
train,2588554,fit
train,2588704,fit
train,2588734,validation
train,2588803,fit
train,2588821,fit
train,2588945,fit
train,2589104,validation
train,2589596,fit
train,2589729,fit
train,2589798,fit
train,2590405,fit
train,2590477,fit
train,2590598,fit
train,2590861,validation
train,2591233,fit
train,2591519,fit
train,2591597,fit
train,2591760,fit
train,2591783,validation
train,2591870,fit
train,2592194,fit
train,2592426,fit
train,2592823,fit
train,2593139,fit
train,2593528,fit
train,2593870,fit
train,2593888,fit
train,2594046,fit
train,2594213,fit
train,2594338,fit
train,2594455,fit
train,2594705,fit
train,2594735,validation
train,2594847,validation
train,2594931,fit
train,2595053,fit
train,2595111,validation
train,2595125,fit
train,2595168,fit
train,2595286,fit
train,2595521,validation
train,2596092,fit
train,2596330,fit
train,2596336,fit
train,2596376,fit
train,2596433,fit
train,2596742,validation
train,2596807,fit
train,2597566,fit
train,2597638,fit
train,2598249,validation
train,2598328,fit
train,2598518,validation
train,2598861,fit
train,2598892,validation
train,2599249,validation
train,2599307,fit
train,2599491,validation
train,2599563,fit
train,2599833,fit
train,2599872,fit
train,2599917,fit
train,2600434,fit
train,2600438,fit
train,2600862,fit
train,2600942,fit
train,2601191,fit
train,2601556,fit
train,2601746,validation
train,2601811,fit
train,2602389,fit
train,2602771,validation
train,2602972,fit
train,2602992,validation
train,2603061,fit
train,2603266,validation
train,2603664,fit
train,2604259,fit
train,2604450,fit
train,2604624,fit
train,2604733,validation
train,2605138,fit
train,2605295,fit
train,2605297,fit
train,2605493,fit
train,2605584,fit
train,2605753,fit
train,2605791,validation
train,2605945,fit
train,2605980,validation
train,2605987,validation
train,2606013,fit
train,2606447,fit
train,2606451,fit
train,2606559,fit
train,2606676,fit
train,2607101,fit
train,2607152,validation
train,2607281,fit
train,2607333,fit
train,2607534,validation
train,2607648,validation
train,2607787,fit
train,2608001,fit
train,2608051,fit
train,2608152,fit
train,2608192,fit
train,2608198,fit
train,2608368,validation
train,2608474,validation
train,2608486,fit
train,2608743,validation
train,2608778,fit
train,2608781,fit
train,2608815,fit
train,2608832,fit
train,2608993,fit
train,2609360,validation
train,2609383,fit
train,2609876,fit
train,2610109,fit
train,2610174,fit
train,2610242,fit
train,2610466,validation
train,2610551,fit
train,2610554,fit
train,2610635,fit
train,2610747,fit
train,2610855,fit
train,2610923,fit
train,2610990,validation
train,2611413,fit
train,2611592,fit
train,2611651,fit
train,2611827,fit
train,2612028,fit
train,2612191,validation
train,2612235,validation
train,2612284,fit
train,2612940,fit
train,2613062,fit
train,2613070,fit
train,2613194,fit
train,2613214,fit
train,2613447,fit
train,2613551,fit
train,2613743,fit
train,2613912,fit
train,2614841,fit
train,2615002,fit
train,2615124,validation
train,2615204,validation
train,2615260,fit
train,2615662,validation
train,2615801,fit
train,2616399,fit
train,2616421,fit
train,2616477,fit
train,2617127,validation
train,2617306,fit
train,2617360,validation
train,2617493,validation
train,2617776,validation
train,2617843,validation
train,2617940,fit
train,2618125,fit
train,2618307,fit
train,2618495,fit
train,2618554,fit
train,2618822,fit
train,2618964,fit
train,2619102,fit
train,2619235,validation
train,2619285,fit
train,2619388,fit
train,2619517,validation
train,2619602,fit
train,2619999,fit
train,2620092,fit
train,2620204,fit
train,2620287,fit
train,2620338,fit
train,2620653,fit
train,2620750,fit
train,2620856,fit
train,2620909,fit
train,2621019,fit
train,2621088,fit
train,2621100,fit
train,2621443,fit
train,2621520,fit
train,2621558,fit
train,2621626,fit
train,2621805,fit
train,2621822,fit
train,2621935,fit
train,2622053,fit
train,2622136,fit
train,2622246,fit
train,2622343,fit
train,2622351,fit
train,2622488,fit
train,2622506,fit
train,2622789,fit
train,2622854,fit
train,2622929,fit
train,2623100,validation
train,2623683,validation
train,2623773,validation
train,2623925,fit
train,2624149,validation
train,2624368,fit
train,2624572,fit
train,2625180,fit
train,2625213,fit
train,2625250,validation
train,2625306,fit
train,2625533,fit
train,2625631,fit
train,2625884,fit
train,2625981,fit
train,2626099,validation
train,2626143,fit
train,2626360,fit
train,2626779,fit
train,2626816,fit
train,2627065,fit
train,2627102,validation
train,2627176,fit
train,2627534,fit
train,2627619,fit
train,2627640,fit
train,2627677,fit
train,2627726,fit
train,2627796,fit
train,2627860,fit
train,2628076,fit
train,2628089,fit
train,2628121,fit
train,2628224,fit
train,2628667,fit
train,2629108,fit
train,2629643,fit
train,2629875,fit
train,2629936,validation
train,2630456,fit
train,2630697,fit
train,2630856,fit
train,2630870,fit
train,2631147,fit
train,2631176,fit
train,2631333,validation
train,2631413,fit
train,2631635,validation
train,2631829,fit
train,2632140,fit
train,2632179,validation
train,2632503,fit
train,2632625,validation
train,2632805,fit
train,2633019,fit
train,2633113,fit
train,2633231,fit
train,2633296,fit
train,2633378,fit
train,2633662,validation
train,2633946,fit
train,2634210,fit
train,2634492,validation
train,2634620,validation
train,2634630,fit
train,2634759,fit
train,2634789,fit
train,2635027,fit
train,2635063,fit
train,2635216,fit
train,2635297,validation
train,2635445,fit
train,2635498,fit
train,2635811,fit
train,2635856,fit
train,2636575,fit
train,2636579,fit
train,2636766,fit
train,2636910,fit
train,2637052,fit
train,2637112,fit
train,2637138,fit
train,2637157,fit
train,2637273,fit
train,2637849,fit
train,2638005,fit
train,2638573,fit
train,2638940,fit
train,2639123,validation
train,2639128,validation
train,2639230,validation
train,2639336,fit
train,2639500,fit
train,2640389,validation
train,2640584,fit
train,2640675,fit
train,2640681,fit
train,2640744,fit
train,2641070,fit
train,2641317,fit
train,2641357,fit
train,2641660,validation
train,2642116,fit
train,2642194,fit
train,2642229,fit
train,2642466,fit
train,2642549,fit
train,2642591,fit
train,2642965,fit
train,2643053,fit
train,2643888,validation
train,2644083,fit
train,2644333,fit
train,2644450,fit
train,2644585,fit
train,2644693,validation
train,2644754,fit
train,2644975,fit
train,2645016,fit
train,2645446,validation
train,2645509,fit
train,2645909,validation
train,2646239,fit
train,2646393,fit
train,2646490,fit
train,2646530,validation
train,2646538,fit
train,2646871,fit
train,2647001,fit
train,2647103,fit
train,2647366,validation
train,2647374,fit
train,2647510,fit
train,2647624,fit
train,2647653,validation
train,2648113,validation
train,2648153,fit
train,2648232,validation
train,2648544,fit
train,2648694,fit
train,2648955,fit
train,2649548,fit
train,2649740,fit
train,2649832,fit
train,2650296,fit
train,2650398,fit
train,2650443,fit
train,2650543,fit
train,2650546,validation
train,2650935,validation
train,2650965,fit
train,2651313,fit
train,2651322,validation
train,2651537,validation
train,2651564,fit
train,2651660,fit
train,2652306,fit
train,2652363,validation
train,2653433,fit
train,2653488,fit
train,2653752,fit
train,2653899,fit
train,2654118,fit
train,2654403,validation
train,2654493,fit
train,2654569,fit
train,2654896,fit
train,2654932,validation
train,2655032,validation
train,2655132,validation
train,2655297,fit
train,2655415,fit
train,2655575,fit
train,2655642,validation
train,2655674,fit
train,2655692,fit
train,2656191,fit
train,2656597,fit
train,2656982,fit
train,2657055,validation
train,2657071,validation
train,2657138,fit
train,2657177,fit
train,2657256,fit
train,2657488,fit
train,2657636,fit
train,2657706,fit
train,2657867,fit
train,2658025,validation
train,2658058,fit
train,2658512,validation
train,2658804,fit
train,2658850,fit
train,2659321,validation
train,2659384,fit
train,2659424,fit
train,2659490,fit
train,2659833,fit
train,2659977,fit
train,2660277,fit
train,2660377,fit
train,2660399,validation
train,2660616,fit
train,2660790,fit
train,2661199,fit
train,2661374,fit
train,2661530,validation
train,2661569,fit
train,2661621,fit
train,2662191,fit
train,2662250,validation
train,2662323,fit
train,2662368,validation
train,2662558,fit
train,2662848,fit
train,2662868,fit
train,2663071,fit
train,2663124,fit
train,2663268,fit
train,2663445,fit
train,2664003,fit
train,2664154,validation
train,2664202,fit
train,2664246,fit
train,2664416,fit
train,2664702,fit
train,2665546,fit
train,2665740,fit
train,2665917,fit
train,2665929,validation
train,2666729,fit
train,2667063,fit
train,2667395,validation
train,2667400,fit
train,2667608,fit
train,2667701,validation
train,2667728,fit
train,2667815,fit
train,2667969,fit
train,2667996,fit
train,2668303,fit
train,2668307,validation
train,2668401,fit
train,2668704,fit
train,2669068,fit
train,2669174,validation
train,2669249,fit
train,2669340,fit
train,2669419,validation
train,2669583,validation
train,2669724,fit
train,2670338,fit
train,2670898,fit
train,2670933,validation
train,2671014,fit
train,2671643,fit
train,2671706,fit
train,2671981,fit
train,2672304,validation
train,2672509,fit
train,2672619,fit
train,2672770,validation
train,2673028,fit
train,2673154,fit
train,2673259,fit
train,2673354,fit
train,2673847,fit
train,2673886,validation
train,2673933,validation
train,2673986,fit
train,2674076,fit
train,2674314,fit
train,2674330,fit
train,2674447,fit
train,2674627,validation
train,2674799,fit
train,2674802,validation
train,2675057,validation
train,2675463,fit
train,2676069,fit
train,2676187,fit
train,2676546,validation
train,2676813,fit
train,2677077,validation
train,2677293,fit
train,2677550,fit
train,2677781,fit
train,2677865,fit
train,2677876,fit
train,2677980,fit
train,2678145,fit
train,2678157,fit
train,2678286,fit
train,2678340,fit
train,2678394,fit
train,2678660,fit
train,2679146,fit
train,2679161,validation
train,2679182,fit
train,2679627,validation
train,2679785,fit
train,2679849,fit
train,2679968,validation
train,2680109,fit
train,2680577,fit
train,2680851,fit
train,2681203,fit
train,2681220,fit
train,2681340,fit
train,2681844,fit
train,2681852,validation
train,2682055,fit
train,2682147,validation
train,2682182,validation
train,2682183,fit
train,2682186,fit
train,2682265,fit
train,2683057,fit
train,2683346,fit
train,2683812,fit
train,2684006,fit
train,2684366,fit
train,2684745,fit
train,2684920,fit
train,2685090,fit
train,2685124,fit
train,2685127,fit
train,2685217,fit
train,2685250,fit
train,2685696,fit
train,2685784,fit
train,2686490,fit
train,2686652,fit
train,2686774,validation
train,2686901,fit
train,2686989,fit
train,2687032,fit
train,2687083,fit
train,2687097,fit
train,2687118,fit
train,2687135,fit
train,2687152,fit
train,2687352,fit
train,2687552,fit
train,2687925,fit
train,2687928,validation
train,2688372,fit
train,2688858,fit
train,2688997,fit
train,2689452,validation
train,2689525,fit
train,2689699,fit
train,2689747,fit
train,2689794,validation
train,2689826,validation
train,2689917,fit
train,2690046,fit
train,2690083,fit
train,2690090,fit
train,2690200,fit
train,2690510,fit
train,2690708,fit
train,2690786,fit
train,2691067,fit
train,2691201,fit
train,2691206,fit
train,2691221,validation
train,2692067,validation
train,2692197,fit
train,2692231,fit
train,2692298,fit
train,2692456,fit
train,2692552,fit
train,2693209,fit
train,2693861,fit
train,2694183,fit
train,2694807,fit
train,2695031,fit
train,2695150,fit
train,2695304,fit
train,2695353,fit
train,2695428,fit
train,2695861,fit
train,2695981,fit
train,2696479,fit
train,2696874,fit
train,2697060,fit
train,2697444,validation
train,2697573,fit
train,2697582,fit
train,2697586,fit
train,2697711,fit
train,2697734,fit
train,2697850,fit
train,2698175,validation
train,2698186,fit
train,2698298,validation
train,2698312,fit
train,2698733,fit
train,2699338,validation
train,2699588,fit
train,2699748,fit
train,2699996,fit
train,2700067,fit
train,2700197,fit
train,2700351,fit
train,2700472,fit
train,2700587,fit
train,2700702,fit
train,2700763,fit
train,2700793,validation
train,2700842,fit
train,2700860,fit
train,2700864,fit
train,2700891,validation
train,2701144,fit
train,2701209,fit
train,2701370,fit
train,2701763,fit
train,2701833,fit
train,2701864,validation
train,2702408,fit
train,2702424,validation
train,2702720,fit
train,2702803,fit
train,2702845,fit
train,2702942,validation
train,2702961,fit
train,2703316,fit
train,2703435,fit
train,2703470,fit
train,2703659,fit
train,2703818,fit
train,2703940,fit
train,2704606,fit
train,2704607,validation
train,2704636,fit
train,2704821,validation
train,2704833,validation
train,2704975,fit
train,2705116,fit
train,2705201,fit
train,2705392,validation
train,2705562,fit
train,2705566,fit
train,2705915,fit
train,2706088,fit
train,2706201,fit
train,2706233,fit
train,2706400,fit
train,2706707,fit
train,2706897,fit
train,2706955,fit
train,2706979,fit
train,2706981,fit
train,2707027,fit
train,2707113,fit
train,2707161,fit
train,2707735,fit
train,2707781,fit
train,2707904,fit
train,2708055,fit
train,2708083,fit
train,2708145,fit
train,2708177,fit
train,2708184,fit
train,2708259,fit
train,2708273,fit
train,2708508,fit
train,2708639,fit
train,2708828,fit
train,2708829,fit
train,2709219,fit
train,2709656,fit
train,2709723,fit
train,2709972,fit
train,2710165,fit
train,2710318,fit
train,2710444,validation
train,2710713,fit
train,2710776,validation
train,2711933,fit
train,2711999,fit
train,2712029,validation
train,2712252,validation
train,2712339,fit
train,2712507,validation
train,2712563,fit
train,2712571,fit
train,2712656,validation
train,2712719,fit
train,2712789,validation
train,2712813,fit
train,2712977,fit
train,2713093,fit
train,2713257,fit
train,2713414,fit
train,2713771,fit
train,2714136,fit
train,2714158,fit
train,2714378,validation
train,2714701,fit
train,2714748,fit
train,2714770,fit
train,2714900,fit
train,2714935,fit
train,2714953,fit
train,2714990,fit
train,2715201,fit
train,2715320,fit
train,2715684,fit
train,2715871,fit
train,2715876,fit
train,2715980,validation
train,2716013,fit
train,2716109,fit
train,2716536,fit
train,2716652,fit
train,2716921,fit
train,2717021,fit
train,2717302,fit
train,2717402,fit
train,2717464,fit
train,2717542,validation
train,2717746,fit
train,2718184,fit
train,2718493,fit
train,2718677,fit
train,2718778,fit
train,2719124,fit
train,2719129,fit
train,2719281,fit
train,2719357,fit
train,2719455,fit
train,2720254,fit
train,2720323,fit
train,2720631,fit
train,2720784,fit
train,2721094,fit
train,2721220,fit
train,2721313,validation
train,2721323,fit
train,2721324,fit
train,2721696,fit
train,2721808,validation
train,2721966,fit
train,2722126,fit
train,2722190,validation
train,2722305,fit
train,2722716,fit
train,2722884,validation
train,2722933,fit
train,2722968,fit
train,2723125,validation
train,2723227,fit
train,2723354,fit
train,2723685,fit
train,2723720,fit
train,2723752,fit
train,2724038,fit
train,2724107,fit
train,2724581,fit
train,2724622,fit
train,2724796,fit
train,2724812,fit
train,2724871,validation
train,2725326,fit
train,2725931,validation
train,2726147,fit
train,2726183,fit
train,2726611,fit
train,2726742,fit
train,2727020,validation
train,2727079,fit
train,2727113,fit
train,2727277,fit
train,2727289,validation
train,2727585,fit
train,2727776,fit
train,2727956,fit
train,2728191,validation
train,2728192,fit
train,2728531,fit
train,2728718,validation
train,2728748,fit
train,2728790,fit
train,2728873,fit
train,2728899,fit
train,2729024,fit
train,2729349,fit
train,2729374,fit
train,2729487,fit
train,2729607,validation
train,2729634,fit
train,2729702,fit
train,2729721,fit
train,2730120,fit
train,2730857,fit
train,2730977,fit
train,2731235,validation
train,2731444,fit
train,2731501,fit
train,2731622,fit
train,2732011,fit
train,2732051,fit
train,2732153,fit
train,2732393,fit
train,2732683,validation
train,2732737,validation
train,2732816,validation
train,2733473,validation
train,2733560,fit
train,2733696,validation
train,2733787,fit
train,2733905,fit
train,2733922,fit
train,2733924,fit
train,2734517,fit
train,2735171,fit
train,2735308,fit
train,2735426,fit
train,2735574,fit
train,2735775,fit
train,2735848,fit
train,2736012,fit
train,2736294,fit
train,2736557,validation
train,2736766,fit
train,2737208,fit
train,2737401,validation
train,2737480,fit
train,2737881,validation
train,2737918,fit
train,2738053,fit
train,2738102,fit
train,2738169,fit
train,2738209,fit
train,2738291,fit
train,2738642,fit
train,2738986,fit
train,2739289,fit
train,2739381,fit
train,2740280,fit
train,2740770,fit
train,2740906,validation
train,2740943,fit
train,2741042,fit
train,2741107,fit
train,2741251,fit
train,2741304,fit
train,2741466,validation
train,2741564,fit
train,2741706,validation
train,2741771,fit
train,2741818,fit
train,2742063,validation
train,2742107,fit
train,2742526,fit
train,2742722,fit
train,2742937,fit
train,2742951,fit
train,2743128,fit
train,2743154,fit
train,2743346,fit
train,2743480,fit
train,2743650,validation
train,2743862,fit
train,2743891,fit
train,2743900,fit
train,2744011,validation
train,2744174,fit
train,2744236,fit
train,2744249,validation
train,2744419,fit
train,2744686,fit
train,2744695,fit
train,2745001,validation
train,2745227,fit
train,2745378,fit
train,2745442,fit
train,2745503,fit
train,2745699,fit
train,2745729,validation
train,2745922,fit
train,2745964,fit
train,2746151,fit
train,2746377,fit
train,2746383,fit
train,2746817,fit
train,2747098,validation
train,2747509,validation
train,2747902,fit
train,2748562,validation
train,2748658,fit
train,2748857,fit
train,2748874,validation
train,2748930,validation
train,2749268,validation
train,2749380,fit
train,2749395,fit
train,2749636,fit
train,2749705,fit
train,2749853,fit
train,2750297,fit
train,2750313,validation
train,2750530,fit
train,2751048,validation
train,2751132,fit
train,2751177,fit
train,2751242,fit
train,2751555,validation
train,2751881,fit
train,2751997,validation
train,2752059,fit
train,2752074,fit
train,2752235,fit
train,2753484,validation
train,2753524,validation
train,2753543,validation
train,2753739,fit
train,2753864,fit
train,2753897,validation
train,2753935,fit
train,2754073,fit
train,2754443,fit
train,2755530,fit
train,2755942,fit
train,2755977,validation
train,2756017,fit
train,2756092,fit
train,2756113,validation
train,2756479,fit
train,2756598,fit
train,2756752,fit
train,2756889,fit
train,2756950,fit
train,2757210,fit
train,2757211,fit
train,2757300,fit
train,2757323,fit
train,2757519,fit
train,2757609,fit
train,2757750,fit
train,2758240,validation
train,2758245,fit
train,2758699,fit
train,2758732,fit
train,2758884,fit
train,2759406,fit
train,2759437,fit
train,2759692,fit
train,2759777,fit
train,2759918,fit
train,2760057,validation
train,2760369,fit
train,2760392,validation
train,2760793,fit
train,2760871,fit
train,2761141,fit
train,2761269,fit
train,2761396,fit
train,2761495,fit
train,2761666,fit
train,2761845,fit
train,2761871,validation
train,2761988,validation
train,2762292,fit
train,2762625,fit
train,2762664,fit
train,2762824,fit
train,2762844,fit
train,2762916,fit
train,2763093,fit
train,2763379,fit
train,2763410,validation
train,2763571,fit
train,2763934,fit
train,2764058,validation
train,2764087,fit
train,2764100,fit
train,2764186,fit
train,2764449,validation
train,2764928,fit
train,2764975,fit
train,2764989,fit
train,2765176,fit
train,2765411,fit
train,2765438,validation
train,2765606,validation
train,2765640,validation
train,2765752,fit
train,2765985,fit
train,2766091,fit
train,2766383,fit
train,2766426,fit
train,2766649,fit
train,2766936,fit
train,2767302,validation
train,2767362,fit
train,2767410,fit
train,2767462,fit
train,2767989,validation
train,2768024,fit
train,2768122,fit
train,2768247,validation
train,2768248,fit
train,2768258,fit
train,2768295,fit
train,2768521,fit
train,2768955,fit
train,2769133,fit
train,2769655,fit
train,2769783,fit
train,2769827,fit
train,2770176,fit
train,2770316,fit
train,2770518,fit
train,2770782,validation
train,2770882,fit
train,2771218,fit
train,2771252,validation
train,2771560,fit
train,2771628,fit
train,2771757,fit
train,2771968,fit
train,2772123,validation
train,2772142,validation
train,2772233,fit
train,2772311,fit
train,2772460,fit
train,2772684,fit
train,2772779,fit
train,2772874,fit
train,2772887,fit
train,2773060,fit
train,2773107,fit
train,2773115,fit
train,2773143,fit
train,2773579,fit
train,2773675,fit
train,2774161,fit
train,2774176,validation
train,2774182,validation
train,2774242,validation
train,2774257,fit
train,2774487,fit
train,2774853,fit
train,2774972,validation
train,2775015,fit
train,2775072,fit
train,2775404,fit
train,2775888,fit
train,2776329,validation
train,2776350,fit
train,2776753,validation
train,2776895,fit
train,2776960,validation
train,2777018,fit
train,2777342,fit
train,2777416,fit
train,2777559,validation
train,2777856,fit
train,2778080,fit
train,2778109,fit
train,2778183,fit
train,2778277,fit
train,2778304,fit
train,2778877,fit
train,2779601,validation
train,2779664,fit
train,2779966,fit
train,2780025,fit
train,2780084,fit
train,2780204,fit
train,2780355,validation
train,2781365,validation
train,2781549,fit
train,2781648,fit
train,2782094,fit
train,2782343,fit
train,2782461,fit
train,2782699,fit
train,2782874,fit
train,2783481,fit
train,2783700,fit
train,2783868,fit
train,2784081,fit
train,2784531,fit
train,2784691,fit
train,2785281,fit
train,2785817,fit
train,2785837,fit
train,2785936,fit
train,2785990,fit
train,2786088,fit
train,2786500,fit
train,2786747,fit
train,2786761,fit
train,2787087,fit
train,2787153,fit
train,2787474,fit
train,2787502,fit
train,2787568,fit
train,2787717,fit
train,2787973,fit
train,2788072,fit
train,2788138,fit
train,2788395,validation
train,2788403,fit
train,2788408,fit
train,2789119,fit
train,2789145,fit
train,2790069,fit
train,2790085,fit
train,2790182,fit
train,2790474,fit
train,2790632,fit
train,2790637,fit
train,2790689,fit
train,2790731,fit
train,2790915,validation
train,2791053,fit
train,2791070,fit
train,2791086,fit
train,2791180,fit
train,2791182,fit
train,2791432,validation
train,2791496,fit
train,2791804,fit
train,2791872,validation
train,2792345,fit
train,2792514,fit
train,2792603,fit
train,2792821,fit
train,2792825,fit
train,2792988,fit
train,2793171,fit
train,2793386,fit
train,2793431,fit
train,2793567,validation
train,2793573,fit
train,2794017,fit
train,2794310,fit
train,2794405,fit
train,2794448,fit
train,2794520,fit
train,2794567,fit
train,2794574,fit
train,2794886,fit
train,2795015,fit
train,2795137,fit
train,2795157,validation
train,2795598,fit
train,2795655,fit
train,2795675,fit
train,2796103,fit
train,2796107,fit
train,2796365,fit
train,2796794,fit
train,2796994,validation
train,2797251,validation
train,2797308,fit
train,2797511,fit
train,2797688,fit
train,2797942,fit
train,2797958,fit
train,2797960,validation
train,2798177,fit
train,2798452,fit
train,2798501,fit
train,2798951,validation
train,2799013,fit
train,2799193,fit
train,2799417,fit
train,2799522,fit
train,2799598,fit
train,2799746,fit
train,2799811,fit
train,2799895,fit
train,2799946,fit
train,2799984,fit
train,2800039,fit
train,2800140,fit
train,2800215,validation
train,2800436,validation
train,2800514,validation
train,2800534,fit
train,2800761,fit
train,2800886,fit
train,2800956,fit
train,2801082,validation
train,2801103,fit
train,2801537,fit
train,2801798,validation
train,2801920,fit
train,2802302,fit
train,2802339,fit
train,2802493,fit
train,2802554,fit
train,2802792,fit
train,2803088,fit
train,2803218,fit
train,2803385,validation
train,2803403,fit
train,2803896,fit
train,2803916,fit
train,2804040,fit
train,2804253,fit
train,2804291,fit
train,2804318,fit
train,2804504,fit
train,2804591,fit
train,2804596,validation
train,2805819,fit
train,2805917,validation
train,2805935,fit
train,2806362,fit
train,2806805,validation
train,2806815,validation
train,2806830,fit
train,2806961,validation
train,2807124,fit
train,2807312,fit
train,2807449,fit
train,2807474,fit
train,2807688,validation
train,2807815,fit
train,2808278,fit
train,2808325,fit
train,2808538,fit
train,2808869,validation
train,2808990,fit
train,2809052,fit
train,2809262,fit
train,2809338,fit
train,2809730,fit
train,2809983,fit
train,2810123,validation
train,2810562,fit
train,2810709,fit
train,2811198,fit
train,2811252,fit
train,2811601,fit
train,2811672,fit
train,2811697,fit
train,2811711,fit
train,2812068,fit
train,2812141,fit
train,2812163,validation
train,2812385,fit
train,2812411,fit
train,2812473,validation
train,2812483,fit
train,2812547,fit
train,2812954,fit
train,2813064,fit
train,2813084,fit
train,2813489,fit
train,2813509,fit
train,2813650,validation
train,2813748,fit
train,2813843,fit
train,2813912,fit
train,2814086,fit
train,2814110,fit
train,2814195,fit
train,2814881,fit
train,2814940,fit
train,2815223,fit
train,2815440,fit
train,2815605,fit
train,2815752,fit
train,2815837,validation
train,2815902,fit
train,2815915,fit
train,2816191,fit
train,2816312,validation
train,2816469,fit
train,2816621,validation
train,2816825,validation
train,2817192,validation
train,2817229,fit
train,2817287,fit
train,2817300,validation
train,2817796,fit
train,2818147,fit
train,2818180,fit
train,2818459,validation
train,2819204,validation
train,2819252,fit
train,2819265,fit
train,2819503,fit
train,2819660,fit
train,2819730,fit
train,2820090,fit
train,2820163,validation
train,2820201,fit
train,2820365,fit
train,2820466,fit
train,2820762,fit
train,2820840,fit
train,2820865,validation
train,2820897,validation
train,2821274,validation
train,2821375,fit
train,2821524,fit
train,2822091,fit
train,2822305,fit
train,2822354,fit
train,2822536,validation
train,2822910,fit
train,2823053,fit
train,2823117,fit
train,2823204,fit
train,2823283,fit
train,2823533,validation
train,2823670,fit
train,2824334,fit
train,2824430,fit
train,2824481,fit
train,2824621,fit
train,2824637,validation
train,2824730,validation
train,2825465,fit
train,2825473,fit
train,2825915,fit
train,2825973,fit
train,2826117,fit
train,2826456,fit
train,2826689,validation
train,2826758,fit
train,2827007,fit
train,2827055,fit
train,2827166,fit
train,2827189,fit
train,2827261,fit
train,2827424,fit
train,2827927,fit
train,2828276,validation
train,2828379,fit
train,2828438,validation
train,2828446,fit
train,2828597,validation
train,2828747,fit
train,2828834,validation
train,2828909,fit
train,2829612,fit
train,2829657,fit
train,2829658,fit
train,2829682,validation
train,2829686,fit
train,2829898,fit
train,2829913,fit
train,2830023,fit
train,2830159,validation
train,2830265,fit
train,2830344,fit
train,2830799,validation
train,2830841,validation
train,2830920,validation
train,2831304,fit
train,2831527,fit
train,2831722,validation
train,2831798,fit
train,2832656,fit
train,2832990,validation
train,2833594,fit
train,2833753,fit
train,2833851,fit
train,2833907,fit
train,2834209,validation
train,2834220,fit
train,2834365,fit
train,2834414,fit
train,2834596,validation
train,2834773,fit
train,2834779,fit
train,2834873,fit
train,2835044,fit
train,2835389,validation
train,2835983,fit
train,2835989,fit
train,2836018,validation
train,2836268,fit
train,2836642,fit
train,2836772,fit
train,2836995,fit
train,2837135,fit
train,2837216,fit
train,2837240,fit
train,2837383,fit
train,2837550,fit
train,2837741,fit
train,2838148,fit
train,2838544,fit
train,2838554,fit
train,2838607,fit
train,2838790,fit
train,2838825,fit
train,2838953,fit
train,2839801,fit
train,2839947,fit
train,2840091,fit
train,2840647,validation
train,2841052,fit
train,2841090,validation
train,2841118,fit
train,2841249,validation
train,2841884,fit
train,2841980,fit
train,2842007,fit
train,2842028,fit
train,2842093,fit
train,2842193,fit
train,2842391,fit
train,2842426,validation
train,2842876,fit
train,2842990,fit
train,2843161,fit
train,2843194,fit
train,2843520,fit
train,2843880,fit
train,2843890,fit
train,2845818,fit
train,2846204,fit
train,2846344,fit
train,2846465,fit
train,2846591,validation
train,2846855,fit
train,2846900,fit
train,2847023,fit
train,2847029,validation
train,2847168,validation
train,2847349,fit
train,2847420,fit
train,2847484,fit
train,2848134,validation
train,2848166,fit
train,2848310,validation
train,2848401,fit
train,2848575,fit
train,2849013,fit
train,2849130,fit
train,2849250,fit
train,2849454,fit
train,2849479,fit
train,2849798,fit
train,2849883,fit
train,2850350,fit
train,2850538,fit
train,2850607,fit
train,2850903,fit
train,2850912,validation
train,2851057,validation
train,2851426,fit
train,2851699,fit
train,2851714,fit
train,2851956,fit
train,2852267,fit
train,2852283,fit
train,2852365,fit
train,2852548,fit
train,2852687,fit
train,2852809,fit
train,2852878,fit
train,2853014,fit
train,2853146,fit
train,2853230,fit
train,2853263,validation
train,2853437,fit
train,2853598,fit
train,2854001,fit
train,2854170,fit
train,2854411,fit
train,2854458,fit
train,2854886,fit
train,2854926,fit
train,2854951,fit
train,2855051,fit
train,2855120,fit
train,2855180,fit
train,2855383,fit
train,2855552,fit
train,2855568,fit
train,2856011,validation
train,2856111,fit
train,2856207,fit
train,2856525,fit
train,2856661,fit
train,2857070,fit
train,2857544,fit
train,2857754,fit
train,2857920,fit
train,2857983,fit
train,2858129,fit
train,2858140,fit
train,2858177,fit
train,2859136,validation
train,2859291,fit
train,2859309,fit
train,2859385,fit
train,2859681,fit
train,2859683,validation
train,2860254,fit
train,2860282,validation
train,2860313,validation
train,2860422,fit
train,2860878,validation
train,2861007,fit
train,2861076,fit
train,2861164,fit
train,2861271,validation
train,2861434,validation
train,2861754,fit
train,2861923,fit
train,2862019,fit
train,2862023,fit
train,2862328,fit
train,2862886,fit
train,2862907,fit
train,2863442,fit
train,2863651,fit
train,2863675,fit
train,2863694,fit
train,2863922,fit
train,2864473,fit
train,2864541,fit
train,2864687,fit
train,2864834,fit
train,2865089,fit
train,2865244,fit
train,2865443,fit
train,2865624,validation
train,2865664,fit
train,2865820,fit
train,2866149,fit
train,2866224,fit
train,2866275,fit
train,2866464,validation
train,2866515,fit
train,2866636,fit
train,2866944,fit
train,2867186,fit
train,2867237,fit
train,2867527,fit
train,2867825,fit
train,2867834,fit
train,2867883,fit
train,2868161,fit
train,2868205,fit
train,2868288,fit
train,2868489,fit
train,2868528,fit
train,2868607,validation
train,2869068,validation
train,2869624,fit
train,2869815,validation
train,2869849,fit
train,2870102,validation
train,2870160,fit
train,2870436,validation
train,2870738,validation
train,2870774,fit
train,2870797,fit
train,2871091,fit
train,2871136,fit
train,2871153,fit
train,2871180,validation
train,2871302,fit
train,2871454,fit
train,2871705,fit
train,2871767,validation
train,2871887,validation
train,2871891,fit
train,2872255,validation
train,2872420,fit
train,2872604,fit
train,2872675,fit
train,2872960,fit
train,2873109,fit
train,2873117,fit
train,2873284,fit
train,2873305,validation
train,2873483,fit
train,2873538,validation
train,2873840,validation
train,2873974,validation
train,2873992,fit
train,2874033,validation
train,2874058,validation
train,2874330,fit
train,2874574,validation
train,2875100,fit
train,2875688,fit
train,2875737,fit
train,2876040,fit
train,2876126,fit
train,2876622,fit
train,2877478,fit
train,2877932,fit
train,2878290,fit
train,2878484,fit
train,2878596,validation
train,2878608,validation
train,2878646,fit
train,2878863,fit
train,2878901,validation
train,2878981,fit
train,2879116,fit
train,2879166,validation
train,2879703,validation
train,2879945,fit
train,2880011,fit
train,2880145,validation
train,2880526,fit
train,2880583,validation
train,2880873,fit
train,2880885,fit
train,2881022,fit
train,2881146,fit
train,2881391,validation
train,2881480,fit
train,2881709,validation
train,2882088,validation
train,2882180,fit
train,2882741,fit
train,2882878,fit
train,2883267,fit
train,2883433,fit
train,2883639,fit
train,2883756,fit
train,2883883,fit
train,2883974,fit
train,2884002,fit
train,2884176,validation
train,2884906,fit
train,2885008,fit
train,2885129,validation
train,2885174,fit
train,2885615,validation
train,2885623,fit
train,2885707,validation
train,2885828,validation
train,2886044,fit
train,2886127,validation
train,2886272,fit
train,2886882,fit
train,2886955,validation
train,2887218,fit
train,2887262,fit
train,2887299,validation
train,2887522,validation
train,2887718,validation
train,2887879,validation
train,2888381,fit
train,2888566,fit
train,2888690,fit
train,2888751,fit
train,2889034,fit
train,2889053,fit
train,2889201,fit
train,2889287,validation
train,2889781,fit
train,2889835,fit
train,2890002,fit
train,2890117,fit
train,2890133,fit
train,2890390,fit
train,2890445,validation
train,2890653,fit
train,2890739,validation
train,2890965,fit
train,2891467,fit
train,2891597,fit
train,2891703,fit
train,2891786,fit
train,2891820,fit
train,2891939,fit
train,2891975,fit
train,2892027,fit
train,2892380,fit
train,2892454,fit
train,2892496,fit
train,2892500,fit
train,2892528,fit
train,2892951,fit
train,2893071,fit
train,2893084,fit
train,2893412,fit
train,2893606,fit
train,2893665,fit
train,2893681,fit
train,2893839,fit
train,2894033,fit
train,2894038,fit
train,2894054,fit
train,2894159,validation
train,2894371,fit
train,2895062,fit
train,2895198,validation
train,2895237,fit
train,2895243,fit
train,2895262,fit
train,2895380,fit
train,2895426,fit
train,2895465,fit
train,2895481,fit
train,2895668,fit
train,2895718,fit
train,2896104,fit
train,2896185,validation
train,2896346,fit
train,2896410,fit
train,2896534,validation
train,2896767,fit
train,2896883,validation
train,2897070,fit
train,2897190,fit
train,2897279,fit
train,2897526,fit
train,2897539,validation
train,2897581,validation
train,2897871,fit
train,2897888,fit
train,2897902,fit
train,2897965,fit
train,2898000,fit
train,2898021,validation
train,2898276,validation
train,2898336,fit
train,2898558,fit
train,2898572,fit
train,2898832,validation
train,2898945,validation
train,2898974,fit
train,2898994,fit
train,2899049,fit
train,2899199,validation
train,2899235,fit
train,2899552,fit
train,2900095,fit
train,2900159,fit
train,2900231,validation
train,2900370,validation
train,2900461,fit
train,2900474,validation
train,2900588,fit
train,2900678,fit
train,2900679,fit
train,2900682,fit
train,2900844,validation
train,2901025,fit
train,2901152,fit
train,2901214,fit
train,2901307,validation
train,2901350,fit
train,2901370,fit
train,2901840,fit
train,2902227,fit
train,2902606,fit
train,2902649,fit
train,2902682,fit
train,2903363,fit
train,2903404,fit
train,2903417,fit
train,2903539,fit
train,2903671,fit
train,2903919,fit
train,2904245,fit
train,2904326,fit
train,2904566,fit
train,2905222,fit
train,2905343,fit
train,2905348,validation
train,2905823,fit
train,2906071,fit
train,2906157,fit
train,2906536,fit
train,2906575,fit
train,2906591,validation
train,2906601,fit
train,2906943,validation
train,2907052,validation
train,2907102,fit
train,2907120,fit
train,2907309,fit
train,2907398,fit
train,2907866,validation
train,2907931,fit
train,2907941,fit
train,2908166,fit
train,2908715,fit
train,2909468,fit
train,2909549,fit
train,2909861,fit
train,2910182,fit
train,2910434,validation
train,2910734,fit
train,2911061,fit
train,2911243,fit
train,2911275,validation
train,2911401,fit
train,2911519,fit
train,2911630,fit
train,2911878,fit
train,2911966,validation
train,2912075,fit
train,2912113,fit
train,2912143,fit
train,2912410,fit
train,2912449,fit
train,2912479,fit
train,2912643,fit
train,2912791,fit
train,2913000,fit
train,2913229,fit
train,2913662,fit
train,2913978,fit
train,2914052,fit
train,2914261,fit
train,2914308,fit
train,2914462,fit
train,2914809,validation
train,2914985,fit
train,2915056,fit
train,2915103,fit
train,2915173,validation
train,2915212,fit
train,2915383,fit
train,2915789,fit
train,2915805,fit
train,2915949,fit
train,2916261,fit
train,2916275,fit
train,2916710,fit
train,2916788,validation
train,2916864,fit
train,2916931,fit
train,2916994,fit
train,2917043,fit
train,2917976,fit
train,2918352,fit
train,2918376,fit
train,2918775,fit
train,2918856,fit
train,2918909,validation
train,2919076,validation
train,2919251,fit
train,2919345,fit
train,2919369,fit
train,2919411,fit
train,2919580,validation
train,2919616,fit
train,2919663,fit
train,2920467,fit
train,2921426,fit
train,2921771,fit
train,2922414,fit
train,2922559,validation
train,2922776,fit
train,2922822,validation
train,2923285,fit
train,2923340,fit
train,2923624,fit
train,2923794,fit
train,2924306,validation
train,2924518,fit
train,2924735,validation
train,2924963,fit
train,2925117,fit
train,2925453,fit
train,2925644,fit
train,2925742,fit
train,2925856,fit
train,2925868,fit
train,2926079,fit
train,2926300,fit
train,2926364,fit
train,2926680,fit
train,2926820,fit
train,2926869,fit
train,2927228,fit
train,2927412,fit
train,2927472,fit
train,2927580,fit
train,2927690,validation
train,2927705,fit
train,2928206,fit
train,2928458,fit
train,2928740,fit
train,2928918,fit
train,2929061,fit
train,2929105,validation
train,2929250,fit
train,2929315,fit
train,2929316,fit
train,2929373,fit
train,2929407,fit
train,2929417,validation
train,2929487,fit
train,2929508,fit
train,2929514,validation
train,2929633,fit
train,2930062,fit
train,2930473,validation
train,2930678,fit
train,2930878,fit
train,2930955,fit
train,2930970,validation
train,2930996,fit
train,2931008,fit
train,2931140,fit
train,2931235,validation
train,2931331,fit
train,2931741,validation
train,2931938,fit
train,2932845,fit
train,2933020,fit
train,2933255,fit
train,2933292,fit
train,2933497,validation
train,2933536,fit
train,2933540,fit
train,2933776,fit
train,2934033,fit
train,2934534,validation
train,2934731,fit
train,2934802,fit
train,2934927,fit
train,2935071,fit
train,2935227,fit
train,2936706,fit
train,2936727,fit
train,2936753,fit
train,2937008,fit
train,2937159,validation
train,2937255,fit
train,2937484,validation
train,2937491,fit
train,2938106,fit
train,2938216,fit
train,2938339,fit
train,2938647,fit
train,2938746,fit
train,2939428,fit
train,2939447,fit
train,2939492,validation
train,2939499,fit
train,2939719,fit
train,2939844,validation
train,2939917,fit
train,2940505,fit
train,2940509,fit
train,2940552,validation
train,2940939,fit
train,2941153,fit
train,2941383,fit
train,2941470,validation
train,2941504,fit
train,2941607,validation
train,2941615,fit
train,2941639,validation
train,2941672,validation
train,2942193,fit
train,2942348,fit
train,2942500,fit
train,2942871,fit
train,2943188,fit
train,2943550,fit
train,2943562,fit
train,2943670,fit
train,2943977,fit
train,2944198,validation
train,2944314,fit
train,2944689,fit
train,2944957,fit
train,2945003,validation
train,2945149,fit
train,2945338,fit
train,2945501,fit
train,2945843,validation
train,2945860,fit
train,2946038,fit
train,2946042,fit
train,2946078,fit
train,2946220,fit
train,2946297,fit
train,2946545,fit
train,2946683,fit
train,2946842,fit
train,2946912,validation
train,2946922,fit
train,2946943,fit
train,2947199,fit
train,2947226,validation
train,2947229,fit
train,2947255,fit
train,2947395,fit
train,2947414,fit
train,2947451,fit
train,2947565,validation
train,2948015,fit
train,2948116,fit
train,2948286,fit
train,2948357,fit
train,2948457,fit
train,2948503,fit
train,2948742,fit
train,2948746,fit
train,2949006,fit
train,2949281,fit
train,2949940,fit
train,2950053,fit
train,2950521,fit
train,2950933,fit
train,2951016,fit
train,2951161,validation
train,2951228,fit
train,2951995,fit
train,2952339,fit
train,2952587,fit
train,2952715,fit
train,2952763,fit
train,2952797,fit
train,2952996,fit
train,2953082,fit
train,2953324,fit
train,2953474,validation
train,2953888,validation
train,2954063,fit
train,2954079,validation
train,2954175,fit
train,2954259,fit
train,2954405,validation
train,2954644,fit
train,2954810,fit
train,2955037,fit
train,2955086,fit
train,2955237,fit
train,2955291,validation
train,2955505,fit
train,2955622,validation
train,2955635,fit
train,2956258,fit
train,2956340,fit
train,2956446,fit
train,2956478,fit
train,2956482,validation
train,2956584,fit
train,2956706,fit
train,2956716,validation
train,2956809,fit
train,2956968,fit
train,2956982,fit
train,2957111,fit
train,2957120,fit
train,2957136,fit
train,2957396,fit
train,2957483,fit
train,2957644,validation
train,2957875,fit
train,2957922,fit
train,2958123,fit
train,2958141,validation
train,2958212,fit
train,2958250,fit
train,2958841,fit
train,2959102,validation
train,2959361,fit
train,2959423,fit
train,2959446,fit
train,2959591,validation
train,2959593,fit
train,2959671,fit
train,2959845,fit
train,2960184,fit
train,2960236,fit
train,2961019,fit
train,2961067,fit
train,2961068,validation
train,2961291,validation
train,2962103,fit
train,2962127,validation
train,2962206,validation
train,2962208,fit
train,2962218,validation
train,2962310,fit
train,2962364,fit
train,2962407,fit
train,2962516,fit
train,2962542,fit
train,2962630,fit
train,2962743,fit
train,2962772,fit
train,2962795,fit
train,2963004,validation
train,2963208,validation
train,2963216,validation
train,2963349,fit
train,2963375,fit
train,2963418,fit
train,2963430,fit
train,2963472,validation
train,2963531,fit
train,2963646,fit
train,2963713,fit
train,2963884,fit
train,2964062,fit
train,2964122,validation
train,2964234,validation
train,2964251,validation
train,2964687,fit
train,2964900,fit
train,2965497,validation
train,2965692,fit
train,2965781,validation
train,2966541,fit
train,2966691,validation
train,2966974,fit
train,2967059,fit
train,2967192,validation
train,2967333,validation
train,2967377,fit
train,2968198,fit
train,2968599,validation
train,2968903,fit
train,2969315,validation
train,2969483,fit
train,2969735,fit
train,2969847,fit
train,2970181,fit
train,2970366,validation
train,2970552,fit
train,2970617,fit
train,2970804,fit
train,2971002,fit
train,2971131,fit
train,2971189,validation
train,2971231,validation
train,2971307,fit
train,2971387,fit
train,2971402,fit
train,2971457,fit
train,2971630,fit
train,2971784,fit
train,2971853,fit
train,2971950,fit
train,2972436,fit
train,2972499,fit
train,2972655,fit
train,2972768,fit
train,2973181,fit
train,2973443,fit
train,2973776,fit
train,2973837,fit
train,2974276,fit
train,2974326,validation
train,2974346,fit
train,2974487,fit
train,2974507,fit
train,2974607,fit
train,2974855,fit
train,2974889,fit
train,2975034,validation
train,2975283,fit
train,2975580,fit
train,2976092,fit
train,2976196,fit
train,2976199,fit
train,2976226,fit
train,2976499,fit
train,2976921,fit
train,2977492,fit
train,2977493,fit
train,2977765,fit
train,2978049,validation
train,2978270,validation
train,2978288,fit
train,2978365,fit
train,2978584,fit
train,2978646,fit
train,2978749,validation
train,2979084,fit
train,2979204,fit
train,2979282,fit
train,2979362,fit
train,2979504,fit
train,2979787,fit
train,2979823,fit
train,2979919,fit
train,2980346,fit
train,2980404,validation
train,2980521,fit
train,2980587,fit
train,2980605,fit
train,2980832,fit
train,2980875,fit
train,2980911,fit
train,2980981,fit
train,2981423,fit
train,2981619,fit
train,2981727,validation
train,2982258,fit
train,2982426,fit
train,2982829,fit
train,2982837,fit
train,2982874,fit
train,2982881,fit
train,2983133,validation
train,2983175,fit
train,2983342,fit
train,2983359,fit
train,2983491,fit
train,2983656,fit
train,2983765,fit
train,2983937,fit
train,2984182,fit
train,2984422,fit
train,2984492,fit
train,2984690,fit
train,2984913,fit
train,2984977,fit
train,2985184,fit
train,2985223,fit
train,2985529,validation
train,2985543,fit
train,2985544,fit
train,2985546,fit
train,2985655,fit
train,2985725,fit
train,2986078,fit
train,2986100,fit
train,2986148,fit
train,2986235,fit
train,2986968,fit
train,2987072,fit
train,2987408,fit
train,2987752,fit
train,2987819,fit
train,2987979,fit
train,2988155,fit
train,2988512,validation
train,2988539,validation
train,2988587,fit
train,2988784,fit
train,2988802,validation
train,2989087,fit
train,2989176,fit
train,2989227,fit
train,2989267,fit
train,2989300,fit
train,2989422,fit
train,2989455,validation
train,2989639,fit
train,2989854,fit
train,2989867,validation
train,2989886,fit
train,2989927,fit
train,2989944,fit
train,2990242,validation
train,2990421,fit
train,2990436,fit
train,2990484,validation
train,2990599,fit
train,2990728,validation
train,2990954,validation
train,2990995,fit
train,2991045,fit
train,2991520,fit
train,2991524,fit
train,2991735,fit
train,2991913,validation
train,2991918,fit
train,2991987,fit
train,2992241,fit
train,2992743,fit
train,2992787,fit
train,2992833,fit
train,2993020,fit
train,2993140,fit
train,2993187,fit
train,2993255,fit
train,2993326,fit
train,2993970,validation
train,2993995,validation
train,2994088,validation
train,2994728,validation
train,2995099,fit
train,2995194,fit
train,2995267,fit
train,2995450,fit
train,2996053,fit
train,2996111,fit
train,2996159,fit
train,2996164,fit
train,2996345,fit
train,2996511,fit
train,2996525,fit
train,2997002,fit
train,2997308,fit
train,2997435,fit
train,2997861,validation
train,2997871,fit
train,2997991,fit
train,2998324,fit
train,2998383,fit
train,2998440,fit
train,2998462,fit
train,2998823,fit
train,2999026,fit
train,2999040,fit
train,2999253,fit
train,2999470,validation
train,2999669,fit
train,2999760,fit
train,3000063,fit
train,3000213,fit
train,3000293,fit
train,3000333,fit
train,3000373,validation
train,3000424,fit
train,3000494,fit
train,3000816,validation
train,3001586,fit
train,3001691,fit
train,3001897,validation
train,3001991,fit
train,3002020,fit
train,3002083,fit
train,3002329,fit
train,3002556,fit
train,3002594,fit
train,3002953,fit
train,3003355,fit
train,3003550,fit
train,3003586,fit
train,3003688,fit
train,3003737,fit
train,3004173,fit
train,3004267,fit
train,3004294,fit
train,3004471,validation
train,3004803,fit
train,3005363,fit
train,3005646,fit
train,3006021,fit
train,3006217,fit
train,3006230,fit
train,3006292,fit
train,3006357,validation
train,3006495,fit
train,3006509,fit
train,3006539,fit
train,3006595,validation
train,3006628,fit
train,3006647,validation
train,3006683,validation
train,3006716,fit
train,3006743,fit
train,3006976,fit
train,3007160,fit
train,3007178,fit
train,3007320,fit
train,3007341,fit
train,3007353,fit
train,3007493,fit
train,3007744,fit
train,3007946,validation
train,3008094,validation
train,3008136,fit
train,3008308,fit
train,3008888,fit
train,3009090,fit
train,3009238,fit
train,3009294,validation
train,3009304,fit
train,3009630,validation
train,3010214,fit
train,3010267,validation
train,3010314,fit
train,3010385,fit
train,3010538,fit
train,3010663,fit
train,3010682,fit
train,3010859,fit
train,3010900,fit
train,3010951,fit
train,3011564,fit
train,3011689,validation
train,3011778,fit
train,3012013,fit
train,3012723,validation
train,3013013,fit
train,3013172,fit
train,3013219,fit
train,3013280,fit
train,3013509,fit
train,3013677,fit
train,3013921,fit
train,3013934,fit
train,3014017,fit
train,3014221,fit
train,3014237,fit
train,3014274,fit
train,3014287,fit
train,3014363,fit
train,3014445,validation
train,3014509,fit
train,3014941,fit
train,3015631,validation
train,3015769,fit
train,3015886,fit
train,3016004,fit
train,3016010,fit
train,3017016,validation
train,3017054,fit
train,3017329,validation
train,3017526,fit
train,3017570,fit
train,3017605,fit
train,3018249,fit
train,3018399,validation
train,3019049,fit
train,3019407,fit
train,3019617,fit
train,3019892,fit
train,3019917,validation
train,3020372,fit
train,3020596,fit
train,3020645,fit
train,3021443,fit
train,3021554,validation
train,3021556,fit
train,3021632,fit
train,3021673,fit
train,3022142,fit
train,3022194,fit
train,3022226,fit
train,3022337,fit
train,3022518,fit
train,3022604,fit
train,3022786,fit
train,3023472,fit
train,3023534,fit
train,3023558,validation
train,3023571,validation
train,3023734,fit
train,3023787,fit
train,3023800,fit
train,3023979,validation
train,3024315,fit
train,3024834,fit
train,3024850,fit
train,3024890,fit
train,3025185,fit
train,3025253,fit
train,3025414,fit
train,3025470,validation
train,3025690,fit
train,3025890,fit
train,3026155,fit
train,3026174,fit
train,3026374,fit
train,3026517,validation
train,3026542,validation
train,3026766,fit
train,3027010,fit
train,3027260,fit
train,3027457,fit
train,3027632,fit
train,3027661,fit
train,3027938,fit
train,3027990,validation
train,3028003,fit
train,3028018,fit
train,3028106,fit
train,3028108,fit
train,3028182,fit
train,3028279,fit
train,3028861,fit
train,3029237,fit
train,3029320,fit
train,3029494,fit
train,3029592,fit
train,3030169,validation
train,3030283,fit
train,3030290,fit
train,3030522,fit
train,3030830,fit
train,3030860,fit
train,3030931,validation
train,3031064,fit
train,3031171,validation
train,3031197,fit
train,3031309,validation
train,3031474,fit
train,3031656,fit
train,3031835,fit
train,3031850,validation
train,3032209,fit
train,3032211,validation
train,3032386,fit
train,3032515,fit
train,3032602,fit
train,3032866,fit
train,3033410,validation
train,3033441,validation
train,3033639,validation
train,3033669,fit
train,3033907,validation
train,3034046,fit
train,3034107,fit
train,3034285,fit
train,3034839,fit
train,3035199,fit
train,3035206,validation
train,3035244,fit
train,3035331,fit
train,3035341,fit
train,3035351,fit
train,3035638,fit
train,3035861,validation
train,3036254,fit
train,3036481,fit
train,3036529,fit
train,3036599,fit
train,3036774,validation
train,3036901,fit
train,3037040,fit
train,3037104,validation
train,3037289,fit
train,3037394,fit
train,3037446,fit
train,3037524,fit
train,3037631,fit
train,3037649,fit
train,3037984,fit
train,3038303,fit
train,3038375,fit
train,3038666,fit
train,3038928,fit
train,3039002,fit
train,3039208,fit
train,3039296,fit
train,3039298,validation
train,3039561,fit
train,3039801,fit
train,3040073,fit
train,3040301,fit
train,3040535,fit
train,3040641,fit
train,3041092,fit
train,3041134,fit
train,3042156,fit
train,3042299,fit
train,3042319,fit
train,3042477,fit
train,3043009,fit
train,3043013,fit
train,3043249,fit
train,3043478,fit
train,3043723,fit
train,3043908,validation
train,3043961,fit
train,3043975,validation
train,3043979,fit
train,3044287,fit
train,3044360,validation
train,3044522,fit
train,3044573,fit
train,3044598,fit
train,3044766,fit
train,3044949,fit
train,3045017,validation
train,3045631,fit
train,3045922,fit
train,3045985,fit
train,3046024,validation
train,3046567,fit
train,3047081,validation
train,3047086,validation
train,3047190,fit
train,3047284,fit
train,3047827,fit
train,3048034,fit
train,3048136,fit
train,3048187,fit
train,3048253,validation
train,3048508,fit
train,3048825,fit
train,3048848,fit
train,3048916,fit
train,3049193,validation
train,3049466,fit
train,3049539,validation
train,3049570,fit
train,3049644,validation
train,3049681,fit
train,3050084,fit
train,3050164,fit
train,3050530,fit
train,3050818,fit
train,3050942,fit
train,3051031,fit
train,3051347,fit
train,3051423,fit
train,3051443,fit
train,3051649,fit
train,3051768,fit
train,3051930,fit
train,3051956,fit
train,3051965,fit
train,3051972,fit
train,3052000,validation
train,3052296,validation
train,3052388,fit
train,3052430,validation
train,3052747,validation
train,3053142,fit
train,3053185,fit
train,3053209,fit
train,3053222,fit
train,3053259,fit
train,3053342,validation
train,3053611,fit
train,3053684,fit
train,3053908,fit
train,3054048,fit
train,3054274,fit
train,3054593,fit
train,3054596,fit
train,3054727,fit
train,3055106,validation
train,3055282,fit
train,3055329,fit
train,3055569,fit
train,3055716,validation
train,3055739,validation
train,3055791,fit
train,3055794,fit
train,3056420,fit
train,3056508,fit
train,3057023,fit
train,3057142,validation
train,3057276,fit
train,3057463,fit
train,3057581,fit
train,3057627,fit
train,3057661,fit
train,3057926,fit
train,3057949,validation
train,3058088,fit
train,3058291,validation
train,3058657,validation
train,3058826,fit
train,3059086,fit
train,3059135,fit
train,3059143,fit
train,3059300,validation
train,3059303,fit
train,3059440,fit
train,3059530,fit
train,3059741,fit
train,3059848,fit
train,3060084,fit
train,3060191,fit
train,3060256,validation
train,3060285,validation
train,3060530,fit
train,3060545,fit
train,3060685,fit
train,3060808,validation
train,3060980,validation
train,3061145,fit
train,3061170,validation
train,3061382,fit
train,3061390,fit
train,3061727,fit
train,3062113,fit
train,3062436,fit
train,3062459,fit
train,3062843,fit
train,3062959,validation
train,3063187,fit
train,3063370,fit
train,3063550,fit
train,3063785,validation
train,3063811,fit
train,3063987,fit
train,3064188,validation
train,3064203,fit
train,3064417,validation
train,3064572,validation
train,3064589,validation
train,3064650,validation
train,3064747,fit
train,3064849,fit
train,3064886,validation
train,3065175,fit
train,3065298,fit
train,3065300,fit
train,3065340,fit
train,3065774,fit
train,3065920,fit
train,3066623,validation
train,3066631,fit
train,3066960,fit
train,3067147,fit
train,3067189,fit
train,3067317,fit
train,3067343,fit
train,3067404,fit
train,3067776,validation
train,3067811,fit
train,3067839,fit
train,3067878,fit
train,3068155,fit
train,3068165,fit
train,3068337,fit
train,3068369,fit
train,3068474,fit
train,3068535,fit
train,3068552,fit
train,3068725,validation
train,3068975,fit
train,3069635,fit
train,3069677,fit
train,3069810,fit
train,3069873,fit
train,3070060,fit
train,3070120,fit
train,3070226,validation
train,3070288,fit
train,3070355,fit
train,3070503,fit
train,3070674,fit
train,3070705,fit
train,3071030,fit
train,3071177,fit
train,3071427,fit
train,3071530,fit
train,3071557,fit
train,3071946,fit
train,3071964,fit
train,3072096,fit
train,3072293,fit
train,3072368,fit
train,3072406,fit
train,3072629,fit
train,3072717,fit
train,3072866,fit
train,3073047,fit
train,3073132,validation
train,3073408,fit
train,3073629,validation
train,3073649,fit
train,3073674,validation
train,3073724,fit
train,3073902,fit
train,3073981,fit
train,3074042,validation
train,3074226,validation
train,3074405,fit
train,3074767,validation
train,3075385,fit
train,3075913,fit
train,3076318,validation
train,3076607,validation
train,3076646,fit
train,3076765,fit
train,3077196,fit
train,3077330,fit
train,3077393,validation
train,3077405,fit
train,3078058,fit
train,3078279,fit
train,3078457,fit
train,3078482,fit
train,3078534,fit
train,3078746,validation
train,3078796,validation
train,3079036,fit
train,3079059,fit
train,3079364,validation
train,3079506,fit
train,3079649,fit
train,3080117,fit
train,3080227,validation
train,3080604,fit
train,3080669,fit
train,3080680,fit
train,3080734,fit
train,3081409,fit
train,3081412,validation
train,3081474,fit
train,3081487,fit
train,3081663,fit
train,3081878,validation
train,3081974,fit
train,3082291,fit
train,3082522,fit
train,3082728,fit
train,3082845,fit
train,3082942,fit
train,3082962,fit
train,3083075,fit
train,3083165,fit
train,3083247,fit
train,3083569,fit
train,3083807,validation
train,3084563,fit
train,3084589,validation
train,3084738,fit
train,3084848,validation
train,3084944,fit
train,3085046,validation
train,3085047,fit
train,3085111,fit
train,3085153,fit
train,3085206,fit
train,3085672,validation
train,3085867,fit
train,3086323,fit
train,3086355,fit
train,3086458,fit
train,3086549,fit
train,3087496,fit
train,3088072,fit
train,3088156,fit
train,3088195,fit
train,3088766,fit
train,3089001,validation
train,3089265,fit
train,3089324,fit
train,3089599,fit
train,3089907,validation
train,3091305,fit
train,3091319,fit
train,3091348,fit
train,3091360,fit
train,3091816,fit
train,3092190,fit
train,3092276,fit
train,3092297,fit
train,3092634,fit
train,3092674,fit
train,3092951,fit
train,3093137,fit
train,3093173,fit
train,3093229,fit
train,3093362,fit
train,3093906,fit
train,3094070,fit
train,3094078,validation
train,3094799,fit
train,3094957,fit
train,3095049,fit
train,3095078,fit
train,3095114,fit
train,3095596,validation
train,3095611,validation
train,3095773,fit
train,3095828,fit
train,3095971,fit
train,3096533,validation
train,3096765,fit
train,3096869,fit
train,3096878,fit
train,3097147,fit
train,3097230,fit
train,3097366,fit
train,3097622,fit
train,3097648,fit
train,3097804,fit
train,3097863,validation
train,3098052,validation
train,3098111,fit
train,3098140,fit
train,3098849,fit
train,3098996,fit
train,3099298,fit
train,3099482,fit
train,3099753,fit
train,3099968,fit
train,3100399,validation
train,3100503,fit
train,3100561,fit
train,3100569,fit
train,3100688,fit
train,3100813,fit
train,3100855,fit
train,3101389,validation
train,3101551,fit
train,3101593,fit
train,3101631,validation
train,3101737,fit
train,3101795,fit
train,3102212,fit
train,3102219,validation
train,3102430,fit
train,3102534,fit
train,3102717,fit
train,3102768,fit
train,3102912,fit
train,3103258,fit
train,3103577,validation
train,3103652,validation
train,3103749,fit
train,3104063,fit
train,3104411,fit
train,3104579,validation
train,3104639,fit
train,3104653,fit
train,3104707,fit
train,3104817,fit
train,3105642,fit
train,3105964,fit
train,3106104,fit
train,3106535,fit
train,3106565,validation
train,3107877,fit
train,3108185,validation
train,3108235,validation
train,3108534,fit
train,3108601,fit
train,3109353,validation
train,3109416,validation
train,3109521,fit
train,3109942,validation
train,3109949,validation
train,3109999,fit
train,3110203,fit
train,3110247,validation
train,3110379,fit
train,3110397,validation
train,3110469,fit
train,3110495,validation
train,3110599,fit
train,3110616,validation
train,3110724,fit
train,3110913,validation
train,3110958,fit
train,3111194,fit
train,3111245,validation
train,3111463,fit
train,3111464,fit
train,3111745,fit
train,3111966,fit
train,3112287,fit
train,3112478,fit
train,3112609,fit
train,3112879,fit
train,3113084,fit
train,3113095,fit
train,3113344,fit
train,3113720,fit
train,3113756,validation
train,3114056,validation
train,3114314,fit
train,3114336,fit
train,3114437,fit
train,3114679,fit
train,3115127,fit
train,3115266,validation
train,3116280,fit
train,3116377,fit
train,3117108,validation
train,3117144,fit
train,3117457,fit
train,3117517,fit
train,3117599,fit
train,3117885,validation
train,3117953,fit
train,3118052,fit
train,3118151,fit
train,3118154,fit
train,3118518,validation
train,3118706,fit
train,3118723,fit
train,3118814,fit
train,3119343,fit
train,3119467,fit
train,3119748,fit
train,3119909,fit
train,3120128,fit
train,3120309,fit
train,3120332,fit
train,3120356,fit
train,3120499,fit
train,3120667,fit
train,3120735,fit
train,3121003,fit
train,3121606,fit
train,3121653,fit
train,3121656,fit
train,3122311,fit
train,3122381,fit
train,3122705,fit
train,3123089,fit
train,3123287,validation
train,3123456,fit
train,3123592,fit
train,3123765,fit
train,3123876,fit
train,3124059,fit
train,3124076,fit
train,3124107,fit
train,3124156,validation
train,3124178,fit
train,3124477,fit
train,3124516,fit
train,3124592,fit
train,3124780,fit
train,3124872,fit
train,3125782,fit
train,3125824,fit
train,3126119,fit
train,3126406,fit
train,3126503,fit
train,3126618,fit
train,3127161,fit
train,3127518,validation
train,3127650,fit
train,3127673,fit
train,3127762,validation
train,3127797,validation
train,3127919,validation
train,3127958,fit
train,3128104,validation
train,3128143,fit
train,3128348,fit
train,3128607,fit
train,3128743,fit
train,3128841,fit
train,3128882,fit
train,3129052,fit
train,3129065,fit
train,3129230,fit
train,3129454,fit
train,3129611,fit
train,3129637,fit
train,3129662,fit
train,3129994,fit
train,3129996,fit
train,3130005,fit
train,3130713,validation
train,3130854,validation
train,3131476,fit
train,3131574,fit
train,3131781,fit
train,3132166,validation
train,3132184,fit
train,3132389,fit
train,3132481,validation
train,3132825,validation
train,3133003,fit
train,3133175,fit
train,3133337,fit
train,3133386,fit
train,3133541,fit
train,3133825,validation
train,3133903,fit
train,3134270,fit
train,3134277,fit
train,3134546,fit
train,3134691,fit
train,3134816,fit
train,3135079,fit
train,3135361,fit
train,3135684,fit
train,3135720,validation
train,3135732,fit
train,3135833,fit
train,3135857,fit
train,3136352,validation
train,3136366,fit
train,3137020,fit
train,3137256,fit
train,3137287,fit
train,3137889,fit
train,3138044,fit
train,3138262,fit
train,3138550,validation
train,3138870,fit
train,3138906,fit
train,3139177,validation
train,3139213,validation
train,3139648,validation
train,3139701,validation
train,3139839,fit
train,3140065,fit
train,3140239,fit
train,3140402,fit
train,3140769,fit
train,3140918,fit
train,3141038,validation
train,3141163,fit
train,3141329,fit
train,3141433,fit
train,3141549,fit
train,3142071,fit
train,3142101,fit
train,3142136,fit
train,3142441,fit
train,3142847,fit
train,3143136,fit
train,3143250,fit
train,3143298,fit
train,3143468,fit
train,3143549,validation
train,3143607,fit
train,3143682,fit
train,3143780,fit
train,3143885,validation
train,3143886,fit
train,3144054,fit
train,3144186,fit
train,3144764,fit
train,3144773,fit
train,3145084,fit
train,3145220,fit
train,3145222,fit
train,3145247,validation
train,3145375,fit
train,3145603,fit
train,3145773,validation
train,3145805,fit
train,3145850,fit
train,3145955,fit
train,3146022,fit
train,3146136,fit
train,3146430,fit
train,3146569,fit
train,3146786,fit
train,3146983,fit
train,3147055,fit
train,3147251,fit
train,3147389,fit
train,3147486,fit
train,3147862,fit
train,3147932,fit
train,3148207,fit
train,3148328,fit
train,3148996,validation
train,3149275,fit
train,3149312,fit
train,3149432,validation
train,3149655,fit
train,3149782,fit
train,3150076,fit
train,3150214,fit
train,3150459,fit
train,3150536,fit
train,3150912,validation
train,3151043,fit
train,3151063,validation
train,3151173,fit
train,3151238,fit
train,3151278,fit
train,3151452,fit
train,3151455,validation
train,3151480,fit
train,3151552,validation
train,3151578,fit
train,3151624,fit
train,3151776,validation
train,3151801,fit
train,3151851,fit
train,3151943,fit
train,3152146,fit
train,3152528,fit
train,3152596,fit
train,3152690,fit
train,3152703,fit
train,3152707,fit
train,3152774,fit
train,3152877,validation
train,3152918,fit
train,3153578,validation
train,3153793,validation
train,3154166,fit
train,3154535,fit
train,3154897,fit
train,3154902,validation
train,3154989,fit
train,3155347,fit
train,3155421,fit
train,3155444,fit
train,3155651,fit
train,3155714,fit
train,3156003,fit
train,3156087,fit
train,3156100,fit
train,3156229,fit
train,3156285,fit
train,3156661,fit
train,3156803,fit
train,3157007,fit
train,3157019,fit
train,3157087,fit
train,3157099,validation
train,3157231,fit
train,3157291,fit
train,3157545,fit
train,3157586,fit
train,3157724,validation
train,3157826,fit
train,3157831,fit
train,3157872,fit
train,3158005,fit
train,3158469,fit
train,3158862,fit
train,3159156,fit
train,3159160,fit
train,3159696,fit
train,3159698,fit
train,3159992,fit
train,3160240,fit
train,3161275,fit
train,3161437,fit
train,3161469,validation
train,3161500,fit
train,3161644,validation
train,3161762,fit
train,3162416,fit
train,3162482,fit
train,3162486,fit
train,3162570,fit
train,3162625,validation
train,3162676,fit
train,3162795,validation
train,3163401,fit
train,3163521,fit
train,3163566,validation
train,3163596,fit
train,3163681,fit
train,3163704,fit
train,3163803,fit
train,3163907,fit
train,3163912,fit
train,3164227,fit
train,3164275,fit
train,3164323,fit
train,3164345,validation
train,3165315,fit
train,3165366,validation
train,3165668,validation
train,3165799,validation
train,3165894,fit
train,3166069,fit
train,3167386,fit
train,3167412,fit
train,3167566,fit
train,3167688,fit
train,3167728,fit
train,3168292,fit
train,3168487,validation
train,3168625,fit
train,3168850,fit
train,3169093,fit
train,3169141,fit
train,3169153,validation
train,3169257,fit
train,3169323,fit
train,3169492,validation
train,3169517,fit
train,3169537,validation
train,3169964,fit
train,3170067,fit
train,3170154,fit
train,3170234,fit
train,3170245,fit
train,3170402,fit
train,3170520,fit
train,3170642,fit
train,3170908,fit
train,3170983,validation
train,3171033,fit
train,3171082,fit
train,3171095,fit
train,3171388,fit
train,3171526,fit
train,3172068,validation
train,3172070,validation
train,3172199,fit
train,3172202,validation
train,3172248,fit
train,3172403,fit
train,3172445,validation
train,3172593,fit
train,3172772,fit
train,3172815,fit
train,3172877,fit
train,3173062,validation
train,3173371,fit
train,3173379,fit
train,3173553,fit
train,3173562,fit
train,3173847,fit
train,3173892,fit
train,3174447,fit
train,3174670,fit
train,3174707,fit
train,3174889,validation
train,3174979,fit
train,3175115,fit
train,3175187,fit
train,3175511,validation
train,3175576,validation
train,3175691,fit
train,3176011,validation
train,3176035,fit
train,3176340,validation
train,3176377,fit
train,3176396,validation
train,3176456,fit
train,3176578,fit
train,3176701,fit
train,3176900,fit
train,3177410,fit
train,3177555,fit
train,3177788,fit
train,3177867,fit
train,3178291,validation
train,3179094,fit
train,3179217,validation
train,3179394,fit
train,3179581,validation
train,3179603,fit
train,3180707,fit
train,3180885,fit
train,3180969,fit
train,3181014,fit
train,3181098,fit
train,3181134,fit
train,3181186,fit
train,3181211,validation
train,3181222,fit
train,3181470,fit
train,3181485,fit
train,3181497,fit
train,3181884,fit
train,3182037,fit
train,3182139,fit
train,3182160,fit
train,3182313,fit
train,3182326,validation
train,3182334,fit
train,3182498,fit
train,3182753,fit
train,3183152,fit
train,3183297,fit
train,3183540,fit
train,3183774,fit
train,3184267,fit
train,3184377,fit
train,3184543,fit
train,3184781,fit
train,3184933,fit
train,3185005,fit
train,3185248,fit
train,3185431,fit
train,3185498,fit
train,3185504,fit
train,3185543,validation
train,3185560,fit
train,3185586,validation
train,3185630,fit
train,3185937,fit
train,3186204,fit
train,3186328,fit
train,3186585,fit
train,3186716,fit
train,3186721,fit
train,3186738,fit
train,3186775,fit
train,3186868,validation
train,3186927,fit
train,3186967,fit
train,3187032,fit
train,3187043,validation
train,3187368,fit
train,3187465,fit
train,3187481,fit
train,3187681,fit
train,3187748,validation
train,3187943,fit
train,3188094,fit
train,3188403,fit
train,3188817,fit
train,3189003,fit
train,3189163,fit
train,3189176,fit
train,3189279,fit
train,3189359,validation
train,3189455,fit
train,3189533,fit
train,3189581,fit
train,3189634,fit
train,3189840,fit
train,3189879,fit
train,3190279,fit
train,3190441,fit
train,3190521,fit
train,3191162,fit
train,3191246,fit
train,3191639,fit
train,3192108,fit
train,3192134,fit
train,3192190,fit
train,3192377,fit
train,3192404,fit
train,3192412,fit
train,3192509,fit
train,3192575,fit
train,3192630,validation
train,3192754,fit
train,3192789,fit
train,3192822,fit
train,3192955,fit
train,3193163,fit
train,3193235,fit
train,3193295,fit
train,3193419,validation
train,3193553,fit
train,3194015,fit
train,3194024,fit
train,3194252,fit
train,3194374,fit
train,3194510,fit
train,3194546,validation
train,3194859,fit
train,3194909,fit
train,3195261,validation
train,3195403,fit
train,3195563,fit
train,3195624,fit
train,3195646,validation
train,3195731,fit
train,3195875,fit
train,3195947,fit
train,3195979,fit
train,3196076,validation
train,3196448,fit
train,3196535,fit
train,3196542,fit
train,3197118,fit
train,3197625,fit
train,3198077,validation
train,3198138,validation
train,3198186,fit
train,3198671,fit
train,3198706,fit
train,3198984,fit
train,3199029,fit
train,3199149,fit
train,3199383,validation
train,3199566,validation
train,3199983,fit
train,3200093,fit
train,3200125,fit
train,3200224,fit
train,3200341,fit
train,3200831,fit
train,3201415,fit
train,3201839,fit
train,3201981,validation
train,3202088,validation
train,3202104,fit
train,3202262,fit
train,3202334,fit
train,3202412,fit
train,3202708,fit
train,3202898,fit
train,3203026,validation
train,3203399,fit
train,3203483,fit
train,3203602,validation
train,3203667,fit
train,3203900,fit
train,3203961,fit
train,3204313,fit
train,3204803,fit
train,3204868,fit
train,3205221,validation
train,3205362,fit
train,3205451,fit
train,3205457,fit
train,3206260,fit
train,3206521,fit
train,3206783,fit
train,3206918,fit
train,3207158,fit
train,3207283,fit
train,3207310,validation
train,3207564,fit
train,3207732,fit
train,3207874,fit
train,3207883,fit
train,3207996,fit
train,3208028,fit
train,3208191,fit
train,3208352,fit
train,3208595,fit
train,3208720,fit
train,3209084,validation
train,3209333,fit
train,3209592,fit
train,3209739,fit
train,3209881,fit
train,3209990,fit
train,3210186,validation
train,3210697,fit
train,3210803,fit
train,3210869,fit
train,3210931,fit
train,3211254,fit
train,3211319,fit
train,3211611,validation
train,3211988,fit
train,3212090,fit
train,3212101,fit
train,3212197,fit
train,3212576,fit
train,3212646,fit
train,3212974,validation
train,3213188,fit
train,3213512,fit
train,3213552,validation
train,3213945,fit
train,3214059,fit
train,3214078,fit
train,3214237,fit
train,3214271,fit
train,3214376,fit
train,3215231,fit
train,3215303,fit
train,3215442,fit
train,3215458,fit
train,3215728,fit
train,3215843,fit
train,3215886,fit
train,3216238,fit
train,3216432,fit
train,3216598,fit
train,3216599,fit
train,3216666,fit
train,3217517,fit
train,3217542,validation
train,3217624,fit
train,3217749,fit
train,3217974,validation
train,3218053,fit
train,3218189,validation
train,3218260,fit
train,3218355,validation
train,3218447,fit
train,3218504,fit
train,3218963,validation
train,3219043,validation
train,3219304,fit
train,3219412,fit
train,3219415,fit
train,3219537,fit
train,3219601,fit
train,3219970,validation
train,3220172,validation
train,3220409,fit
train,3220691,fit
train,3220953,fit
train,3220999,validation
train,3221303,fit
train,3221335,fit
train,3221424,validation
train,3221545,fit
train,3221657,fit
train,3221732,fit
train,3221869,fit
train,3221900,fit
train,3222130,fit
train,3222475,validation
train,3222543,fit
train,3222568,fit
train,3222581,fit
train,3222755,fit
train,3222896,fit
train,3223039,validation
train,3223096,fit
train,3223194,fit
train,3223618,fit
train,3223913,fit
train,3224109,fit
train,3224202,fit
train,3225097,fit
train,3225622,validation
train,3225696,fit
train,3226006,fit
train,3226354,fit
train,3226518,fit
train,3226556,fit
train,3226871,fit
train,3226888,fit
train,3227175,fit
train,3227395,validation
train,3227431,validation
train,3228196,fit
train,3228367,fit
train,3228641,validation
train,3228655,fit
train,3228659,fit
train,3229109,fit
train,3229416,fit
train,3230122,fit
train,3230192,fit
train,3230529,fit
train,3230883,fit
train,3231200,fit
train,3231236,fit
train,3231597,validation
train,3231626,fit
train,3231656,fit
train,3231799,fit
train,3231915,fit
train,3232322,fit
train,3232441,fit
train,3232482,fit
train,3232943,fit
train,3232994,fit
train,3233656,fit
train,3233868,fit
train,3234054,fit
train,3234078,fit
train,3234148,fit
train,3234291,fit
train,3234306,fit
train,3234373,validation
train,3234474,fit
train,3234523,validation
train,3234534,fit
train,3234551,validation
train,3234729,fit
train,3234740,fit
train,3234846,fit
train,3234886,validation
train,3234926,fit
train,3235082,fit
train,3235345,fit
train,3235796,fit
train,3235914,fit
train,3236014,fit
train,3236125,fit
train,3236179,validation
train,3236694,fit
train,3236777,fit
train,3236855,fit
train,3237092,fit
train,3237371,validation
train,3237396,validation
train,3237471,fit
train,3237516,validation
train,3237811,fit
train,3237937,fit
train,3238026,validation
train,3238240,fit
train,3238307,validation
train,3238436,fit
train,3238473,fit
train,3238501,fit
train,3238558,fit
train,3238732,fit
train,3239034,fit
train,3239090,fit
train,3239101,fit
train,3240289,fit
train,3240514,fit
train,3241123,validation
train,3241140,fit
train,3241172,fit
train,3241226,fit
train,3241392,validation
train,3241638,fit
train,3241969,fit
train,3242600,fit
train,3242662,validation
train,3242763,validation
train,3243717,fit
train,3243802,fit
train,3244050,validation
train,3244704,fit
train,3244754,fit
train,3244877,fit
train,3245173,fit
train,3245195,validation
train,3245604,validation
train,3245691,validation
train,3245800,fit
train,3245818,validation
train,3245892,fit
train,3245991,fit
train,3246076,fit
train,3246462,fit
train,3246505,fit
train,3246610,validation
train,3247424,fit
train,3247569,validation
train,3247621,fit
train,3248102,fit
train,3248285,validation
train,3248432,fit
train,3248815,fit
train,3249079,fit
train,3249195,fit
train,3249366,fit
train,3249563,validation
train,3249831,fit
train,3249903,fit
train,3249921,fit
train,3249927,fit
train,3249937,fit
train,3249945,validation
train,3250057,validation
train,3250224,validation
train,3250306,fit
train,3250352,fit
train,3250395,fit
train,3250492,fit
train,3250754,fit
train,3250768,fit
train,3250933,fit
train,3250955,fit
train,3250971,fit
train,3250987,fit
train,3251035,fit
train,3251300,fit
train,3251331,fit
train,3251394,fit
train,3251398,fit
train,3251865,fit
train,3251993,fit
train,3252335,fit
train,3252462,validation
train,3252707,fit
train,3252793,fit
train,3252951,fit
train,3253246,fit
train,3253484,fit
train,3254112,fit
train,3254504,fit
train,3254632,fit
train,3254639,fit
train,3254766,fit
train,3255035,fit
train,3255227,validation
train,3255241,fit
train,3255296,validation
train,3255342,fit
train,3255616,fit
train,3255653,fit
train,3255794,validation
train,3255937,fit
train,3256512,fit
train,3256673,fit
train,3257009,fit
train,3257175,fit
train,3257190,fit
train,3257944,fit
train,3258313,fit
train,3258723,validation
train,3258907,validation
train,3258909,validation
train,3259235,validation
train,3259587,fit
train,3259668,fit
train,3259897,fit
train,3260021,fit
train,3260174,fit
train,3260595,fit
train,3260616,fit
train,3260811,validation
train,3261160,fit
train,3261368,fit
train,3261652,validation
train,3261658,fit
train,3262387,validation
train,3262566,fit
train,3262628,fit
train,3262789,fit
train,3262908,fit
train,3263080,fit
train,3263161,fit
train,3263253,fit
train,3263569,fit
train,3263914,fit
train,3264092,fit
train,3264248,validation
train,3264258,fit
train,3264468,fit
train,3264577,fit
train,3264652,fit
train,3264982,validation
train,3265181,fit
train,3265186,fit
train,3265266,fit
train,3265581,fit
train,3265631,fit
train,3265864,fit
train,3265876,validation
train,3266030,fit
train,3266368,fit
train,3266493,fit
train,3266652,validation
train,3266790,validation
train,3266908,fit
train,3267026,fit
train,3267157,validation
train,3267217,fit
train,3267259,fit
train,3267407,fit
train,3267892,validation
train,3268062,validation
train,3268179,fit
train,3268212,validation
train,3268447,validation
train,3268967,fit
train,3269037,fit
train,3269122,validation
train,3269205,validation
train,3269209,validation
train,3269483,fit
train,3269607,fit
train,3269688,fit
train,3269824,fit
train,3269889,fit
train,3270371,fit
train,3270475,fit
train,3270550,fit
train,3270661,fit
train,3270687,fit
train,3270729,fit
train,3271064,fit
train,3271257,fit
train,3271380,validation
train,3271476,fit
train,3271774,fit
train,3271794,fit
train,3272316,fit
train,3272752,fit
train,3273320,fit
train,3273444,validation
train,3273863,fit
train,3274001,validation
train,3274008,fit
train,3274073,fit
train,3274291,fit
train,3274861,fit
train,3274917,fit
train,3275631,fit
train,3275806,fit
train,3275991,fit
train,3276483,fit
train,3276703,fit
train,3276984,fit
train,3277045,fit
train,3277919,fit
train,3277961,fit
train,3278318,fit
train,3278821,fit
train,3278912,fit
train,3279310,fit
train,3279528,fit
train,3279903,fit
train,3280126,fit
train,3280355,fit
train,3280422,fit
train,3280550,fit
train,3280587,fit
train,3281069,fit
train,3281510,fit
train,3281735,fit
train,3281798,fit
train,3282207,fit
train,3282216,fit
train,3282293,fit
train,3282594,fit
train,3282646,validation
train,3282754,fit
train,3282904,fit
train,3282941,fit
train,3283060,fit
train,3283086,validation
train,3283446,validation
train,3283549,fit
train,3283682,fit
train,3283702,fit
train,3283753,validation
train,3283829,fit
train,3283894,fit
train,3284022,fit
train,3284134,fit
train,3284253,fit
train,3284520,fit
train,3284744,fit
train,3285050,validation
train,3285188,validation
train,3285240,fit
train,3285488,fit
train,3285525,fit
train,3285593,fit
train,3285710,fit
train,3285943,fit
train,3286871,fit
train,3286934,fit
train,3287016,fit
train,3287067,fit
train,3287104,validation
train,3287241,fit
train,3287330,fit
train,3287474,fit
train,3287511,validation
train,3287543,fit
train,3287596,fit
train,3287982,fit
train,3288164,fit
train,3288552,fit
train,3288568,validation
train,3288789,fit
train,3288922,validation
train,3289016,fit
train,3289292,fit
train,3289737,fit
train,3289933,fit
train,3290074,fit
train,3290147,validation
train,3290235,validation
train,3290351,fit
train,3290370,validation
train,3290747,fit
train,3291130,fit
train,3291184,fit
train,3291628,fit
train,3291746,fit
train,3292114,fit
train,3292574,fit
train,3292681,fit
train,3292683,validation
train,3292741,fit
train,3292878,validation
train,3293168,fit
train,3294187,validation
train,3294204,fit
train,3294307,fit
train,3294377,fit
train,3294632,validation
train,3294639,fit
train,3294739,fit
train,3294772,fit
train,3294840,fit
train,3295064,fit
train,3295105,fit
train,3295504,fit
train,3295879,fit
train,3296352,fit
train,3296472,fit
train,3296712,fit
train,3296762,fit
train,3296957,fit
train,3297291,fit
train,3297429,fit
train,3297466,fit
train,3297702,fit
train,3297719,fit
train,3297797,fit
train,3297881,fit
train,3297906,validation
train,3298264,fit
train,3298326,fit
train,3298563,fit
train,3298593,fit
train,3298624,fit
train,3298775,validation
train,3298779,validation
train,3298834,fit
train,3298979,fit
train,3299103,fit
train,3299261,fit
train,3299632,fit
train,3299812,fit
train,3299915,validation
train,3300642,fit
train,3300687,fit
train,3300856,fit
train,3301030,fit
train,3301187,validation
train,3301468,fit
train,3301484,validation
train,3302180,fit
train,3302243,fit
train,3302265,fit
train,3302307,fit
train,3302413,fit
train,3302656,fit
train,3303387,fit
train,3303482,fit
train,3303821,fit
train,3304046,fit
train,3304141,validation
train,3304785,fit
train,3305678,fit
train,3305911,fit
train,3306056,fit
train,3306292,fit
train,3306451,validation
train,3306500,validation
train,3306529,fit
train,3306788,validation
train,3306883,fit
train,3307298,validation
train,3307383,validation
train,3307545,fit
train,3307586,fit
train,3308053,validation
train,3308369,validation
train,3308416,fit
train,3308445,validation
train,3308865,validation
train,3308893,fit
train,3309352,validation
train,3309395,fit
train,3309413,validation
train,3309525,fit
train,3310027,fit
train,3310228,validation
train,3310472,fit
train,3310537,fit
train,3310602,fit
train,3310806,fit
train,3310931,fit
train,3310977,fit
train,3311028,fit
train,3311282,fit
train,3311402,fit
train,3311679,validation
train,3312025,fit
train,3312158,fit
train,3312463,fit
train,3312526,fit
train,3312627,fit
train,3312971,fit
train,3313080,fit
train,3313152,fit
train,3313191,fit
train,3313272,fit
train,3313351,fit
train,3313659,fit
train,3313853,fit
train,3314061,fit
train,3314180,fit
train,3314387,fit
train,3314717,fit
train,3314776,validation
train,3314804,validation
train,3314853,fit
train,3314891,fit
train,3315358,fit
train,3315477,fit
train,3315632,fit
train,3315905,fit
train,3316099,fit
train,3316878,fit
train,3317254,fit
train,3317445,fit
train,3317563,validation
train,3317578,validation
train,3317594,fit
train,3317943,validation
train,3317957,fit
train,3318115,fit
train,3318144,fit
train,3318271,fit
train,3318581,validation
train,3318990,fit
train,3319157,fit
train,3319343,validation
train,3319436,fit
train,3319503,fit
train,3319611,fit
train,3319700,fit
train,3319741,fit
train,3320075,fit
train,3320228,validation
train,3320244,fit
train,3320343,fit
train,3320512,validation
train,3320621,fit
train,3320835,fit
train,3321219,fit
train,3321252,validation
train,3321508,fit
train,3321513,fit
train,3321887,fit
train,3322220,fit
train,3322418,fit
train,3322426,validation
train,3322428,fit
train,3322740,fit
train,3322906,validation
train,3322958,fit
train,3322961,fit
train,3323068,fit
train,3323075,fit
train,3323143,fit
train,3323152,fit
train,3323303,fit
train,3323387,fit
train,3323389,fit
train,3323536,fit
train,3323558,fit
train,3323740,fit
train,3323908,validation
train,3323942,fit
train,3323992,fit
train,3324028,fit
train,3324095,fit
train,3324273,fit
train,3324292,fit
train,3324380,fit
train,3324390,fit
train,3324461,fit
train,3324748,fit
train,3324956,fit
train,3324975,fit
train,3325021,fit
train,3325426,fit
train,3325454,fit
train,3325459,fit
train,3326165,fit
train,3326297,fit
train,3326329,fit
train,3326445,fit
train,3326467,fit
train,3326592,fit
train,3327096,validation
train,3327205,fit
train,3327284,fit
train,3327341,fit
train,3327385,fit
train,3327641,fit
train,3327687,validation
train,3328167,fit
train,3328186,fit
train,3328263,fit
train,3328268,fit
train,3328319,fit
train,3328583,validation
train,3328696,fit
train,3328762,fit
train,3329292,fit
train,3329304,fit
train,3329650,fit
train,3329688,fit
train,3329802,fit
train,3329979,fit
train,3330806,fit
train,3330951,fit
train,3331130,fit
train,3331273,fit
train,3331320,fit
train,3331411,validation
train,3331557,validation
train,3331849,validation
train,3331899,validation
train,3331948,fit
train,3332059,fit
train,3332251,validation
train,3332515,fit
train,3332589,validation
train,3333262,fit
train,3333447,fit
train,3333575,validation
train,3333715,fit
train,3333750,fit
train,3333752,fit
train,3333843,validation
train,3333859,fit
train,3334180,fit
train,3334190,fit
train,3334403,fit
train,3334477,fit
train,3334506,fit
train,3334766,fit
train,3335112,fit
train,3335348,validation
train,3335488,fit
train,3335524,validation
train,3335549,validation
train,3336157,fit
train,3336281,fit
train,3337323,fit
train,3338000,fit
train,3338058,validation
train,3338381,fit
train,3339060,fit
train,3339104,fit
train,3339703,fit
train,3339810,fit
train,3340215,fit
train,3340412,validation
train,3340468,validation
train,3340513,fit
train,3340714,fit
train,3341214,fit
train,3341281,fit
train,3341345,validation
train,3341494,fit
train,3341552,fit
train,3341558,fit
train,3341929,fit
train,3342197,fit
train,3342594,fit
train,3342649,fit
train,3342660,validation
train,3342821,fit
train,3342999,fit
train,3343649,fit
train,3344004,validation
train,3344097,fit
train,3344265,fit
train,3344319,fit
train,3344547,fit
train,3345446,validation
train,3345977,fit
train,3346014,fit
train,3346146,fit
train,3346307,fit
train,3346470,fit
train,3346654,fit
train,3346765,fit
train,3346899,validation
train,3347077,validation
train,3347147,fit
train,3347151,fit
train,3347244,fit
train,3347398,fit
train,3347436,validation
train,3347442,validation
train,3347603,fit
train,3347706,fit
train,3347742,fit
train,3348006,fit
train,3348022,fit
train,3348069,fit
train,3348195,validation
train,3348362,fit
train,3348421,fit
train,3349062,validation
train,3349426,validation
train,3349869,validation
train,3350124,validation
train,3350245,fit
train,3350277,fit
train,3350326,fit
train,3350748,validation
train,3350993,fit
train,3352214,validation
train,3352236,fit
train,3352351,fit
train,3353022,validation
train,3353157,fit
train,3353233,fit
train,3354076,fit
train,3354098,validation
train,3354422,fit
train,3355266,fit
train,3355431,validation
train,3355452,fit
train,3355455,fit
train,3355545,fit
train,3355852,fit
train,3355982,fit
train,3356006,validation
train,3356182,fit
train,3356199,fit
train,3356422,fit
train,3356546,fit
train,3356741,fit
train,3356858,fit
train,3357535,fit
train,3357704,validation
train,3358053,fit
train,3358086,fit
train,3358171,fit
train,3358656,fit
train,3358731,fit
train,3358853,fit
train,3358881,validation
train,3358941,fit
train,3358994,fit
train,3359159,fit
train,3359168,fit
train,3359219,fit
train,3359332,fit
train,3359441,fit
train,3359649,fit
train,3359867,fit
train,3360363,fit
train,3360486,fit
train,3360844,validation
train,3361106,validation
train,3361288,fit
train,3361376,fit
train,3361695,fit
train,3361860,fit
train,3362158,fit
train,3362532,validation
train,3362674,validation
train,3362740,validation
train,3362985,validation
train,3363430,fit
train,3363436,fit
train,3363634,fit
train,3363651,validation
train,3363745,fit
train,3363959,fit
train,3364058,fit
train,3364238,fit
train,3364359,fit
train,3364473,fit
train,3364600,fit
train,3364782,validation
train,3364788,validation
train,3365345,fit
train,3365541,fit
train,3365561,fit
train,3365718,fit
train,3365956,fit
train,3366098,fit
train,3366154,fit
train,3366241,fit
train,3366340,fit
train,3366605,fit
train,3366621,fit
train,3366957,fit
train,3366985,fit
train,3367306,fit
train,3367628,fit
train,3367680,fit
train,3367776,fit
train,3367980,fit
train,3368521,fit
train,3368538,validation
train,3368569,fit
train,3368839,validation
train,3368948,fit
train,3369077,fit
train,3369370,fit
train,3369575,validation
train,3369733,validation
train,3370294,fit
train,3370412,fit
train,3370833,fit
train,3370895,fit
train,3371121,validation
train,3371209,fit
train,3371328,fit
train,3371412,fit
train,3371566,fit
train,3371581,fit
train,3371921,validation
train,3371980,validation
train,3372508,fit
train,3372981,fit
train,3372999,fit
train,3373277,fit
train,3373447,validation
train,3373716,fit
train,3373872,fit
train,3374217,fit
train,3374566,validation
train,3374765,fit
train,3375014,fit
train,3375150,fit
train,3375350,fit
train,3375453,fit
train,3375472,fit
train,3375528,fit
train,3375583,fit
train,3375617,fit
train,3375822,validation
train,3376093,fit
train,3376142,validation
train,3376207,fit
train,3376226,fit
train,3376638,validation
train,3377348,fit
train,3377414,fit
train,3377504,fit
train,3377551,fit
train,3377734,fit
train,3377825,fit
train,3377915,fit
train,3378016,fit
train,3378056,validation
train,3378169,validation
train,3378243,fit
train,3378275,validation
train,3378568,fit
train,3378576,fit
train,3379100,fit
train,3379140,validation
train,3379604,fit
train,3380147,fit
train,3380213,fit
train,3380237,fit
train,3380388,fit
train,3380499,fit
train,3380582,fit
train,3380981,fit
train,3381292,validation
train,3381294,validation
train,3381412,fit
train,3381456,fit
train,3381461,validation
train,3381938,fit
train,3382147,validation
train,3382243,validation
train,3382488,fit
train,3382614,validation
train,3382667,validation
train,3383072,fit
train,3383250,fit
train,3383787,fit
train,3383894,fit
train,3384417,fit
train,3385056,fit
train,3385079,fit
train,3385197,fit
train,3385250,fit
train,3385539,fit
train,3385595,validation
train,3385953,fit
train,3385986,fit
train,3386101,fit
train,3386106,fit
train,3386181,fit
train,3386257,fit
train,3386670,fit
train,3386675,validation
train,3387080,fit
train,3387160,validation
train,3387178,fit
train,3387311,fit
train,3387452,fit
train,3387544,validation
train,3387783,fit
train,3387814,fit
train,3388110,fit
train,3388226,fit
train,3388256,validation
train,3388310,validation
train,3388438,validation
train,3389112,fit
train,3389266,fit
train,3389345,fit
train,3389348,fit
train,3389475,fit
train,3389719,fit
train,3389946,fit
train,3390043,fit
train,3390952,fit
train,3391202,validation
train,3391290,fit
train,3391605,fit
train,3391725,fit
train,3391809,validation
train,3391845,fit
train,3391951,fit
train,3392321,validation
train,3392401,fit
train,3392689,fit
train,3392791,fit
train,3392803,validation
train,3393037,fit
train,3393385,validation
train,3393408,fit
train,3393466,fit
train,3393950,fit
train,3394177,fit
train,3394193,fit
train,3394231,fit
train,3394313,fit
train,3394475,fit
train,3394560,fit
train,3394579,fit
train,3394659,fit
train,3395054,fit
train,3395145,fit
train,3395183,fit
train,3395371,fit
train,3395462,fit
train,3395718,fit
train,3396124,fit
train,3396894,fit
train,3397110,validation
train,3397146,fit
train,3397728,fit
train,3397807,fit
train,3397861,fit
train,3397878,validation
train,3397905,fit
train,3398625,fit
train,3399369,validation
train,3399526,validation
train,3399801,fit
train,3399849,validation
train,3400220,fit
train,3400261,validation
train,3400392,fit
train,3400510,fit
train,3400916,fit
train,3400919,fit
train,3401044,fit
train,3401180,fit
train,3401242,fit
train,3401662,fit
train,3401791,fit
train,3401889,fit
train,3402189,validation
train,3402402,fit
train,3402504,validation
train,3402586,fit
train,3402832,fit
train,3402929,fit
train,3403125,fit
train,3403267,fit
train,3403663,fit
train,3403812,fit
train,3403914,fit
train,3404204,fit
train,3404284,fit
train,3404525,fit
train,3404572,fit
train,3404604,fit
train,3404662,fit
train,3404877,fit
train,3404956,validation
train,3405226,fit
train,3405322,fit
train,3405616,validation
train,3405700,validation
train,3406127,validation
train,3406136,fit
train,3406375,fit
train,3406487,fit
train,3406764,fit
train,3407294,fit
train,3407543,validation
train,3407636,fit
train,3407695,fit
train,3407990,fit
train,3408073,validation
train,3408166,fit
train,3408192,fit
train,3408446,fit
train,3408479,fit
train,3408597,fit
train,3408677,fit
train,3408710,fit
train,3408752,validation
train,3408782,fit
train,3409211,fit
train,3409257,fit
train,3409775,fit
train,3409959,fit
train,3410179,fit
train,3410654,fit
train,3410685,fit
train,3411202,fit
train,3411265,fit
train,3411600,validation
train,3411742,fit
train,3411788,fit
train,3412157,fit
train,3412291,fit
train,3412324,fit
train,3412338,fit
train,3412591,validation
train,3413133,validation
train,3413136,validation
train,3413154,fit
train,3413238,fit
train,3413402,fit
train,3413425,fit
train,3413562,validation
train,3413609,fit
train,3413746,fit
train,3415039,fit
train,3415151,fit
train,3415446,fit
train,3416033,fit
train,3416205,fit
train,3416305,fit
train,3416528,validation
train,3416618,validation
train,3416774,fit
train,3416918,fit
train,3417259,fit
train,3417331,validation
train,3417377,validation
train,3417472,fit
train,3417779,validation
train,3417823,fit
train,3417875,fit
train,3417965,validation
train,3418017,validation
train,3418036,fit
train,3418140,validation
train,3418178,validation
train,3418211,fit
train,3418305,fit
train,3418316,fit
train,3418317,fit
train,3418408,fit
train,3418441,fit
train,3418477,fit
train,3418482,fit
train,3418495,fit
train,3418525,fit
train,3418631,fit
train,3418872,fit
train,3419036,validation
train,3419118,fit
train,3419537,fit
train,3419558,fit
train,3419569,validation
train,3419731,fit
train,3419852,fit
train,3419926,fit
train,3420254,validation
train,3420292,fit
train,3420411,validation
train,3420930,fit
train,3421175,fit
train,3421397,fit
train,3421635,fit
train,3421703,fit
train,3421928,fit
train,3422124,validation
train,3422157,fit
train,3422476,fit
train,3422596,fit
train,3423245,fit
train,3423324,fit
train,3423398,fit
train,3423451,fit
train,3424392,validation
train,3424432,fit
train,3424758,fit
train,3424917,validation
train,3425032,fit
train,3425153,fit
train,3425958,fit
train,3426030,fit
train,3426638,fit
train,3426794,fit
train,3426832,fit
train,3426984,fit
train,3427235,fit
train,3427457,fit
train,3427606,fit
train,3427945,fit
train,3428056,fit
train,3428116,fit
train,3428243,validation
train,3428272,validation
train,3428463,fit
train,3428542,fit
train,3428906,validation
train,3429096,fit
train,3429134,fit
train,3429205,fit
train,3429754,fit
train,3429775,fit
train,3430015,fit
train,3430167,fit
train,3430556,fit
train,3430924,fit
train,3431087,fit
train,3431111,fit
train,3431326,fit
train,3431465,fit
train,3432019,fit
train,3432351,fit
train,3432523,fit
train,3432638,fit
train,3432805,fit
train,3433063,fit
train,3433137,fit
train,3433364,fit
train,3433611,fit
train,3434351,validation
train,3434360,fit
train,3434376,fit
train,3434762,fit
train,3435162,validation
train,3435236,fit
train,3435282,fit
train,3435320,fit
train,3435432,fit
train,3435435,fit
train,3435491,fit
train,3435563,fit
train,3435796,fit
train,3436067,fit
train,3436101,validation
train,3436158,fit
train,3436495,fit
train,3436601,fit
train,3436674,fit
train,3436937,fit
train,3437232,fit
train,3437304,fit
train,3437645,fit
train,3437844,fit
train,3437950,validation
train,3438510,validation
train,3438519,fit
train,3438810,validation
train,3438933,fit
train,3439268,fit
train,3439765,fit
train,3440301,fit
train,3440495,fit
train,3440797,fit
train,3441556,fit
train,3441838,fit
train,3441988,fit
train,3442032,fit
train,3442072,fit
train,3442395,fit
train,3442532,fit
train,3442563,fit
train,3442984,fit
train,3443218,validation
train,3443230,fit
train,3443263,validation
train,3443350,validation
train,3443553,validation
train,3443557,fit
train,3443606,validation
train,3443837,fit
train,3443897,fit
train,3443942,fit
train,3443966,fit
train,3444420,validation
train,3444449,fit
train,3444515,fit
train,3444528,validation
train,3444752,fit
train,3445040,fit
train,3445346,validation
train,3445419,validation
train,3445629,fit
train,3445951,fit
train,3445992,fit
train,3446113,validation
train,3446291,fit
train,3446414,fit
train,3446446,fit
train,3446828,fit
train,3447068,fit
train,3447288,validation
train,3447466,fit
train,3447740,fit
train,3447744,fit
train,3447985,fit
train,3448313,fit
train,3448335,fit
train,3448450,validation
train,3448454,fit
train,3448748,fit
train,3449816,fit
train,3449891,fit
train,3449955,fit
train,3449983,fit
train,3450086,validation
train,3450293,fit
train,3450451,fit
train,3450637,fit
train,3450943,fit
train,3450945,fit
train,3451219,fit
train,3451557,fit
train,3451740,fit
train,3451828,fit
train,3451834,validation
train,3452045,validation
train,3452173,fit
train,3452398,validation
train,3452409,fit
train,3452415,fit
train,3452576,fit
train,3452793,fit
train,3452809,fit
train,3452923,validation
train,3453038,fit
train,3453236,fit
train,3453466,fit
train,3453916,fit
train,3453943,validation
train,3453971,fit
train,3454006,fit
train,3454050,validation
train,3454165,fit
train,3454179,fit
train,3454287,fit
train,3454825,fit
train,3455002,validation
train,3455187,fit
train,3455229,fit
train,3455297,fit
train,3455504,fit
train,3456130,validation
train,3456142,fit
train,3456338,fit
train,3456655,fit
train,3456700,fit
train,3456750,fit
train,3457153,fit
train,3457231,fit
train,3457322,fit
train,3457472,fit
train,3457677,fit
train,3457699,fit
train,3458054,fit
train,3458076,validation
train,3458204,validation
train,3458529,fit
train,3458674,fit
train,3458849,fit
train,3458946,fit
train,3458988,fit
train,3459012,fit
train,3459232,fit
train,3459269,fit
train,3459506,fit
train,3459833,fit
train,3459876,fit
train,3460004,validation
train,3460045,fit
train,3460608,fit
train,3460757,fit
train,3460959,fit
train,3461203,fit
train,3461352,fit
train,3461387,validation
train,3462321,fit
train,3462801,fit
train,3463235,fit
train,3463248,fit
train,3463724,fit
train,3463952,fit
train,3463976,fit
train,3465034,fit
train,3465119,fit
train,3465216,validation
train,3465682,fit
train,3465941,fit
train,3465969,fit
train,3466358,fit
train,3466394,fit
train,3466546,fit
train,3467204,fit
train,3467451,fit
train,3467575,fit
train,3467663,validation
train,3467934,fit
train,3468276,fit
train,3468474,fit
train,3468797,fit
train,3469105,fit
train,3469176,fit
train,3469202,fit
train,3469237,fit
train,3469550,fit
train,3469613,fit
train,3469638,fit
train,3469740,fit
train,3469742,fit
train,3469984,fit
train,3470048,fit
train,3470304,fit
train,3470657,validation
train,3470900,fit
train,3471163,validation
train,3471218,validation
train,3471301,validation
train,3471418,validation
train,3471944,fit
train,3472000,fit
train,3472274,fit
train,3472341,fit
train,3472477,fit
train,3472574,validation
train,3472629,validation
train,3472871,fit
train,3473564,fit
train,3473585,fit
train,3473742,fit
train,3473774,fit
train,3473938,validation
train,3473986,fit
train,3474206,validation
train,3474259,fit
train,3474547,fit
train,3474601,validation
train,3474608,validation
train,3474797,fit
train,3475134,validation
train,3475209,fit
train,3475275,fit
train,3476187,fit
train,3476350,fit
train,3476487,fit
train,3476794,fit
train,3477040,fit
train,3477059,fit
train,3477074,fit
train,3477149,fit
train,3477632,fit
train,3477771,fit
train,3477888,fit
train,3477924,fit
train,3478010,validation
train,3478011,fit
train,3478395,validation
train,3478628,fit
train,3478694,fit
train,3478848,fit
train,3478902,fit
train,3479435,fit
train,3479939,fit
train,3479946,fit
train,3480312,validation
train,3480360,fit
train,3480392,validation
train,3480398,fit
train,3480446,validation
train,3480808,validation
train,3480811,fit
train,3481050,validation
train,3481136,fit
train,3481253,validation
train,3481399,fit
train,3481432,fit
train,3481579,fit
train,3482108,fit
train,3482136,fit
train,3483291,fit
train,3483363,validation
train,3483514,fit
train,3483534,validation
train,3483621,fit
train,3483743,fit
train,3484519,fit
train,3484715,fit
train,3484804,fit
train,3485085,fit
train,3485206,fit
train,3485463,fit
train,3485764,fit
train,3486139,validation
train,3486190,fit
train,3486299,fit
train,3486356,fit
train,3486408,fit
train,3486467,fit
train,3486497,validation
train,3487030,fit
train,3487100,fit
train,3487362,validation
train,3487627,fit
train,3487868,fit
train,3487954,fit
train,3488101,validation
train,3488191,fit
train,3488290,fit
train,3488321,fit
train,3488639,fit
train,3488701,fit
train,3488797,fit
train,3489059,validation
train,3489205,validation
train,3489340,fit
train,3489461,fit
train,3489794,validation
train,3490221,fit
train,3490515,validation
train,3490726,validation
train,3490738,fit
train,3491068,validation
train,3491190,fit
train,3491301,validation
train,3492123,fit
train,3492305,fit
train,3492317,fit
train,3492481,fit
train,3492663,fit
train,3492821,fit
train,3492960,fit
train,3493365,fit
train,3493456,fit
train,3493484,fit
train,3493552,fit
train,3493842,fit
train,3493993,fit
train,3494215,validation
train,3494293,fit
train,3494356,fit
train,3494579,fit
train,3495218,validation
train,3495365,fit
train,3495692,validation
train,3495703,fit
train,3495847,fit
train,3496364,fit
train,3496749,fit
train,3496833,fit
train,3496872,fit
train,3497047,validation
train,3497636,validation
train,3497658,fit
train,3497990,fit
train,3498093,fit
train,3498228,validation
train,3498243,fit
train,3498254,fit
train,3498542,fit
train,3498728,fit
train,3498753,fit
train,3498764,fit
train,3498883,fit
train,3498946,fit
train,3499054,fit
train,3499352,fit
train,3499403,fit
train,3499565,fit
train,3499857,fit
train,3499879,fit
train,3499892,validation
train,3500221,fit
train,3500615,fit
train,3501189,validation
train,3501692,fit
train,3501864,fit
train,3502059,validation
train,3502112,validation
train,3502118,fit
train,3502168,fit
train,3502208,fit
train,3502320,fit
train,3502415,fit
train,3502510,fit
train,3502512,fit
train,3502601,fit
train,3502604,fit
train,3502622,fit
train,3502862,validation
train,3503356,fit
train,3503918,fit
train,3504237,fit
train,3504361,fit
train,3504377,fit
train,3504766,fit
train,3504914,fit
train,3505209,validation
train,3505307,fit
train,3505392,fit
train,3505401,fit
train,3505539,fit
train,3505732,fit
train,3505745,fit
train,3505836,validation
train,3506190,validation
train,3506327,fit
train,3506444,fit
train,3506504,fit
train,3506636,fit
train,3507223,fit
train,3507228,fit
train,3507366,validation
train,3507471,fit
train,3507605,fit
train,3507649,validation
train,3507698,validation
train,3507770,validation
train,3507831,fit
train,3507868,fit
train,3507949,fit
train,3508027,validation
train,3508201,fit
train,3508649,fit
train,3508836,fit
train,3508866,fit
train,3509266,validation
train,3509273,fit
train,3509314,fit
train,3509474,fit
train,3509781,fit
train,3509979,validation
train,3510280,validation
train,3510538,fit
train,3510742,fit
train,3510754,fit
train,3511054,fit
train,3511194,fit
train,3511286,fit
train,3511345,validation
train,3512110,fit
train,3512438,fit
train,3512615,fit
train,3512797,validation
train,3512819,fit
train,3512933,validation
train,3513012,fit
train,3513072,validation
train,3513156,fit
train,3513473,fit
train,3513531,validation
train,3513674,fit
train,3513959,fit
train,3514398,fit
train,3514791,fit
train,3514809,fit
train,3514811,fit
train,3514875,validation
train,3514878,fit
train,3515064,fit
train,3515065,fit
train,3515067,fit
train,3515459,fit
train,3515487,validation
train,3515577,fit
train,3515728,validation
train,3515911,fit
train,3515968,validation
train,3516014,validation
train,3516382,fit
train,3516686,fit
train,3516872,validation
train,3517136,fit
train,3517164,fit
train,3517327,fit
train,3517555,fit
train,3517591,fit
train,3517992,fit
train,3518018,fit
train,3518068,validation
train,3518080,fit
train,3518348,fit
train,3518392,fit
train,3518596,fit
train,3518780,fit
train,3518803,fit
train,3518807,fit
train,3518853,fit
train,3518894,fit
train,3519060,fit
train,3519302,fit
train,3519303,fit
train,3519349,validation
train,3519482,fit
train,3519554,fit
train,3519782,fit
train,3519830,validation
train,3520455,fit
train,3520705,fit
train,3521194,fit
train,3521259,fit
train,3521385,validation
train,3521610,fit
train,3521650,validation
train,3521746,fit
train,3521895,fit
train,3522036,fit
train,3522038,fit
train,3522542,fit
train,3522753,validation
train,3522831,fit
train,3522863,validation
train,3522882,fit
train,3522910,fit
train,3523044,fit
train,3523054,fit
train,3523257,fit
train,3523439,fit
train,3524048,fit
train,3524144,validation
train,3524198,fit
train,3524215,fit
train,3524270,validation
train,3524489,fit
train,3524499,fit
train,3524559,fit
train,3524573,fit
train,3524633,fit
train,3524657,fit
train,3524720,fit
train,3524788,fit
train,3524883,fit
train,3525001,fit
train,3525092,fit
train,3525346,validation
train,3525447,fit
train,3525799,validation
train,3525908,validation
train,3525939,fit
train,3526046,fit
train,3526068,fit
train,3526155,fit
train,3526277,fit
train,3526340,fit
train,3526352,validation
train,3526437,fit
train,3526492,fit
train,3526691,fit
train,3527096,validation
train,3527306,fit
train,3527373,fit
train,3527518,fit
train,3527704,fit
train,3527727,fit
train,3527781,fit
train,3527985,fit
train,3528094,fit
train,3528793,fit
train,3529238,fit
train,3529253,fit
train,3529258,fit
train,3529260,fit
train,3529423,fit
train,3529759,fit
train,3529765,fit
train,3529915,fit
train,3529922,validation
train,3529930,fit
train,3530272,validation
train,3530571,fit
train,3530745,fit
train,3530761,fit
train,3530915,fit
train,3530918,fit
train,3531112,fit
train,3531144,fit
train,3531405,fit
train,3531626,fit
train,3531901,validation
train,3532485,validation
train,3532641,fit
train,3532875,fit
train,3532976,fit
train,3533511,fit
train,3533570,fit
train,3533765,fit
train,3533915,fit
train,3533970,fit
train,3533999,fit
train,3535385,fit
train,3536283,validation
train,3536294,fit
train,3536404,fit
train,3536427,validation
train,3536429,fit
train,3536437,validation
train,3536773,fit
train,3536883,fit
train,3536965,fit
train,3537038,fit
train,3538311,fit
train,3538452,validation
train,3538841,fit
train,3538985,fit
train,3539012,fit
train,3539113,fit
train,3539387,validation
train,3539516,fit
train,3539539,fit
train,3539984,fit
train,3540015,fit
train,3540721,validation
train,3540889,fit
train,3540907,fit
train,3540989,fit
train,3541081,validation
train,3541243,validation
train,3541249,fit
train,3541388,fit
train,3541536,fit
train,3541589,fit
train,3541721,fit
train,3541744,validation
train,3541875,fit
train,3542067,fit
train,3542130,fit
train,3543143,fit
train,3543192,validation
train,3543221,fit
train,3543377,validation
train,3543390,fit
train,3543407,fit
train,3543439,fit
train,3543521,validation
train,3543744,fit
train,3544026,fit
train,3544178,fit
train,3544187,fit
train,3544512,fit
train,3544533,validation
train,3544599,fit
train,3544750,validation
train,3544796,fit
train,3545228,validation
train,3545305,fit
train,3545367,fit
train,3546047,fit
train,3546127,fit
train,3546169,fit
train,3546220,validation
train,3546293,validation
train,3546369,fit
train,3546661,fit
train,3547009,fit
train,3547080,fit
train,3547133,fit
train,3547144,fit
train,3547213,fit
train,3547280,fit
train,3547423,fit
train,3547545,validation
train,3547684,fit
train,3547971,fit
train,3547994,validation
train,3548233,fit
train,3548308,fit
train,3548359,fit
train,3548779,fit
train,3549337,fit
train,3549529,fit
train,3549693,fit
train,3549747,fit
train,3549989,fit
train,3550116,fit
train,3550210,validation
train,3550213,validation
train,3550319,fit
train,3550856,fit
train,3551462,fit
train,3551734,fit
train,3551817,validation
train,3551825,fit
train,3551917,fit
train,3552056,fit
train,3552119,fit
train,3552759,validation
train,3552765,fit
train,3552972,validation
train,3553103,validation
train,3553348,fit
train,3553774,fit
train,3554052,fit
train,3554059,fit
train,3554075,validation
train,3554102,fit
train,3554104,fit
train,3554135,fit
train,3554477,fit
train,3555023,fit
train,3555300,fit
train,3555411,fit
train,3555449,validation
train,3555844,fit
train,3555860,fit
train,3555948,validation
train,3556475,fit
train,3557652,fit
train,3557805,fit
train,3558234,fit
train,3558321,fit
train,3558402,validation
train,3558619,validation
train,3558670,fit
train,3558877,fit
train,3559071,fit
train,3559226,fit
train,3559561,fit
train,3559678,fit
train,3559931,fit
train,3560315,fit
train,3560405,fit
train,3560686,fit
train,3560954,fit
train,3561219,fit
train,3561353,validation
train,3561399,fit
train,3561535,fit
train,3561675,fit
train,3561869,fit
train,3561913,validation
train,3561969,fit
train,3562033,fit
train,3562154,fit
train,3562194,fit
train,3562607,validation
train,3562752,fit
train,3562819,fit
train,3562868,fit
train,3563035,fit
train,3563301,fit
train,3563540,fit
train,3563734,fit
train,3564056,fit
train,3564105,fit
train,3564572,fit
train,3564738,validation
train,3564858,fit
train,3564925,fit
train,3565247,fit
train,3565333,fit
train,3565501,fit
train,3565594,fit
train,3565621,fit
train,3565652,fit
train,3565806,fit
train,3565945,fit
train,3566065,fit
train,3566298,fit
train,3566381,fit
train,3566505,fit
train,3566870,fit
train,3567163,fit
train,3567406,fit
train,3567504,fit
train,3567878,fit
train,3568975,fit
train,3569194,fit
train,3569505,fit
train,3569616,validation
train,3569707,fit
train,3569797,fit
train,3569979,fit
train,3570110,fit
train,3570157,fit
train,3570231,validation
train,3570487,fit
train,3570707,fit
train,3570750,fit
train,3570794,fit
train,3570796,validation
train,3570917,validation
train,3571077,fit
train,3571132,fit
train,3571152,fit
train,3571236,fit
train,3571246,fit
train,3571479,fit
train,3571866,validation
train,3571968,fit
train,3572927,fit
train,3573083,fit
train,3573382,fit
train,3573712,fit
train,3573743,fit
train,3573766,fit
train,3574309,fit
train,3574331,validation
train,3574454,validation
train,3574766,fit
train,3575233,fit
train,3575254,fit
train,3575368,fit
train,3575496,fit
train,3575570,fit
train,3575581,fit
train,3575906,fit
train,3576064,fit
train,3576208,validation
train,3576382,validation
train,3576434,fit
train,3576541,validation
train,3576544,fit
train,3576785,validation
train,3576914,fit
train,3576931,fit
train,3577210,fit
train,3577268,validation
train,3577408,fit
train,3577552,fit
train,3577593,validation
train,3577765,fit
train,3577891,validation
train,3578340,fit
train,3578352,fit
train,3578684,validation
train,3579005,fit
train,3579045,fit
train,3579550,fit
train,3579563,fit
train,3579597,fit
train,3579770,fit
train,3579970,fit
train,3580207,validation
train,3580263,fit
train,3580758,fit
train,3581175,fit
train,3581390,fit
train,3581400,fit
train,3581455,fit
train,3581522,fit
train,3581609,fit
train,3581995,validation
train,3582210,fit
train,3582439,fit
train,3582598,fit
train,3582708,fit
train,3582858,fit
train,3583125,validation
train,3583384,fit
train,3583414,fit
train,3583463,fit
train,3583771,fit
train,3583858,validation
train,3584117,fit
train,3584167,validation
train,3584235,fit
train,3584445,fit
train,3584523,validation
train,3584529,fit
train,3584570,validation
train,3584782,fit
train,3585093,fit
train,3585321,validation
train,3585490,validation
train,3585540,fit
train,3585569,fit
train,3585620,validation
train,3585901,fit
train,3586012,fit
train,3586065,fit
train,3586537,fit
train,3586890,fit
train,3587523,fit
train,3587708,fit
train,3587955,fit
train,3588752,fit
train,3589502,fit
train,3589596,fit
train,3589671,fit
train,3589818,fit
train,3589831,validation
train,3589885,fit
train,3590697,fit
train,3590752,fit
train,3590810,fit
train,3590819,fit
train,3590979,fit
train,3591270,fit
train,3591312,fit
train,3591331,fit
train,3591468,validation
train,3591703,fit
train,3591705,fit
train,3591752,fit
train,3591764,fit
train,3591925,validation
train,3592044,validation
train,3592102,fit
train,3592181,validation
train,3592192,fit
train,3592357,fit
train,3592761,fit
train,3592816,fit
train,3593010,fit
train,3593020,fit
train,3593415,fit
train,3593439,fit
train,3593517,validation
train,3593522,fit
train,3593764,fit
train,3593778,fit
train,3594148,validation
train,3594157,fit
train,3594429,fit
train,3594571,fit
train,3594617,validation
train,3594634,fit
train,3594644,fit
train,3594779,validation
train,3594829,validation
train,3594921,fit
train,3594962,fit
train,3595064,validation
train,3595220,fit
train,3595731,fit
train,3595772,validation
train,3595976,validation
train,3596022,validation
train,3596374,fit
train,3596611,fit
train,3596740,fit
train,3597033,fit
train,3597326,fit
train,3597639,fit
train,3597668,fit
train,3597976,validation
train,3597994,validation
train,3598026,fit
train,3598090,fit
train,3598104,fit
train,3598261,validation
train,3598273,fit
train,3598417,validation
train,3598489,fit
train,3598659,fit
train,3598730,fit
train,3598798,fit
train,3599096,validation
train,3599658,fit
test,202,test
test,387,test
test,393,test
test,460,test
test,544,test
test,694,test
test,697,test
test,699,test
test,734,test
test,766,test
test,952,test
test,1027,test
test,1040,test
test,1098,test
test,1100,test
test,1177,test
test,1305,test
test,1320,test
test,1330,test
test,1390,test
test,1446,test
test,1545,test
test,1613,test
test,1651,test
test,1786,test
test,1834,test
test,1959,test
test,2011,test
test,2161,test
test,2216,test
test,2229,test
test,2278,test
test,2337,test
test,2426,test
test,2533,test
test,2650,test
test,2658,test
test,2785,test
test,3041,test
test,3065,test
test,3147,test
test,3154,test
test,3220,test
test,3223,test
test,3257,test
test,3328,test
test,3369,test
test,3432,test
test,3469,test
test,3600,test
test,3893,test
test,3935,test
test,3964,test
test,3991,test
test,4038,test
test,4155,test
test,4230,test
test,4234,test
test,4292,test
test,4368,test
test,4597,test
test,4727,test
test,4758,test
test,4825,test
test,4832,test
test,5053,test
test,5248,test
test,5260,test
test,5273,test
test,5484,test
test,5529,test
test,5546,test
test,5603,test
test,5622,test
test,5785,test
test,6194,test
test,6212,test
test,6244,test
test,6474,test
test,6555,test
test,6582,test
test,6592,test
test,6730,test
test,6783,test
test,6785,test
test,6888,test
test,6910,test
test,6938,test
test,7062,test
test,7072,test
test,7292,test
test,7399,test
test,7486,test
test,7518,test
test,7549,test
test,7632,test
test,7673,test
test,7715,test
test,7914,test
test,7965,test
test,8083,test
test,8129,test
test,8222,test
test,8348,test
test,8398,test
test,8401,test
test,8451,test
test,8500,test
test,8537,test
test,8605,test
test,8787,test
test,8849,test
test,8920,test
test,9087,test
test,9167,test
test,9266,test
test,9306,test
test,9327,test
test,9358,test
test,9383,test
test,9454,test
test,9455,test
test,9456,test
test,9535,test
test,9642,test
test,10002,test
test,10007,test
test,10031,test
test,10032,test
test,10156,test
test,10163,test
test,10316,test
test,10366,test
test,10399,test
test,10402,test
test,10425,test
test,10458,test
test,10468,test
test,10483,test
test,10542,test
test,10576,test
test,10609,test
test,10698,test
test,11010,test
test,11021,test
test,11078,test
test,11116,test
test,11170,test
test,11310,test
test,11463,test
test,11654,test
test,11722,test
test,11762,test
test,11806,test
test,11886,test
test,11904,test
test,11973,test
test,12021,test
test,12037,test
test,12072,test
test,12302,test
test,12465,test
test,12585,test
test,12612,test
test,12715,test
test,13049,test
test,13061,test
test,13077,test
test,13103,test
test,13105,test
test,13144,test
test,13191,test
test,13374,test
test,13559,test
test,13574,test
test,13619,test
test,14039,test
test,14095,test
test,14217,test
test,14417,test
test,14453,test
test,14492,test
test,14588,test
test,14883,test
test,14965,test
test,14990,test
test,15062,test
test,15145,test
test,15222,test
test,15248,test
test,15267,test
test,15292,test
test,15395,test
test,15458,test
test,15554,test
test,15591,test
test,15654,test
test,15684,test
test,15741,test
test,15747,test
test,15893,test
test,15926,test
test,15928,test
test,15997,test
test,16065,test
test,16271,test
test,16280,test
test,16553,test
test,16563,test
test,16569,test
test,16632,test
test,16692,test
test,16697,test
test,16710,test
test,16856,test
test,16925,test
test,16970,test
test,17092,test
test,17200,test
test,17207,test
test,17334,test
test,17392,test
test,17406,test
test,17544,test
test,17631,test
test,17820,test
test,17823,test
test,17870,test
test,17937,test
test,18069,test
test,18100,test
test,18146,test
test,18154,test
test,18318,test
test,18343,test
test,18352,test
test,18596,test
test,18721,test
test,18818,test
test,18858,test
test,18870,test
test,18948,test
test,19011,test
test,19146,test
test,19238,test
test,19300,test
test,19437,test
test,19620,test
test,19720,test
test,19938,test
test,19988,test
test,20062,test
test,20215,test
test,20235,test
test,20278,test
test,20319,test
test,20468,test
test,20951,test
test,21047,test
test,21073,test
test,21201,test
test,21213,test
test,21230,test
test,21358,test
test,21373,test
test,21529,test
test,21618,test
test,21699,test
test,21852,test
test,21886,test
test,21888,test
test,21924,test
test,21949,test
test,22066,test
test,22135,test
test,22261,test
test,22379,test
test,22502,test
test,22547,test
test,22656,test
test,22725,test
test,22815,test
test,22834,test
test,22898,test
test,22944,test
test,22979,test
test,22983,test
test,23047,test
test,23128,test
test,23218,test
test,23351,test
test,23471,test
test,23493,test
test,23586,test
test,23750,test
test,23828,test
test,23892,test
test,23963,test
test,23983,test
test,24001,test
test,24040,test
test,24156,test
test,24247,test
test,24290,test
test,24297,test
test,24300,test
test,24319,test
test,24336,test
test,24337,test
test,24362,test
test,24449,test
test,24467,test
test,24572,test
test,24579,test
test,24583,test
test,24771,test
test,24966,test
test,24990,test
test,25041,test
test,25342,test
test,25374,test
test,25573,test
test,25643,test
test,25729,test
test,25749,test
test,25756,test
test,25781,test
test,25889,test
test,25908,test
test,25970,test
test,25974,test
test,26342,test
test,26408,test
test,26475,test
test,26719,test
test,26720,test
test,26804,test
test,26856,test
test,26858,test
test,26874,test
test,26944,test
test,26946,test
test,26981,test
test,27004,test
test,27034,test
test,27056,test
test,27164,test
test,27194,test
test,27266,test
test,27307,test
test,27309,test
test,27449,test
test,27544,test
test,27569,test
test,27596,test
test,27898,test
test,27960,test
test,27967,test
test,27993,test
test,28013,test
test,28040,test
test,28055,test
test,28176,test
test,28196,test
test,28296,test
test,28300,test
test,28311,test
test,28320,test
test,28341,test
test,28402,test
test,28570,test
test,28690,test
test,28704,test
test,28719,test
test,28759,test
test,28765,test
test,28807,test
test,28847,test
test,28857,test
test,28879,test
test,28898,test
test,28903,test
test,28907,test
test,28983,test
test,29031,test
test,29154,test
test,29286,test
test,29321,test
test,29699,test
test,29800,test
test,30371,test
test,30494,test
test,30514,test
test,30627,test
test,30700,test
test,30732,test
test,30774,test
test,30802,test
test,30909,test
test,31094,test
test,31116,test
test,31394,test
test,31433,test
test,31497,test
test,31539,test
test,31569,test
test,31599,test
test,31708,test
test,31793,test
test,31829,test
test,32003,test
test,32182,test
test,32235,test
test,32407,test
test,32509,test
test,32552,test
test,32743,test
test,32765,test
test,32834,test
test,33014,test
test,33063,test
test,33194,test
test,33339,test
test,33488,test
test,33535,test
test,33891,test
test,34018,test
test,34215,test
test,34295,test
test,34309,test
test,34527,test
test,34532,test
test,34606,test
test,34612,test
test,34672,test
test,34780,test
test,34821,test
test,34985,test
test,35044,test
test,35240,test
test,35313,test
test,35349,test
test,35455,test
test,35500,test
test,35537,test
test,35559,test
test,35613,test
test,35674,test
test,35802,test
test,36086,test
test,36136,test
test,36289,test
test,36312,test
test,36569,test
test,36573,test
test,36665,test
test,36733,test
test,36788,test
test,36875,test
test,36907,test
test,36996,test
test,37054,test
test,37117,test
test,37127,test
test,37144,test
test,37240,test
test,37263,test
test,37278,test
test,37354,test
test,37442,test
test,37451,test
test,37533,test
test,37578,test
test,37602,test
test,37653,test
test,37712,test
test,37718,test
test,37743,test
test,37761,test
test,37929,test
test,38014,test
test,38189,test
test,38263,test
test,38357,test
test,38758,test
test,38991,test
test,39082,test
test,39221,test
test,39249,test
test,39250,test
test,39356,test
test,39384,test
test,39432,test
test,39484,test
test,39495,test
test,39498,test
test,39528,test
test,39668,test
test,39669,test
test,39716,test
test,39794,test
test,39919,test
test,39975,test
test,40097,test
test,40122,test
test,40130,test
test,40374,test
test,40598,test
test,40633,test
test,40679,test
test,40740,test
test,40812,test
test,40880,test
test,40902,test
test,41006,test
test,41058,test
test,41121,test
test,41133,test
test,41181,test
test,41321,test
test,41359,test
test,41502,test
test,41569,test
test,41678,test
test,41730,test
test,41737,test
test,41883,test
test,42179,test
test,42227,test
test,42292,test
test,42294,test
test,42308,test
test,42325,test
test,42328,test
test,42408,test
test,42536,test
test,42621,test
test,42678,test
test,42832,test
test,43128,test
test,43168,test
test,43250,test
test,43307,test
test,43342,test
test,43637,test
test,43682,test
test,43697,test
test,43746,test
test,44102,test
test,44261,test
test,44403,test
test,44433,test
test,44483,test
test,44577,test
test,44582,test
test,44652,test
test,44918,test
test,45134,test
test,45186,test
test,45210,test
test,45275,test
test,45288,test
test,45355,test
test,45467,test
test,45612,test
test,45699,test
test,45769,test
test,45847,test
test,45854,test
test,45862,test
test,45911,test
test,46035,test
test,46262,test
test,46272,test
test,46448,test
test,46522,test
test,46540,test
test,46673,test
test,46707,test
test,46780,test
test,46839,test
test,46840,test
test,46925,test
test,47004,test
test,47122,test
test,47135,test
test,47191,test
test,47207,test
test,47246,test
test,47285,test
test,47319,test
test,47329,test
test,47342,test
test,47352,test
test,47416,test
test,47426,test
test,47442,test
test,47513,test
test,47522,test
test,47733,test
test,47905,test
test,47917,test
test,48069,test
test,48086,test
test,48192,test
test,48221,test
test,48477,test
test,48577,test
test,48584,test
test,49018,test
test,49035,test
test,49123,test
test,49127,test
test,49299,test
test,49318,test
test,49327,test
test,49343,test
test,49381,test
test,49509,test
test,49616,test
test,49846,test
test,49848,test
test,49882,test
test,49964,test
test,50123,test
test,50200,test
test,50401,test
test,50410,test
test,50448,test
test,50514,test
test,50610,test
test,50623,test
test,50788,test
test,50857,test
test,50919,test
test,50975,test
test,51016,test
test,51085,test
test,51243,test
test,51264,test
test,51306,test
test,51546,test
test,51605,test
test,51843,test
test,52142,test
test,52281,test
test,52414,test
test,52454,test
test,52468,test
test,52483,test
test,52500,test
test,52542,test
test,52620,test
test,52651,test
test,52768,test
test,52788,test
test,52886,test
test,53109,test
test,53148,test
test,53180,test
test,53217,test
test,53342,test
test,53470,test
test,53584,test
test,53647,test
test,53695,test
test,53724,test
test,53797,test
test,53855,test
test,53873,test
test,53891,test
test,54079,test
test,54091,test
test,54272,test
test,54373,test
test,54382,test
test,54447,test
test,54450,test
test,54570,test
test,54715,test
test,54728,test
test,54745,test
test,54844,test
test,54919,test
test,55004,test
test,55053,test
test,55139,test
test,55199,test
test,55353,test
test,55526,test
test,55638,test
test,55735,test
test,55746,test
test,55789,test
test,56051,test
test,56223,test
test,56276,test
test,56312,test
test,56404,test
test,56497,test
test,56596,test
test,56765,test
test,57080,test
test,57119,test
test,57123,test
test,57137,test
test,57258,test
test,57265,test
test,57374,test
test,57387,test
test,57456,test
test,57636,test
test,57753,test
test,57788,test
test,57946,test
test,58121,test
test,58127,test
test,58151,test
test,58220,test
test,58366,test
test,58444,test
test,58513,test
test,58696,test
test,58711,test
test,58789,test
test,58926,test
test,58968,test
test,59090,test
test,59093,test
test,59152,test
test,59287,test
test,59338,test
test,59379,test
test,59416,test
test,59622,test
test,59731,test
test,59802,test
test,59832,test
test,59873,test
test,59883,test
test,59908,test
test,59952,test
test,60000,test
test,60280,test
test,60292,test
test,60358,test
test,60411,test
test,60458,test
test,60568,test
test,60656,test
test,60858,test
test,60871,test
test,60903,test
test,61064,test
test,61296,test
test,61335,test
test,61338,test
test,61433,test
test,61642,test
test,61744,test
test,61916,test
test,61937,test
test,61974,test
test,62048,test
test,62099,test
test,62104,test
test,62128,test
test,62286,test
test,62305,test
test,62330,test
test,62391,test
test,62417,test
test,62741,test
test,62824,test
test,62866,test
test,62902,test
test,63128,test
test,63140,test
test,63197,test
test,63279,test
test,63306,test
test,63354,test
test,63420,test
test,63695,test
test,63759,test
test,63793,test
test,63821,test
test,63908,test
test,63946,test
test,63955,test
test,63979,test
test,64052,test
test,64055,test
test,64158,test
test,64181,test
test,64249,test
test,64406,test
test,64422,test
test,64506,test
test,64549,test
test,64606,test
test,64651,test
test,64742,test
test,64921,test
test,64950,test
test,65045,test
test,65111,test
test,65205,test
test,65223,test
test,65257,test
test,65262,test
test,65413,test
test,65463,test
test,65485,test
test,65626,test
test,65653,test
test,65658,test
test,65719,test
test,66032,test
test,66110,test
test,66193,test
test,66268,test
test,66407,test
test,66461,test
test,66464,test
test,66480,test
test,66481,test
test,66550,test
test,66556,test
test,66615,test
test,66822,test
test,66824,test
test,66941,test
test,66972,test
test,67075,test
test,67182,test
test,67253,test
test,67258,test
test,67277,test
test,67285,test
test,67400,test
test,67445,test
test,67524,test
test,67598,test
test,67608,test
test,67622,test
test,67668,test
test,67690,test
test,67806,test
test,67976,test
test,68010,test
test,68011,test
test,68020,test
test,68031,test
test,68146,test
test,68153,test
test,68243,test
test,68273,test
test,68332,test
test,68517,test
test,68529,test
test,68573,test
test,68631,test
test,68714,test
test,68738,test
test,68780,test
test,68964,test
test,69018,test
test,69075,test
test,69196,test
test,69215,test
test,69260,test
test,69350,test
test,69490,test
test,69622,test
test,69759,test
test,69760,test
test,69766,test
test,69810,test
test,69859,test
test,70001,test
test,70035,test
test,70203,test
test,70274,test
test,70389,test
test,70397,test
test,70432,test
test,70566,test
test,70569,test
test,70685,test
test,70948,test
test,70950,test
test,70995,test
test,71017,test
test,71027,test
test,71041,test
test,71066,test
test,71101,test
test,71114,test
test,71117,test
test,71270,test
test,71395,test
test,71647,test
test,71672,test
test,71711,test
test,71819,test
test,71829,test
test,71946,test
test,72071,test
test,72077,test
test,72138,test
test,72229,test
test,72364,test
test,72416,test
test,72463,test
test,72578,test
test,72675,test
test,72732,test
test,72754,test
test,72797,test
test,72979,test
test,72983,test
test,73130,test
test,73135,test
test,73173,test
test,73413,test
test,73414,test
test,73611,test
test,73672,test
test,73739,test
test,73935,test
test,73973,test
test,74213,test
test,74279,test
test,74295,test
test,74400,test
test,74462,test
test,74477,test
test,74528,test
test,74589,test
test,74593,test
test,74612,test
test,74671,test
test,74827,test
test,74833,test
test,74859,test
test,74942,test
test,75043,test
test,75083,test
test,75145,test
test,75164,test
test,75210,test
test,75216,test
test,75554,test
test,75681,test
test,75890,test
test,75932,test
test,75963,test
test,76047,test
test,76152,test
test,76170,test
test,76238,test
test,76254,test
test,76348,test
test,76396,test
test,76532,test
test,76614,test
test,76637,test
test,76641,test
test,76646,test
test,76808,test
test,76878,test
test,76896,test
test,76922,test
test,77004,test
test,77046,test
test,77098,test
test,77231,test
test,77482,test
test,77634,test
test,77701,test
test,77977,test
test,77984,test
test,77994,test
test,78025,test
test,78119,test
test,78382,test
test,78416,test
test,78437,test
test,78457,test
test,78584,test
test,78590,test
test,78672,test
test,78713,test
test,78739,test
test,78915,test
test,78939,test
test,78948,test
test,79016,test
test,79144,test
test,79235,test
test,79268,test
test,79269,test
test,79314,test
test,79395,test
test,79516,test
test,79525,test
test,79587,test
test,79647,test
test,79679,test
test,79790,test
test,79823,test
test,79885,test
test,80093,test
test,80188,test
test,80202,test
test,80225,test
test,80252,test
test,80257,test
test,80278,test
test,80379,test
test,80383,test
test,80435,test
test,80568,test
test,80594,test
test,80638,test
test,80677,test
test,80697,test
test,80700,test
test,80708,test
test,80726,test
test,80740,test
test,80742,test
test,80758,test
test,80812,test
test,80856,test
test,80879,test
test,80881,test
test,80969,test
test,81054,test
test,81092,test
test,81351,test
test,81385,test
test,81498,test
test,81537,test
test,81601,test
test,81689,test
test,81804,test
test,81821,test
test,81952,test
test,82018,test
test,82207,test
test,82403,test
test,82488,test
test,82529,test
test,82547,test
test,82688,test
test,82780,test
test,82807,test
test,82828,test
test,82889,test
test,82906,test
test,82998,test
test,83029,test
test,83228,test
test,83231,test
test,83469,test
test,83542,test
test,83664,test
test,83778,test
test,83805,test
test,83951,test
test,84157,test
test,84221,test
test,84275,test
test,84357,test
test,84439,test
test,84475,test
test,84497,test
test,84541,test
test,84589,test
test,84689,test
test,84732,test
test,84856,test
test,85036,test
test,85074,test
test,85141,test
test,85157,test
test,85272,test
test,85302,test
test,85396,test
test,85415,test
test,85519,test
test,85574,test
test,85609,test
test,85768,test
test,85839,test
test,85868,test
test,85890,test
test,85924,test
test,85992,test
test,85998,test
test,86389,test
test,86429,test
test,86565,test
test,86638,test
test,86964,test
test,87020,test
test,87165,test
test,87228,test
test,87292,test
test,87452,test
test,87502,test
test,87571,test
test,87673,test
test,87763,test
test,87799,test
test,87818,test
test,88072,test
test,88144,test
test,88168,test
test,88255,test
test,88260,test
test,88266,test
test,88536,test
test,88620,test
test,88621,test
test,88678,test
test,88835,test
test,89018,test
test,89033,test
test,89035,test
test,89391,test
test,89470,test
test,89499,test
test,89550,test
test,89571,test
test,89642,test
test,89653,test
test,89672,test
test,89712,test
test,89736,test
test,90230,test
test,90239,test
test,90245,test
test,90251,test
test,90410,test
test,90560,test
test,90565,test
test,90601,test
test,90605,test
test,90661,test
test,90683,test
test,90691,test
test,90784,test
test,91121,test
test,91206,test
test,91342,test
test,91519,test
test,91557,test
test,91612,test
test,91666,test
test,91680,test
test,91709,test
test,91711,test
test,91724,test
test,91767,test
test,91832,test
test,91916,test
test,91941,test
test,92055,test
test,92153,test
test,92183,test
test,92268,test
test,92271,test
test,92272,test
test,92371,test
test,92584,test
test,92643,test
test,92829,test
test,92922,test
test,93147,test
test,93176,test
test,93224,test
test,93377,test
test,93474,test
test,93521,test
test,93656,test
test,93661,test
test,93687,test
test,93880,test
test,94009,test
test,94111,test
test,94151,test
test,94178,test
test,94179,test
test,94228,test
test,94273,test
test,94300,test
test,94317,test
test,94396,test
test,94431,test
test,94497,test
test,94510,test
test,94606,test
test,94637,test
test,94644,test
test,94696,test
test,94709,test
test,94815,test
test,94823,test
test,94936,test
test,95019,test
test,95097,test
test,95099,test
test,95311,test
test,95323,test
test,95350,test
test,95494,test
test,95624,test
test,95660,test
test,95721,test
test,95924,test
test,96012,test
test,96032,test
test,96172,test
test,96394,test
test,96419,test
test,96451,test
test,96572,test
test,96699,test
test,96728,test
test,96759,test
test,96941,test
test,96965,test
test,97061,test
test,97149,test
test,97193,test
test,97455,test
test,97534,test
test,97612,test
test,97654,test
test,97764,test
test,97837,test
test,98017,test
test,98200,test
test,98306,test
test,98485,test
test,98501,test
test,98527,test
test,98531,test
test,98569,test
test,98665,test
test,98696,test
test,98704,test
test,98749,test
test,98767,test
test,98819,test
test,98846,test
test,98892,test
test,98983,test
test,99102,test
test,99168,test
test,99216,test
test,99389,test
test,99426,test
test,99450,test
test,99507,test
test,99517,test
test,99607,test
test,99671,test
test,99724,test
test,100063,test
test,100088,test
test,100127,test
test,100300,test
test,100401,test
test,100445,test
test,100643,test
test,100709,test
test,100715,test
test,100741,test
test,100772,test
test,101103,test
test,101122,test
test,101131,test
test,101438,test
test,101465,test
test,101582,test
test,101599,test
test,101911,test
test,101952,test
test,102006,test
test,102027,test
test,102322,test
test,102344,test
test,102480,test
test,102659,test
test,102682,test
test,102693,test
test,102851,test
test,102997,test
test,103255,test
test,103261,test
test,103272,test
test,103301,test
test,103560,test
test,103679,test
test,103743,test
test,103873,test
test,103967,test
test,104018,test
test,104134,test
test,104141,test
test,104151,test
test,104351,test
test,104370,test
test,104389,test
test,104701,test
test,104866,test
test,104990,test
test,105003,test
test,105105,test
test,105146,test
test,105238,test
test,105311,test
test,105458,test
test,105555,test
test,105564,test
test,105585,test
test,105799,test
test,105891,test
test,106036,test
test,106099,test
test,106111,test
test,106159,test
test,106225,test
test,106290,test
test,106308,test
test,106329,test
test,106366,test
test,106583,test
test,106869,test
test,106991,test
test,107198,test
test,107207,test
test,107239,test
test,107271,test
test,107329,test
test,107388,test
test,107435,test
test,107494,test
test,107500,test
test,107522,test
test,107613,test
test,107765,test
test,107773,test
test,107871,test
test,107875,test
test,107948,test
test,108039,test
test,108088,test
test,108096,test
test,108113,test
test,108237,test
test,108266,test
test,108367,test
test,108370,test
test,108379,test
test,108415,test
test,108564,test
test,108679,test
test,108707,test
test,108819,test
test,108874,test
test,108973,test
test,108987,test
test,109017,test
test,109056,test
test,109111,test
test,109181,test
test,109270,test
test,109379,test
test,109432,test
test,109487,test
test,109708,test
test,109734,test
test,110234,test
test,110454,test
test,110748,test
test,110764,test
test,110816,test
test,110896,test
test,110920,test
test,111262,test
test,111375,test
test,111380,test
test,111488,test
test,111509,test
test,111561,test
test,111578,test
test,111696,test
test,111888,test
test,112024,test
test,112075,test
test,112198,test
test,112259,test
test,112291,test
test,112299,test
test,112502,test
test,112605,test
test,112638,test
test,112696,test
test,112767,test
test,112896,test
test,112996,test
test,113108,test
test,113117,test
test,113224,test
test,113376,test
test,113377,test
test,113543,test
test,113596,test
test,113602,test
test,113621,test
test,113677,test
test,113692,test
test,113834,test
test,113868,test
test,113914,test
test,114083,test
test,114111,test
test,114163,test
test,114385,test
test,114453,test
test,114531,test
test,114689,test
test,114742,test
test,114809,test
test,114995,test
test,115159,test
test,115180,test
test,115256,test
test,115280,test
test,115363,test
test,115395,test
test,115595,test
test,115666,test
test,115679,test
test,115749,test
test,115794,test
test,115866,test
test,115946,test
test,116032,test
test,116149,test
test,116248,test
test,116259,test
test,116325,test
test,116338,test
test,116440,test
test,116500,test
test,116507,test
test,116564,test
test,116751,test
test,116790,test
test,116845,test
test,116932,test
test,117008,test
test,117288,test
test,117318,test
test,117490,test
test,117624,test
test,117690,test
test,117764,test
test,117805,test
test,117806,test
test,118007,test
test,118055,test
test,118164,test
test,118192,test
test,118223,test
test,118334,test
test,118361,test
test,118445,test
test,118698,test
test,118732,test
test,118770,test
test,118829,test
test,118871,test
test,118899,test
test,118942,test
test,118968,test
test,119012,test
test,119092,test
test,119105,test
test,119149,test
test,119150,test
test,119155,test
test,119182,test
test,119269,test
test,119291,test
test,119338,test
test,119482,test
test,119488,test
test,119591,test
test,119830,test
test,119906,test
test,120181,test
test,120457,test
test,120461,test
test,120471,test
test,120683,test
test,120754,test
test,120772,test
test,120793,test
test,120951,test
test,121071,test
test,121263,test
test,121281,test
test,121290,test
test,121343,test
test,121353,test
test,121368,test
test,121399,test
test,121511,test
test,121585,test
test,121645,test
test,121705,test
test,121848,test
test,121937,test
test,122019,test
test,122119,test
test,122177,test
test,122209,test
test,122221,test
test,122377,test
test,122405,test
test,122474,test
test,122507,test
test,122735,test
test,122810,test
test,122937,test
test,123023,test
test,123086,test
test,123121,test
test,123139,test
test,123260,test
test,123282,test
test,123508,test
test,123598,test
test,123911,test
test,123920,test
test,124110,test
test,124280,test
test,124435,test
test,124708,test
test,124782,test
test,124792,test
test,124832,test
test,124839,test
test,124867,test
test,124935,test
test,124991,test
test,125023,test
test,125060,test
test,125211,test
test,125386,test
test,125418,test
test,125433,test
test,125470,test
test,125515,test
test,125626,test
test,125711,test
test,125793,test
test,125861,test
test,125944,test
test,125999,test
test,126117,test
test,126229,test
test,126237,test
test,126402,test
test,126804,test
test,126914,test
test,126923,test
test,127031,test
test,127103,test
test,127121,test
test,127214,test
test,127252,test
test,127296,test
test,127323,test
test,127471,test
test,127521,test
test,127617,test
test,127659,test
test,127725,test
test,127820,test
test,127986,test
test,128047,test
test,128050,test
test,128078,test
test,128269,test
test,128551,test
test,128606,test
test,128804,test
test,128864,test
test,128999,test
test,129059,test
test,129238,test
test,129266,test
test,129445,test
test,129524,test
test,129611,test
test,129839,test
test,129958,test
test,129979,test
test,130338,test
test,130399,test
test,130440,test
test,130552,test
test,130906,test
test,130983,test
test,131226,test
test,131354,test
test,131355,test
test,131362,test
test,131441,test
test,131584,test
test,131685,test
test,131688,test
test,131912,test
test,131914,test
test,131932,test
test,132007,test
test,132012,test
test,132023,test
test,132111,test
test,132137,test
test,132208,test
test,132216,test
test,132288,test
test,132295,test
test,132308,test
test,132352,test
test,132389,test
test,132404,test
test,132502,test
test,132511,test
test,132611,test
test,132613,test
test,132674,test
test,132764,test
test,132773,test
test,132784,test
test,132787,test
test,132870,test
test,132905,test
test,132912,test
test,132956,test
test,133036,test
test,133067,test
test,133087,test
test,133107,test
test,133128,test
test,133172,test
test,133213,test
test,133238,test
test,133357,test
test,133411,test
test,133439,test
test,133450,test
test,133710,test
test,133743,test
test,133775,test
test,133784,test
test,133888,test
test,133904,test
test,134084,test
test,134130,test
test,134151,test
test,134188,test
test,134225,test
test,134605,test
test,134680,test
test,134719,test
test,134746,test
test,134780,test
test,134893,test
test,134937,test
test,134950,test
test,134957,test
test,134982,test
test,134988,test
test,135013,test
test,135042,test
test,135082,test
test,135306,test
test,135559,test
test,135753,test
test,135780,test
test,135859,test
test,135877,test
test,135915,test
test,136071,test
test,136196,test
test,136247,test
test,136312,test
test,136447,test
test,136475,test
test,136533,test
test,136660,test
test,136692,test
test,136718,test
test,136739,test
test,136815,test
test,136840,test
test,137002,test
test,137113,test
test,137114,test
test,137133,test
test,137162,test
test,137230,test
test,137376,test
test,137442,test
test,137460,test
test,137511,test
test,137532,test
test,137560,test
test,137575,test
test,137586,test
test,137883,test
test,137943,test
test,137990,test
test,138299,test
test,138326,test
test,138411,test
test,138476,test
test,138477,test
test,138510,test
test,138609,test
test,138627,test
test,138782,test
test,138877,test
test,138928,test
test,139284,test
test,139337,test
test,139373,test
test,139500,test
test,139632,test
test,139667,test
test,139688,test
test,139768,test
test,139805,test
test,140013,test
test,140051,test
test,140196,test
test,140426,test
test,140473,test
test,140474,test
test,140556,test
test,140597,test
test,140620,test
test,140749,test
test,140981,test
test,141087,test
test,141178,test
test,141205,test
test,141238,test
test,141307,test
test,141470,test
test,141507,test
test,141516,test
test,141619,test
test,141721,test
test,141759,test
test,141779,test
test,141924,test
test,142023,test
test,142082,test
test,142103,test
test,142188,test
test,142220,test
test,142326,test
test,142520,test
test,142543,test
test,142652,test
test,142742,test
test,142821,test
test,143018,test
test,143037,test
test,143040,test
test,143082,test
test,143261,test
test,143324,test
test,143548,test
test,143666,test
test,143754,test
test,144047,test
test,144170,test
test,144641,test
test,144645,test
test,144676,test
test,144745,test
test,144941,test
test,144969,test
test,145124,test
test,145125,test
test,145254,test
test,145275,test
test,145321,test
test,145364,test
test,145393,test
test,145430,test
test,145607,test
test,145634,test
test,145637,test
test,145680,test
test,145825,test
test,145833,test
test,146020,test
test,146086,test
test,146194,test
test,146281,test
test,146427,test
test,146682,test
test,146706,test
test,146899,test
test,146956,test
test,146971,test
test,146982,test
test,147038,test
test,147059,test
test,147202,test
test,147230,test
test,147337,test
test,147369,test
test,147538,test
test,147619,test
test,147659,test
test,147682,test
test,147699,test
test,147830,test
test,147835,test
test,147840,test
test,147871,test
test,147893,test
test,147902,test
test,147924,test
test,147944,test
test,148158,test
test,148225,test
test,148342,test
test,148480,test
test,148682,test
test,148776,test
test,148813,test
test,148946,test
test,148959,test
test,148996,test
test,149120,test
test,149313,test
test,149359,test
test,149443,test
test,149503,test
test,149718,test
test,149799,test
test,149811,test
test,149957,test
test,150099,test
test,150156,test
test,150244,test
test,150272,test
test,150370,test
test,150462,test
test,150465,test
test,150545,test
test,150575,test
test,150592,test
test,150593,test
test,150621,test
test,150631,test
test,150655,test
test,150694,test
test,150755,test
test,150985,test
test,151032,test
test,151134,test
test,151231,test
test,151368,test
test,151501,test
test,151646,test
test,151653,test
test,151752,test
test,151771,test
test,151808,test
test,151918,test
test,151949,test
test,152064,test
test,152139,test
test,152240,test
test,152317,test
test,152375,test
test,152399,test
test,152427,test
test,152532,test
test,152589,test
test,152737,test
test,152817,test
test,152831,test
test,152896,test
test,153000,test
test,153265,test
test,153334,test
test,153452,test
test,153465,test
test,153549,test
test,153599,test
test,153615,test
test,153627,test
test,153639,test
test,153649,test
test,153742,test
test,153912,test
test,153919,test
test,153960,test
test,153962,test
test,154069,test
test,154150,test
test,154176,test
test,154206,test
test,154311,test
test,154336,test
test,154361,test
test,154363,test
test,154364,test
test,154422,test
test,154522,test
test,154542,test
test,154547,test
test,154728,test
test,154757,test
test,154789,test
test,154982,test
test,155068,test
test,155130,test
test,155338,test
test,155343,test
test,155376,test
test,155417,test
test,155508,test
test,155530,test
test,155723,test
test,155821,test
test,155926,test
test,156064,test
test,156119,test
test,156156,test
test,156299,test
test,156360,test
test,156439,test
test,156441,test
test,156475,test
test,156499,test
test,156584,test
test,156593,test
test,156659,test
test,156922,test
test,156933,test
test,157107,test
test,157161,test
test,157203,test
test,157299,test
test,157366,test
test,157549,test
test,157593,test
test,157599,test
test,157879,test
test,157924,test
test,157987,test
test,157988,test
test,158163,test
test,158175,test
test,158418,test
test,158430,test
test,158480,test
test,158556,test
test,158625,test
test,158736,test
test,158773,test
test,158779,test
test,158863,test
test,158937,test
test,159003,test
test,159028,test
test,159092,test
test,159294,test
test,159471,test
test,159558,test
test,159722,test
test,159772,test
test,159793,test
test,159878,test
test,159945,test
test,159951,test
test,160008,test
test,160069,test
test,160290,test
test,160301,test
test,160392,test
test,160413,test
test,160476,test
test,160478,test
test,160492,test
test,160593,test
test,160609,test
test,160726,test
test,160816,test
test,160846,test
test,160901,test
test,160917,test
test,161006,test
test,161026,test
test,161063,test
test,161069,test
test,161093,test
test,161170,test
test,161330,test
test,161389,test
test,161391,test
test,161434,test
test,161484,test
test,161587,test
test,161594,test
test,161621,test
test,161647,test
test,161719,test
test,161731,test
test,161738,test
test,161779,test
test,161899,test
test,162030,test
test,162115,test
test,162154,test
test,162171,test
test,162328,test
test,162401,test
test,162419,test
test,162676,test
test,162788,test
test,162902,test
test,162918,test
test,162944,test
test,163033,test
test,163211,test
test,163217,test
test,163268,test
test,163332,test
test,163357,test
test,163411,test
test,163428,test
test,163515,test
test,163591,test
test,163652,test
test,163779,test
test,163788,test
test,163821,test
test,163910,test
test,163973,test
test,164030,test
test,164136,test
test,164255,test
test,164465,test
test,164576,test
test,164601,test
test,164603,test
test,164692,test
test,164735,test
test,164846,test
test,164863,test
test,165040,test
test,165107,test
test,165210,test
test,165371,test
test,165399,test
test,165450,test
test,165458,test
test,165466,test
test,165540,test
test,165689,test
test,165746,test
test,165894,test
test,166122,test
test,166199,test
test,166506,test
test,166671,test
test,166680,test
test,166754,test
test,166757,test
test,166814,test
test,166907,test
test,167055,test
test,167159,test
test,167194,test
test,167204,test
test,167283,test
test,167297,test
test,167309,test
test,167323,test
test,167328,test
test,167434,test
test,167689,test
test,167731,test
test,167850,test
test,167887,test
test,168047,test
test,168202,test
test,168205,test
test,168359,test
test,168424,test
test,168595,test
test,168605,test
test,168610,test
test,168698,test
test,168721,test
test,168741,test
test,168762,test
test,168813,test
test,168827,test
test,168925,test
test,168953,test
test,168973,test
test,169052,test
test,169191,test
test,169304,test
test,169311,test
test,169341,test
test,169460,test
test,169579,test
test,169642,test
test,169701,test
test,169875,test
test,169953,test
test,169983,test
test,170134,test
test,170177,test
test,170193,test
test,170201,test
test,170215,test
test,170262,test
test,170287,test
test,170330,test
test,170331,test
test,170475,test
test,170489,test
test,170515,test
test,170774,test
test,170925,test
test,170932,test
test,171023,test
test,171228,test
test,171326,test
test,171400,test
test,171427,test
test,171463,test
test,171468,test
test,171520,test
test,171557,test
test,171609,test
test,171698,test
test,171809,test
test,172068,test
test,172130,test
test,172200,test
test,172204,test
test,172215,test
test,172236,test
test,172356,test
test,172412,test
test,172444,test
test,172452,test
test,172489,test
test,172583,test
test,172641,test
test,172665,test
test,172836,test
test,172850,test
test,172863,test
test,173056,test
test,173076,test
test,173311,test
test,173378,test
test,173380,test
test,173477,test
test,173494,test
test,173502,test
test,173556,test
test,173763,test
test,173776,test
test,173918,test
test,173938,test
test,173975,test
test,174084,test
test,174119,test
test,174152,test
test,174249,test
test,174416,test
test,174457,test
test,174483,test
test,174568,test
test,174601,test
test,174619,test
test,174705,test
test,174815,test
test,174888,test
test,174920,test
test,174922,test
test,174984,test
test,175080,test
test,175114,test
test,175120,test
test,175253,test
test,175457,test
test,175532,test
test,175546,test
test,175616,test
test,175618,test
test,175943,test
test,176033,test
test,176088,test
test,176101,test
test,176201,test
test,176425,test
test,176493,test
test,176556,test
test,176656,test
test,176659,test
test,176696,test
test,176779,test
test,176925,test
test,176978,test
test,176989,test
test,177031,test
test,177054,test
test,177072,test
test,177145,test
test,177167,test
test,177213,test
test,177255,test
test,177282,test
test,177361,test
test,177527,test
test,177622,test
test,177780,test
test,177798,test
test,177885,test
test,177907,test
test,178010,test
test,178022,test
test,178094,test
test,178255,test
test,178535,test
test,178558,test
test,178696,test
test,178805,test
test,178838,test
test,179061,test
test,179283,test
test,179507,test
test,179549,test
test,179626,test
test,179783,test
test,179808,test
test,180159,test
test,180190,test
test,180272,test
test,180318,test
test,180452,test
test,180598,test
test,180728,test
test,180731,test
test,180733,test
test,180979,test
test,181011,test
test,181020,test
test,181130,test
test,181237,test
test,181276,test
test,181310,test
test,181338,test
test,181400,test
test,181450,test
test,181617,test
test,181732,test
test,181795,test
test,181800,test
test,181802,test
test,181973,test
test,182132,test
test,182165,test
test,182293,test
test,182310,test
test,182616,test
test,182820,test
test,182898,test
test,182930,test
test,183075,test
test,183113,test
test,183150,test
test,183236,test
test,183318,test
test,183376,test
test,183378,test
test,183414,test
test,183444,test
test,183454,test
test,183479,test
test,183575,test
test,183648,test
test,183704,test
test,183725,test
test,183739,test
test,183800,test
test,183811,test
test,183889,test
test,184001,test
test,184096,test
test,184234,test
test,184251,test
test,184300,test
test,184320,test
test,184381,test
test,184422,test
test,184555,test
test,184576,test
test,184663,test
test,184674,test
test,184727,test
test,184759,test
test,184904,test
test,185114,test
test,185242,test
test,185314,test
test,185329,test
test,185450,test
test,185488,test
test,185634,test
test,185717,test
test,186162,test
test,186295,test
test,186456,test
test,186470,test
test,186609,test
test,186694,test
test,186733,test
test,186767,test
test,186774,test
test,186827,test
test,186860,test
test,186950,test
test,186979,test
test,187074,test
test,187138,test
test,187240,test
test,187262,test
test,187307,test
test,187440,test
test,187524,test
test,187623,test
test,187624,test
test,187651,test
test,187681,test
test,187812,test
test,188148,test
test,188158,test
test,188382,test
test,188531,test
test,188565,test
test,188794,test
test,188934,test
test,189034,test
test,189152,test
test,189222,test
test,189526,test
test,189634,test
test,189684,test
test,189862,test
test,189888,test
test,189919,test
test,190043,test
test,190104,test
test,190158,test
test,190288,test
test,190299,test
test,190373,test
test,190447,test
test,190756,test
test,190792,test
test,190833,test
test,190854,test
test,190890,test
test,191466,test
test,191529,test
test,191564,test
test,191597,test
test,191703,test
test,191721,test
test,191748,test
test,191875,test
test,191930,test
test,191940,test
test,192118,test
test,192144,test
test,192266,test
test,192349,test
test,192425,test
test,192462,test
test,192528,test
test,192603,test
test,192636,test
test,192731,test
test,192779,test
test,192840,test
test,192945,test
test,193247,test
test,193442,test
test,193466,test
test,193686,test
test,193757,test
test,193783,test
test,193875,test
test,193929,test
test,194142,test
test,194556,test
test,194612,test
test,194625,test
test,194660,test
test,194710,test
test,194845,test
test,195118,test
test,195144,test
test,195287,test
test,195321,test
test,195387,test
test,195442,test
test,195476,test
test,195605,test
test,195680,test
test,195745,test
test,195765,test
test,195770,test
test,196083,test
test,196110,test
test,196117,test
test,196166,test
test,196427,test
test,196435,test
test,196593,test
test,196600,test
test,196646,test
test,196797,test
test,196832,test
test,196835,test
test,196900,test
test,196907,test
test,196979,test
test,196993,test
test,197074,test
test,197115,test
test,197116,test
test,197136,test
test,197149,test
test,197253,test
test,197299,test
test,197353,test
test,197425,test
test,197466,test
test,197617,test
test,197750,test
test,197781,test
test,197785,test
test,197958,test
test,197964,test
test,198173,test
test,198258,test
test,198288,test
test,198406,test
test,198414,test
test,198483,test
test,198607,test
test,198839,test
test,198845,test
test,198880,test
test,198897,test
test,199117,test
test,199131,test
test,199148,test
test,199202,test
test,199408,test
test,199613,test
test,199747,test
test,199767,test
test,199823,test
test,199848,test
test,199891,test
test,199942,test
test,199954,test
test,199984,test
test,200097,test
test,200204,test
test,200262,test
test,200333,test
test,200438,test
test,200538,test
test,200587,test
test,200761,test
test,200802,test
test,200837,test
test,200870,test
test,200891,test
test,201171,test
test,201321,test
test,201420,test
test,201432,test
test,201443,test
test,201598,test
test,201611,test
test,201698,test
test,201758,test
test,201872,test
test,201893,test
test,201973,test
test,202034,test
test,202092,test
test,202105,test
test,202135,test
test,202184,test
test,202234,test
test,202301,test
test,202457,test
test,202547,test
test,202578,test
test,202725,test
test,202818,test
test,202849,test
test,202960,test
test,203480,test
test,203580,test
test,203595,test
test,203668,test
test,203688,test
test,203705,test
test,203766,test
test,203806,test
test,203843,test
test,203862,test
test,204063,test
test,204111,test
test,204134,test
test,204147,test
test,204160,test
test,204221,test
test,204357,test
test,204389,test
test,204412,test
test,204500,test
test,204589,test
test,204612,test
test,204619,test
test,204741,test
test,204994,test
test,205054,test
test,205113,test
test,205115,test
test,205171,test
test,205344,test
test,205373,test
test,205399,test
test,205541,test
test,205624,test
test,205639,test
test,205678,test
test,205692,test
test,205770,test
test,205807,test
test,205838,test
test,205916,test
test,205959,test
test,205962,test
test,206079,test
test,206107,test
test,206118,test
test,206142,test
test,206204,test
test,206233,test
test,206260,test
test,206656,test
test,206715,test
test,206729,test
test,206792,test
test,206889,test
test,207079,test
test,207140,test
test,207149,test
test,207160,test
test,207199,test
test,207281,test
test,207371,test
test,207444,test
test,207515,test
test,207538,test
test,207661,test
test,207673,test
test,207808,test
test,207868,test
test,207920,test
test,207995,test
test,208051,test
test,208201,test
test,208232,test
test,208247,test
test,208249,test
test,208257,test
test,208314,test
test,208638,test
test,208937,test
test,209031,test
test,209169,test
test,209196,test
test,209273,test
test,209275,test
test,209520,test
test,209542,test
test,209566,test
test,209596,test
test,209671,test
test,209693,test
test,209818,test
test,209878,test
test,209904,test
test,209912,test
test,210069,test
test,210091,test
test,210121,test
test,210204,test
test,210305,test
test,210334,test
test,210422,test
test,210646,test
test,210659,test
test,210803,test
test,210831,test
test,210849,test
test,210861,test
test,210960,test
test,211093,test
test,211426,test
test,211435,test
test,211626,test
test,211680,test
test,211797,test
test,211838,test
test,211938,test
test,212079,test
test,212111,test
test,212139,test
test,212304,test
test,212443,test
test,212531,test
test,212542,test
test,212706,test
test,212761,test
test,212772,test
test,212791,test
test,212855,test
test,212894,test
test,212967,test
test,212984,test
test,213083,test
test,213206,test
test,213344,test
test,213402,test
test,213620,test
test,213646,test
test,213660,test
test,213775,test
test,214025,test
test,214085,test
test,214267,test
test,214284,test
test,214333,test
test,214342,test
test,214363,test
test,214418,test
test,214737,test
test,214791,test
test,214839,test
test,215009,test
test,215024,test
test,215089,test
test,215127,test
test,215132,test
test,215154,test
test,215255,test
test,215296,test
test,215323,test
test,215421,test
test,215480,test
test,215592,test
test,215603,test
test,215672,test
test,216012,test
test,216186,test
test,216292,test
test,216422,test
test,216762,test
test,216833,test
test,216856,test
test,216901,test
test,216937,test
test,216958,test
test,217055,test
test,217148,test
test,217149,test
test,217295,test
test,217324,test
test,217451,test
test,217562,test
test,217727,test
test,217765,test
test,217887,test
test,217960,test
test,218226,test
test,218244,test
test,218279,test
test,218404,test
test,218438,test
test,218705,test
test,218732,test
test,218786,test
test,218797,test
test,218819,test
test,218853,test
test,218862,test
test,218865,test
test,218966,test
test,219022,test
test,219065,test
test,219081,test
test,219100,test
test,219321,test
test,219350,test
test,219353,test
test,219360,test
test,219540,test
test,219616,test
test,219626,test
test,219635,test
test,219710,test
test,219891,test
test,220001,test
test,220092,test
test,220261,test
test,220542,test
test,220561,test
test,220572,test
test,220576,test
test,220631,test
test,220639,test
test,220690,test
test,220765,test
test,220849,test
test,220885,test
test,220895,test
test,220943,test
test,221049,test
test,221113,test
test,221166,test
test,221182,test
test,221236,test
test,221351,test
test,221388,test
test,221527,test
test,221532,test
test,221582,test
test,221587,test
test,221665,test
test,221705,test
test,221868,test
test,222078,test
test,222120,test
test,222211,test
test,222287,test
test,222299,test
test,222310,test
test,222374,test
test,222576,test
test,222816,test
test,222932,test
test,223026,test
test,223109,test
test,223120,test
test,223126,test
test,223312,test
test,223404,test
test,223406,test
test,223517,test
test,223534,test
test,223555,test
test,223598,test
test,223672,test
test,223801,test
test,223966,test
test,224050,test
test,224203,test
test,224220,test
test,224450,test
test,224522,test
test,224661,test
test,224718,test
test,224778,test
test,224823,test
test,224889,test
test,224944,test
test,224967,test
test,225087,test
test,225209,test
test,225221,test
test,225274,test
test,225323,test
test,225387,test
test,225469,test
test,225513,test
test,225543,test
test,225582,test
test,225585,test
test,225721,test
test,225733,test
test,225826,test
test,225900,test
test,226021,test
test,226048,test
test,226268,test
test,226273,test
test,226531,test
test,226593,test
test,226681,test
test,226718,test
test,226823,test
test,226890,test
test,226929,test
test,226938,test
test,226941,test
test,227273,test
test,227286,test
test,227580,test
test,227726,test
test,227803,test
test,228000,test
test,228015,test
test,228028,test
test,228034,test
test,228051,test
test,228075,test
test,228077,test
test,228120,test
test,228124,test
test,228172,test
test,228231,test
test,228303,test
test,228323,test
test,228347,test
test,228411,test
test,228567,test
test,228745,test
test,228866,test
test,229008,test
test,229113,test
test,229148,test
test,229151,test
test,229348,test
test,229374,test
test,229383,test
test,229399,test
test,229433,test
test,229443,test
test,229620,test
test,229644,test
test,229714,test
test,229810,test
test,229869,test
test,229903,test
test,229910,test
test,229971,test
test,230153,test
test,230167,test
test,230189,test
test,230191,test
test,230212,test
test,230472,test
test,230600,test
test,230626,test
test,230738,test
test,230890,test
test,230931,test
test,230940,test
test,231035,test
test,231051,test
test,231073,test
test,231101,test
test,231171,test
test,231223,test
test,231224,test
test,231377,test
test,231392,test
test,231647,test
test,231759,test
test,231782,test
test,231931,test
test,232011,test
test,232028,test
test,232092,test
test,232181,test
test,232195,test
test,232379,test
test,232400,test
test,232454,test
test,232544,test
test,232643,test
test,232647,test
test,232659,test
test,232725,test
test,232888,test
test,232908,test
test,232931,test
test,233000,test
test,233071,test
test,233108,test
test,233195,test
test,233208,test
test,233280,test
test,233331,test
test,233414,test
test,233514,test
test,233534,test
test,233615,test
test,233827,test
test,233836,test
test,233874,test
test,233983,test
test,234038,test
test,234170,test
test,234299,test
test,234326,test
test,234367,test
test,234404,test
test,234405,test
test,234440,test
test,234485,test
test,234555,test
test,234640,test
test,234722,test
test,234750,test
test,234940,test
test,235017,test
test,235038,test
test,235125,test
test,235149,test
test,235170,test
test,235188,test
test,235208,test
test,235211,test
test,235393,test
test,235429,test
test,235531,test
test,235697,test
test,235710,test
test,235742,test
test,235746,test
test,235786,test
test,235976,test
test,236121,test
test,236146,test
test,236154,test
test,236209,test
test,236226,test
test,236233,test
test,236331,test
test,236521,test
test,236615,test
test,236696,test
test,236717,test
test,236823,test
test,236904,test
test,237063,test
test,237084,test
test,237356,test
test,237437,test
test,237446,test
test,237512,test
test,237533,test
test,237666,test
test,237667,test
test,237673,test
test,237694,test
test,237714,test
test,237905,test
test,237911,test
test,237927,test
test,237929,test
test,237939,test
test,238297,test
test,238389,test
test,238486,test
test,238514,test
test,238523,test
test,238570,test
test,238644,test
test,238803,test
test,238823,test
test,238836,test
test,238890,test
test,238982,test
test,239013,test
test,239154,test
test,239157,test
test,239434,test
test,239507,test
test,239527,test
test,239567,test
test,239721,test
test,240135,test
test,240242,test
test,240257,test
test,240274,test
test,240378,test
test,240428,test
test,240500,test
test,240683,test
test,240687,test
test,240725,test
test,240766,test
test,240824,test
test,241012,test
test,241050,test
test,241089,test
test,241143,test
test,241230,test
test,241296,test
test,241417,test
test,241606,test
test,241815,test
test,241887,test
test,241911,test
test,241970,test
test,242020,test
test,242026,test
test,242083,test
test,242127,test
test,242161,test
test,242377,test
test,242380,test
test,242383,test
test,242558,test
test,242584,test
test,242787,test
test,242795,test
test,242913,test
test,242950,test
test,242951,test
test,242966,test
test,242984,test
test,243081,test
test,243129,test
test,243143,test
test,243329,test
test,243339,test
test,243360,test
test,243455,test
test,243465,test
test,243479,test
test,243514,test
test,243516,test
test,243549,test
test,243596,test
test,243628,test
test,243701,test
test,243777,test
test,243808,test
test,244109,test
test,244221,test
test,244369,test
test,244401,test
test,244532,test
test,244630,test
test,244681,test
test,244842,test
test,244999,test
test,245118,test
test,245127,test
test,245319,test
test,245330,test
test,245435,test
test,245443,test
test,245610,test
test,245747,test
test,245923,test
test,245941,test
test,246141,test
test,246331,test
test,246412,test
test,246427,test
test,246504,test
test,246656,test
test,246683,test
test,246690,test
test,246802,test
test,246850,test
test,247052,test
test,247147,test
test,247258,test
test,247346,test
test,247399,test
test,247421,test
test,247440,test
test,247517,test
test,247544,test
test,247715,test
test,247855,test
test,247871,test
test,247953,test
test,248346,test
test,248356,test
test,248480,test
test,248496,test
test,248504,test
test,248593,test
test,248654,test
test,248733,test
test,248735,test
test,248745,test
test,248771,test
test,248772,test
test,248819,test
test,249104,test
test,249114,test
test,249502,test
test,249585,test
test,249602,test
test,249675,test
test,249757,test
test,249850,test
test,249926,test
test,249957,test
test,250239,test
test,250302,test
test,250367,test
test,250566,test
test,250684,test
test,250747,test
test,250811,test
test,250887,test
test,250953,test
test,250986,test
test,251031,test
test,251033,test
test,251050,test
test,251153,test
test,251209,test
test,251239,test
test,251819,test
test,251822,test
test,251907,test
test,252179,test
test,252278,test
test,252284,test
test,252310,test
test,252384,test
test,252421,test
test,252512,test
test,252695,test
test,252873,test
test,252952,test
test,252981,test
test,253088,test
test,253096,test
test,253120,test
test,253368,test
test,253459,test
test,253464,test
test,253567,test
test,253981,test
test,254051,test
test,254173,test
test,254228,test
test,254251,test
test,254274,test
test,254376,test
test,254407,test
test,254437,test
test,254445,test
test,254516,test
test,254632,test
test,254645,test
test,254667,test
test,254668,test
test,254744,test
test,254895,test
test,255019,test
test,255030,test
test,255047,test
test,255117,test
test,255138,test
test,255181,test
test,255182,test
test,255193,test
test,255218,test
test,255241,test
test,255242,test
test,255296,test
test,255420,test
test,255422,test
test,255486,test
test,255589,test
test,255602,test
test,255660,test
test,255853,test
test,256029,test
test,256116,test
test,256231,test
test,256469,test
test,256485,test
test,256565,test
test,256590,test
test,256607,test
test,256768,test
test,256815,test
test,256895,test
test,256991,test
test,257073,test
test,257124,test
test,257225,test
test,257475,test
test,257494,test
test,257530,test
test,257693,test
test,257709,test
test,257826,test
test,257903,test
test,258023,test
test,258071,test
test,258106,test
test,258222,test
test,258359,test
test,258459,test
test,258540,test
test,258609,test
test,258697,test
test,258744,test
test,258787,test
test,258790,test
test,258873,test
test,258897,test
test,258957,test
test,259013,test
test,259028,test
test,259036,test
test,259042,test
test,259100,test
test,259255,test
test,259412,test
test,259418,test
test,259485,test
test,259568,test
test,259657,test
test,259771,test
test,259930,test
test,259937,test
test,260057,test
test,260242,test
test,260526,test
test,260644,test
test,260682,test
test,260767,test
test,260821,test
test,260830,test
test,260911,test
test,260963,test
test,261183,test
test,261203,test
test,261233,test
test,261347,test
test,261483,test
test,261613,test
test,261654,test
test,261686,test
test,261865,test
test,261907,test
test,261922,test
test,261977,test
test,262110,test
test,262123,test
test,262163,test
test,262189,test
test,262391,test
test,262422,test
test,262486,test
test,262548,test
test,262605,test
test,262869,test
test,262921,test
test,262934,test
test,263066,test
test,263101,test
test,263186,test
test,263454,test
test,263467,test
test,263470,test
test,263739,test
test,263756,test
test,263987,test
test,264097,test
test,264121,test
test,264357,test
test,264369,test
test,264469,test
test,264717,test
test,264760,test
test,264770,test
test,264789,test
test,264830,test
test,264875,test
test,265103,test
test,265208,test
test,265252,test
test,265253,test
test,265257,test
test,265298,test
test,265308,test
test,265330,test
test,265383,test
test,265502,test
test,265528,test
test,265534,test
test,265617,test
test,265678,test
test,265707,test
test,265907,test
test,266034,test
test,266085,test
test,266110,test
test,266245,test
test,266248,test
test,266261,test
test,266302,test
test,266317,test
test,266366,test
test,266494,test
test,266575,test
test,266605,test
test,266743,test
test,266795,test
test,266867,test
test,266979,test
test,266992,test
test,267045,test
test,267076,test
test,267092,test
test,267103,test
test,267113,test
test,267201,test
test,267416,test
test,267446,test
test,267524,test
test,267580,test
test,267799,test
test,267890,test
test,268041,test
test,268125,test
test,268140,test
test,268183,test
test,268259,test
test,268397,test
test,268763,test
test,268858,test
test,268934,test
test,269024,test
test,269103,test
test,269112,test
test,269184,test
test,269381,test
test,269462,test
test,269565,test
test,269751,test
test,269770,test
test,269851,test
test,269941,test
test,269974,test
test,270012,test
test,270117,test
test,270143,test
test,270144,test
test,270323,test
test,270341,test
test,270411,test
test,270452,test
test,270523,test
test,270561,test
test,270589,test
test,270662,test
test,270665,test
test,270777,test
test,270845,test
test,270853,test
test,270931,test
test,271185,test
test,271210,test
test,271233,test
test,271313,test
test,271318,test
test,271378,test
test,271399,test
test,271409,test
test,271422,test
test,271449,test
test,271468,test
test,271481,test
test,271594,test
test,271822,test
test,271839,test
test,271925,test
test,272017,test
test,272067,test
test,272225,test
test,272265,test
test,272669,test
test,272674,test
test,272689,test
test,272713,test
test,272816,test
test,272949,test
test,272995,test
test,273011,test
test,273015,test
test,273054,test
test,273149,test
test,273156,test
test,273329,test
test,273388,test
test,273580,test
test,273605,test
test,273967,test
test,274002,test
test,274184,test
test,274217,test
test,274228,test
test,274403,test
test,274437,test
test,274571,test
test,274611,test
test,274650,test
test,274667,test
test,274847,test
test,274930,test
test,274991,test
test,275128,test
test,275210,test
test,275414,test
test,275470,test
test,275487,test
test,275516,test
test,275599,test
test,275806,test
test,276018,test
test,276044,test
test,276092,test
test,276142,test
test,276244,test
test,276284,test
test,276360,test
test,276584,test
test,276655,test
test,276818,test
test,277070,test
test,277136,test
test,277243,test
test,277337,test
test,277358,test
test,277408,test
test,277474,test
test,277600,test
test,277699,test
test,277969,test
test,277992,test
test,278100,test
test,278167,test
test,278245,test
test,278490,test
test,278553,test
test,278575,test
test,278740,test
test,278788,test
test,278995,test
test,279078,test
test,279260,test
test,279382,test
test,279507,test
test,279773,test
test,279828,test
test,279898,test
test,280077,test
test,280116,test
test,280206,test
test,280421,test
test,280440,test
test,280467,test
test,280541,test
test,280586,test
test,280697,test
test,280799,test
test,280818,test
test,280859,test
test,280910,test
test,280929,test
test,281002,test
test,281009,test
test,281080,test
test,281196,test
test,281346,test
test,281449,test
test,281458,test
test,281585,test
test,281615,test
test,281709,test
test,281726,test
test,281743,test
test,281758,test
test,281790,test
test,281819,test
test,282039,test
test,282112,test
test,282118,test
test,282148,test
test,282163,test
test,282388,test
test,282552,test
test,282723,test
test,282735,test
test,282766,test
test,282813,test
test,282954,test
test,282982,test
test,283110,test
test,283168,test
test,283195,test
test,283312,test
test,283339,test
test,283411,test
test,283425,test
test,283470,test
test,283485,test
test,283537,test
test,283634,test
test,283846,test
test,283966,test
test,284035,test
test,284049,test
test,284059,test
test,284062,test
test,284225,test
test,284229,test
test,284255,test
test,284280,test
test,284391,test
test,284446,test
test,284449,test
test,284488,test
test,284500,test
test,284505,test
test,284515,test
test,284558,test
test,284574,test
test,284580,test
test,284757,test
test,284910,test
test,285002,test
test,285306,test
test,285336,test
test,285337,test
test,285363,test
test,285462,test
test,285498,test
test,285562,test
test,285611,test
test,285653,test
test,285673,test
test,285876,test
test,285952,test
test,285978,test
test,286078,test
test,286200,test
test,286260,test
test,286282,test
test,286376,test
test,286410,test
test,286424,test
test,286558,test
test,286595,test
test,286596,test
test,286778,test
test,286798,test
test,286817,test
test,286870,test
test,287104,test
test,287119,test
test,287145,test
test,287270,test
test,287285,test
test,287301,test
test,287459,test
test,287609,test
test,287664,test
test,287684,test
test,287700,test
test,287735,test
test,287765,test
test,287778,test
test,287840,test
test,287865,test
test,287944,test
test,287958,test
test,287985,test
test,288029,test
test,288090,test
test,288158,test
test,288302,test
test,288362,test
test,288390,test
test,288471,test
test,288482,test
test,288510,test
test,288610,test
test,288668,test
test,288756,test
test,288759,test
test,288864,test
test,288876,test
test,288940,test
test,288963,test
test,289030,test
test,289143,test
test,289213,test
test,289246,test
test,289267,test
test,289503,test
test,289534,test
test,289617,test
test,289625,test
test,289753,test
test,289850,test
test,289971,test
test,290152,test
test,290166,test
test,290275,test
test,290276,test
test,290332,test
test,290452,test
test,290493,test
test,290643,test
test,290674,test
test,290678,test
test,290699,test
test,290765,test
test,290791,test
test,290940,test
test,290999,test
test,291085,test
test,291160,test
test,291373,test
test,291384,test
test,291529,test
test,291836,test
test,292050,test
test,292177,test
test,292188,test
test,292285,test
test,292300,test
test,292325,test
test,292366,test
test,292561,test
test,292577,test
test,292763,test
test,292864,test
test,293032,test
test,293096,test
test,293106,test
test,293111,test
test,293182,test
test,293215,test
test,293341,test
test,293520,test
test,293590,test
test,293724,test
test,293796,test
test,293944,test
test,293954,test
test,294005,test
test,294036,test
test,294037,test
test,294040,test
test,294061,test
test,294136,test
test,294168,test
test,294232,test
test,294313,test
test,294315,test
test,294352,test
test,294490,test
test,294546,test
test,294552,test
test,294591,test
test,294649,test
test,294727,test
test,295005,test
test,295046,test
test,295088,test
test,295187,test
test,295323,test
test,295430,test
test,295596,test
test,295602,test
test,295607,test
test,295665,test
test,295992,test
test,296033,test
test,296243,test
test,296292,test
test,296311,test
test,296400,test
test,296684,test
test,296701,test
test,296903,test
test,297003,test
test,297085,test
test,297161,test
test,297367,test
test,297484,test
test,297493,test
test,297524,test
test,297596,test
test,297660,test
test,297691,test
test,297726,test
test,297732,test
test,297765,test
test,297770,test
test,297790,test
test,297915,test
test,297926,test
test,297930,test
test,298269,test
test,298392,test
test,298414,test
test,298631,test
test,298636,test
test,298706,test
test,298742,test
test,298748,test
test,298757,test
test,298848,test
test,298937,test
test,299098,test
test,299263,test
test,299387,test
test,299522,test
test,299677,test
test,299730,test
test,299807,test
test,299837,test
test,299853,test
test,300024,test
test,300101,test
test,300142,test
test,300301,test
test,300342,test
test,300566,test
test,300817,test
test,300995,test
test,301069,test
test,301235,test
test,301291,test
test,301334,test
test,301426,test
test,301493,test
test,301564,test
test,301569,test
test,301623,test
test,301642,test
test,301896,test
test,301898,test
test,301909,test
test,301943,test
test,301954,test
test,302053,test
test,302054,test
test,302078,test
test,302104,test
test,302185,test
test,302212,test
test,302235,test
test,302305,test
test,302323,test
test,302464,test
test,302515,test
test,302574,test
test,302773,test
test,302948,test
test,302968,test
test,303208,test
test,303354,test
test,303415,test
test,303637,test
test,303665,test
test,303746,test
test,303767,test
test,303883,test
test,303952,test
test,304205,test
test,304277,test
test,304281,test
test,304326,test
test,304479,test
test,304624,test
test,304677,test
test,304766,test
test,304791,test
test,304857,test
test,304876,test
test,304880,test
test,304892,test
test,305188,test
test,305343,test
test,305478,test
test,305519,test
test,305537,test
test,305666,test
test,305680,test
test,305691,test
test,305813,test
test,305826,test
test,306011,test
test,306234,test
test,306425,test
test,306771,test
test,306977,test
test,306992,test
test,307023,test
test,307064,test
test,307260,test
test,307279,test
test,307338,test
test,307357,test
test,307417,test
test,307426,test
test,307499,test
test,307553,test
test,307651,test
test,307832,test
test,308011,test
test,308113,test
test,308120,test
test,308251,test
test,308296,test
test,308328,test
test,308370,test
test,308432,test
test,308516,test
test,308565,test
test,308669,test
test,308716,test
test,308784,test
test,308829,test
test,308873,test
test,308893,test
test,308945,test
test,308954,test
test,309084,test
test,309156,test
test,309313,test
test,309370,test
test,309410,test
test,309426,test
test,309514,test
test,309626,test
test,309803,test
test,309822,test
test,310036,test
test,310059,test
test,310066,test
test,310083,test
test,310098,test
test,310134,test
test,310149,test
test,310234,test
test,310304,test
test,310390,test
test,310415,test
test,310450,test
test,310463,test
test,310729,test
test,310822,test
test,310839,test
test,310857,test
test,310934,test
test,310960,test
test,311210,test
test,311322,test
test,311341,test
test,311401,test
test,311498,test
test,311507,test
test,311635,test
test,311707,test
test,311710,test
test,311847,test
test,311862,test
test,311864,test
test,312032,test
test,312073,test
test,312154,test
test,312207,test
test,312313,test
test,312463,test
test,312466,test
test,312492,test
test,312522,test
test,312620,test
test,312649,test
test,312681,test
test,312705,test
test,312728,test
test,312814,test
test,312841,test
test,312939,test
test,313061,test
test,313121,test
test,313156,test
test,313176,test
test,313223,test
test,313318,test
test,313358,test
test,313443,test
test,313465,test
test,313483,test
test,313513,test
test,313537,test
test,313580,test
test,313703,test
test,313799,test
test,313801,test
test,313890,test
test,313972,test
test,314023,test
test,314285,test
test,314374,test
test,314434,test
test,314562,test
test,314597,test
test,314669,test
test,314748,test
test,314829,test
test,314847,test
test,314959,test
test,314974,test
test,315257,test
test,315382,test
test,315410,test
test,315438,test
test,315449,test
test,315481,test
test,315652,test
test,315761,test
test,315883,test
test,316042,test
test,316105,test
test,316194,test
test,316214,test
test,316237,test
test,316309,test
test,316363,test
test,316501,test
test,316585,test
test,316822,test
test,316900,test
test,316920,test
test,316921,test
test,316991,test
test,317038,test
test,317350,test
test,317502,test
test,317557,test
test,317590,test
test,317951,test
test,318419,test
test,318428,test
test,318466,test
test,318475,test
test,318641,test
test,318688,test
test,318842,test
test,318855,test
test,318865,test
test,318869,test
test,318889,test
test,318998,test
test,319081,test
test,319259,test
test,319388,test
test,319437,test
test,319505,test
test,319577,test
test,319760,test
test,319870,test
test,319897,test
test,319962,test
test,320027,test
test,320075,test
test,320172,test
test,320320,test
test,320338,test
test,320363,test
test,320379,test
test,320586,test
test,320631,test
test,320912,test
test,321090,test
test,321097,test
test,321139,test
test,321383,test
test,321430,test
test,321485,test
test,321614,test
test,321621,test
test,321632,test
test,321639,test
test,321882,test
test,321910,test
test,321987,test
test,322011,test
test,322110,test
test,322159,test
test,322344,test
test,322361,test
test,322446,test
test,322467,test
test,322629,test
test,322637,test
test,322774,test
test,322833,test
test,323048,test
test,323070,test
test,323099,test
test,323127,test
test,323134,test
test,323205,test
test,323209,test
test,323499,test
test,323600,test
test,323604,test
test,323729,test
test,323754,test
test,323867,test
test,323936,test
test,323985,test
test,324035,test
test,324073,test
test,324175,test
test,324176,test
test,324187,test
test,324204,test
test,324287,test
test,324291,test
test,324408,test
test,324457,test
test,324544,test
test,324558,test
test,324605,test
test,324742,test
test,324791,test
test,324883,test
test,324893,test
test,324897,test
test,324953,test
test,324961,test
test,325044,test
test,325444,test
test,325618,test
test,325623,test
test,325640,test
test,325690,test
test,325691,test
test,325748,test
test,326160,test
test,326189,test
test,326288,test
test,326418,test
test,326452,test
test,326548,test
test,326701,test
test,326749,test
test,326881,test
test,326961,test
test,327035,test
test,327043,test
test,327089,test
test,327092,test
test,327136,test
test,327214,test
test,327307,test
test,327845,test
test,327871,test
test,328003,test
test,328032,test
test,328340,test
test,328393,test
test,328410,test
test,328417,test
test,328662,test
test,328723,test
test,328759,test
test,328915,test
test,328925,test
test,328940,test
test,328997,test
test,329051,test
test,329186,test
test,329232,test
test,329302,test
test,329331,test
test,329356,test
test,329485,test
test,329540,test
test,329706,test
test,329732,test
test,329821,test
test,330023,test
test,330065,test
test,330077,test
test,330189,test
test,330270,test
test,330355,test
test,330548,test
test,330565,test
test,330568,test
test,330807,test
test,330833,test
test,330866,test
test,330973,test
test,331096,test
test,331121,test
test,331169,test
test,331181,test
test,331447,test
test,331576,test
test,331647,test
test,331775,test
test,331933,test
test,331949,test
test,332153,test
test,332164,test
test,332202,test
test,332255,test
test,332273,test
test,332354,test
test,332411,test
test,332538,test
test,332558,test
test,332668,test
test,332725,test
test,332772,test
test,332795,test
test,332990,test
test,333003,test
test,333052,test
test,333124,test
test,333137,test
test,333252,test
test,333320,test
test,333354,test
test,333435,test
test,333525,test
test,333815,test
test,333850,test
test,333967,test
test,334065,test
test,334084,test
test,334482,test
test,334558,test
test,334795,test
test,335047,test
test,335254,test
test,335658,test
test,335743,test
test,335838,test
test,335896,test
test,335951,test
test,335957,test
test,335973,test
test,336236,test
test,336239,test
test,336246,test
test,336338,test
test,336354,test
test,336401,test
test,336435,test
test,336504,test
test,336622,test
test,336923,test
test,336942,test
test,337203,test
test,337251,test
test,337330,test
test,337428,test
test,337484,test
test,337504,test
test,337506,test
test,337513,test
test,337607,test
test,337743,test
test,337871,test
test,338033,test
test,338156,test
test,338490,test
test,338556,test
test,338612,test
test,338618,test
test,338633,test
test,338691,test
test,338745,test
test,338789,test
test,338893,test
test,338955,test
test,339175,test
test,339211,test
test,339237,test
test,339329,test
test,339338,test
test,339475,test
test,339483,test
test,339497,test
test,339514,test
test,339522,test
test,339558,test
test,339797,test
test,339816,test
test,339846,test
test,340005,test
test,340007,test
test,340021,test
test,340040,test
test,340127,test
test,340151,test
test,340202,test
test,340222,test
test,340344,test
test,340532,test
test,340596,test
test,340597,test
test,340778,test
test,340830,test
test,340846,test
test,340875,test
test,340927,test
test,340934,test
test,341045,test
test,341121,test
test,341127,test
test,341448,test
test,341453,test
test,341494,test
test,341821,test
test,341946,test
test,341987,test
test,342278,test
test,342454,test
test,342464,test
test,342468,test
test,342556,test
test,342841,test
test,342908,test
test,343040,test
test,343056,test
test,343139,test
test,343168,test
test,343372,test
test,343381,test
test,343437,test
test,343498,test
test,343515,test
test,343544,test
test,343667,test
test,343714,test
test,343895,test
test,343918,test
test,343998,test
test,344055,test
test,344060,test
test,344220,test
test,344384,test
test,344418,test
test,344461,test
test,344537,test
test,344581,test
test,344594,test
test,344672,test
test,344727,test
test,344733,test
test,344868,test
test,344895,test
test,344929,test
test,345091,test
test,345097,test
test,345125,test
test,345191,test
test,345215,test
test,345308,test
test,345318,test
test,345321,test
test,345381,test
test,345390,test
test,345401,test
test,345489,test
test,345509,test
test,345536,test
test,345611,test
test,345735,test
test,345784,test
test,346057,test
test,346058,test
test,346135,test
test,346233,test
test,346235,test
test,346299,test
test,346324,test
test,346479,test
test,346530,test
test,346568,test
test,346590,test
test,346679,test
test,346700,test
test,346784,test
test,346877,test
test,346989,test
test,347049,test
test,347192,test
test,347243,test
test,347384,test
test,347389,test
test,347409,test
test,347474,test
test,347491,test
test,347527,test
test,347566,test
test,347669,test
test,347711,test
test,347795,test
test,347812,test
test,347845,test
test,347934,test
test,348023,test
test,348184,test
test,348268,test
test,348445,test
test,348473,test
test,348545,test
test,348555,test
test,348577,test
test,348589,test
test,348659,test
test,348737,test
test,348927,test
test,348933,test
test,349155,test
test,349255,test
test,349270,test
test,349313,test
test,349336,test
test,349417,test
test,349507,test
test,349581,test
test,349643,test
test,349749,test
test,349801,test
test,349864,test
test,350195,test
test,350261,test
test,350290,test
test,350447,test
test,350583,test
test,350709,test
test,350994,test
test,351048,test
test,351171,test
test,351210,test
test,351215,test
test,351320,test
test,351438,test
test,351883,test
test,352006,test
test,352149,test
test,352239,test
test,352307,test
test,352335,test
test,352350,test
test,352363,test
test,352622,test
test,352794,test
test,352826,test
test,352838,test
test,352855,test
test,352915,test
test,352923,test
test,353009,test
test,353033,test
test,353074,test
test,353296,test
test,353351,test
test,353355,test
test,353398,test
test,353618,test
test,353794,test
test,353801,test
test,353994,test
test,354065,test
test,354138,test
test,354143,test
test,354269,test
test,354342,test
test,354580,test
test,354586,test
test,354657,test
test,354660,test
test,354782,test
test,354841,test
test,354942,test
test,355021,test
test,355095,test
test,355131,test
test,355205,test
test,355319,test
test,355359,test
test,355361,test
test,355475,test
test,355504,test
test,355573,test
test,355821,test
test,355829,test
test,355870,test
test,356009,test
test,356013,test
test,356091,test
test,356132,test
test,356160,test
test,356229,test
test,356257,test
test,356305,test
test,356338,test
test,356458,test
test,356477,test
test,356481,test
test,356504,test
test,356653,test
test,356704,test
test,356781,test
test,356788,test
test,356851,test
test,356909,test
test,356998,test
test,357124,test
test,357258,test
test,357446,test
test,357455,test
test,357649,test
test,357665,test
test,357929,test
test,358308,test
test,358362,test
test,358593,test
test,358610,test
test,358670,test
test,358724,test
test,358744,test
test,358770,test
test,358909,test
test,359256,test
test,359453,test
test,359480,test
test,359518,test
test,359537,test
test,359641,test
test,359749,test
test,359752,test
test,359850,test
test,359999,test
test,360038,test
test,360090,test
test,360103,test
test,360251,test
test,360294,test
test,360375,test
test,360385,test
test,360465,test
test,360964,test
test,361284,test
test,361309,test
test,361410,test
test,361513,test
test,361562,test
test,361762,test
test,361790,test
test,361796,test
test,361812,test
test,361886,test
test,361938,test
test,362112,test
test,362158,test
test,362189,test
test,362292,test
test,362299,test
test,362357,test
test,362533,test
test,362760,test
test,362793,test
test,362985,test
test,363119,test
test,363184,test
test,363228,test
test,363319,test
test,363329,test
test,363338,test
test,363340,test
test,363361,test
test,363364,test
test,363436,test
test,363437,test
test,363517,test
test,363538,test
test,363600,test
test,363667,test
test,363858,test
test,363879,test
test,363895,test
test,363915,test
test,364127,test
test,364191,test
test,364302,test
test,364337,test
test,364502,test
test,364508,test
test,364522,test
test,364613,test
test,364626,test
test,364658,test
test,364719,test
test,364732,test
test,364793,test
test,364887,test
test,364978,test
test,365145,test
test,365159,test
test,365163,test
test,365239,test
test,365290,test
test,365342,test
test,365443,test
test,365507,test
test,365682,test
test,365833,test
test,366067,test
test,366076,test
test,366084,test
test,366300,test
test,366492,test
test,366531,test
test,366575,test
test,366584,test
test,366661,test
test,366713,test
test,366730,test
test,366731,test
test,366779,test
test,366873,test
test,367310,test
test,367365,test
test,367417,test
test,367469,test
test,367753,test
test,367794,test
test,368077,test
test,368097,test
test,368262,test
test,368287,test
test,368422,test
test,368451,test
test,368485,test
test,368521,test
test,368578,test
test,368604,test
test,368688,test
test,368751,test
test,368967,test
test,369010,test
test,369093,test
test,369192,test
test,369262,test
test,369357,test
test,369379,test
test,369450,test
test,369500,test
test,369523,test
test,369535,test
test,369551,test
test,369583,test
test,369607,test
test,370043,test
test,370215,test
test,370248,test
test,370347,test
test,370697,test
test,370710,test
test,370984,test
test,370993,test
test,371147,test
test,371150,test
test,371255,test
test,371271,test
test,371276,test
test,371310,test
test,371317,test
test,371728,test
test,371892,test
test,371928,test
test,371937,test
test,372158,test
test,372171,test
test,372195,test
test,372314,test
test,372492,test
test,372571,test
test,372639,test
test,372663,test
test,372811,test
test,372914,test
test,372996,test
test,373031,test
test,373063,test
test,373096,test
test,373105,test
test,373114,test
test,373211,test
test,373284,test
test,373579,test
test,373591,test
test,373681,test
test,373820,test
test,373830,test
test,373913,test
test,373918,test
test,373953,test
test,374179,test
test,374311,test
test,374407,test
test,374412,test
test,374507,test
test,374528,test
test,374547,test
test,374734,test
test,374736,test
test,374738,test
test,374773,test
test,375032,test
test,375078,test
test,375555,test
test,375590,test
test,375667,test
test,375774,test
test,375809,test
test,375812,test
test,375842,test
test,375937,test
test,375943,test
test,376048,test
test,376166,test
test,376169,test
test,376179,test
test,376225,test
test,376282,test
test,376301,test
test,376340,test
test,376378,test
test,376533,test
test,376557,test
test,376690,test
test,376708,test
test,376768,test
test,376891,test
test,377110,test
test,377114,test
test,377135,test
test,377157,test
test,377300,test
test,377355,test
test,377689,test
test,378091,test
test,378348,test
test,378464,test
test,378466,test
test,378520,test
test,378574,test
test,378581,test
test,378600,test
test,378634,test
test,378690,test
test,378736,test
test,378815,test
test,378897,test
test,379242,test
test,379260,test
test,379272,test
test,379393,test
test,379563,test
test,379719,test
test,379734,test
test,379757,test
test,379790,test
test,379808,test
test,379819,test
test,379830,test
test,379844,test
test,379846,test
test,379867,test
test,379957,test
test,379971,test
test,379982,test
test,380064,test
test,380122,test
test,380264,test
test,380431,test
test,380445,test
test,380458,test
test,380461,test
test,380568,test
test,380612,test
test,380776,test
test,380790,test
test,380812,test
test,380879,test
test,380902,test
test,380929,test
test,381100,test
test,381152,test
test,381344,test
test,381498,test
test,381509,test
test,381550,test
test,381593,test
test,381637,test
test,381663,test
test,381846,test
test,381947,test
test,382062,test
test,382157,test
test,382177,test
test,382315,test
test,382352,test
test,382443,test
test,382505,test
test,382521,test
test,382765,test
test,382967,test
test,383015,test
test,383109,test
test,383126,test
test,383178,test
test,383197,test
test,383354,test
test,383374,test
test,383418,test
test,383535,test
test,383880,test
test,383890,test
test,384013,test
test,384144,test
test,384157,test
test,384190,test
test,384253,test
test,384289,test
test,384364,test
test,384521,test
test,384553,test
test,384575,test
test,384636,test
test,384642,test
test,384781,test
test,384925,test
test,384949,test
test,384958,test
test,385047,test
test,385395,test
test,385419,test
test,385429,test
test,385433,test
test,385619,test
test,385698,test
test,385800,test
test,385832,test
test,385889,test
test,385954,test
test,386059,test
test,386431,test
test,386537,test
test,386569,test
test,386651,test
test,386695,test
test,386777,test
test,386808,test
test,386918,test
test,387099,test
test,387159,test
test,387207,test
test,387265,test
test,387313,test
test,387444,test
test,387528,test
test,387744,test
test,387855,test
test,387905,test
test,387943,test
test,387950,test
test,387997,test
test,388050,test
test,388158,test
test,388178,test
test,388320,test
test,388424,test
test,388440,test
test,388444,test
test,388570,test
test,388578,test
test,388604,test
test,388883,test
test,388958,test
test,388970,test
test,389086,test
test,389190,test
test,389271,test
test,389410,test
test,389431,test
test,389530,test
test,389610,test
test,389635,test
test,389720,test
test,389949,test
test,390042,test
test,390080,test
test,390094,test
test,390100,test
test,390111,test
test,390195,test
test,390196,test
test,390240,test
test,390254,test
test,390519,test
test,390630,test
test,390695,test
test,390719,test
test,391022,test
test,391050,test
test,391139,test
test,391145,test
test,391163,test
test,391218,test
test,391230,test
test,391411,test
test,391449,test
test,391536,test
test,391571,test
test,391706,test
test,391854,test
test,391922,test
test,391986,test
test,392016,test
test,392043,test
test,392154,test
test,392237,test
test,392380,test
test,392496,test
test,392509,test
test,392620,test
test,392654,test
test,392730,test
test,392807,test
test,392827,test
test,393157,test
test,393212,test
test,393215,test
test,393308,test
test,393473,test
test,393502,test
test,393597,test
test,393646,test
test,393669,test
test,393727,test
test,393821,test
test,393833,test
test,393917,test
test,394039,test
test,394111,test
test,394168,test
test,394199,test
test,394209,test
test,394320,test
test,394334,test
test,394339,test
test,394427,test
test,394429,test
test,394514,test
test,394566,test
test,394572,test
test,394631,test
test,394660,test
test,394681,test
test,394710,test
test,394793,test
test,394925,test
test,395307,test
test,395628,test
test,395743,test
test,395803,test
test,395886,test
test,396009,test
test,396017,test
test,396079,test
test,396098,test
test,396169,test
test,396178,test
test,396195,test
test,396307,test
test,396319,test
test,396545,test
test,396563,test
test,396627,test
test,396940,test
test,396974,test
test,397101,test
test,397171,test
test,397262,test
test,397273,test
test,397394,test
test,397429,test
test,397592,test
test,397596,test
test,397653,test
test,397818,test
test,397862,test
test,398032,test
test,398094,test
test,398187,test
test,398208,test
test,398240,test
test,398265,test
test,398298,test
test,398317,test
test,398343,test
test,398358,test
test,398417,test
test,398460,test
test,398509,test
test,398528,test
test,398736,test
test,398739,test
test,398807,test
test,398934,test
test,399004,test
test,399006,test
test,399022,test
test,399053,test
test,399096,test
test,399252,test
test,399282,test
test,399294,test
test,399322,test
test,399371,test
test,399389,test
test,399638,test
test,399752,test
test,399816,test
test,399831,test
test,399879,test
test,399961,test
test,399988,test
